timestamp,device_id,speed,v1,v3,bearing_temp,oil_pressure,current
2026-09-17T11:21:16+08:00,FJ-01,1479,2.1,1.9,55.8,0.24,214.8
2026-09-17T11:22:16+08:00,FJ-01,1479,2.1,1.9,55.5,0.24,216.9
2026-09-17T11:23:16+08:00,FJ-01,1480,2.2,1.9,55.1,0.24,217.1
2026-09-17T11:24:16+08:00,FJ-01,1479,2.1,2.0,54.9,0.24,216.4
2026-09-17T11:25:16+08:00,FJ-01,1480,2.1,2.0,55.6,0.24,215.1
2026-09-17T11:26:16+08:00,FJ-01,1479,2.1,1.9,55.3,0.24,216.7
2026-09-17T11:27:16+08:00,FJ-01,1480,2.1,2.0,55.1,0.24,215.8
2026-09-17T11:28:16+08:00,FJ-01,1479,2.2,2.0,55.6,0.24,216.4
2026-09-17T11:29:16+08:00,FJ-01,1479,2.1,1.9,55.7,0.24,217.9
2026-09-17T11:30:16+08:00,FJ-01,1478,2.1,2.0,56.1,0.24,216.7
2026-09-17T11:31:16+08:00,FJ-01,1480,2.1,1.9,55.3,0.24,214.9
2026-09-17T11:32:16+08:00,FJ-01,1479,2.2,1.9,55.8,0.24,217.9
2026-09-17T11:33:16+08:00,FJ-01,1480,2.1,1.9,55.2,0.24,215.6
2026-09-17T11:34:16+08:00,FJ-01,1479,2.2,1.9,55.4,0.23,215.2
2026-09-17T11:35:16+08:00,FJ-01,1479,2.2,2.0,55.5,0.24,216.2
2026-09-17T11:36:16+08:00,FJ-01,1480,2.2,2.0,55.1,0.24,216.3
2026-09-17T11:37:16+08:00,FJ-01,1480,2.1,2.0,55.4,0.24,216.1
2026-09-17T11:38:16+08:00,FJ-01,1479,2.1,1.9,56.1,0.24,216.6
2026-09-17T11:39:16+08:00,FJ-01,1477,2.2,2.0,55.3,0.24,216.0
2026-09-17T11:40:16+08:00,FJ-01,1480,2.1,1.9,56.1,0.24,215.7
2026-09-17T11:41:16+08:00,FJ-01,1479,2.1,2.0,55.0,0.24,216.0
2026-09-17T11:42:16+08:00,FJ-01,1481,2.2,2.0,55.0,0.24,216.3
2026-09-17T11:43:16+08:00,FJ-01,1480,2.1,2.0,55.7,0.24,216.6
2026-09-17T11:44:16+08:00,FJ-01,1479,2.1,1.9,55.6,0.24,217.6
2026-09-17T11:45:16+08:00,FJ-01,1479,2.2,1.9,55.4,0.24,216.7
2026-09-17T11:46:16+08:00,FJ-01,1480,2.1,1.9,55.7,0.24,216.4
2026-09-17T11:47:16+08:00,FJ-01,1478,2.2,2.0,55.8,0.24,216.5
2026-09-17T11:48:16+08:00,FJ-01,1479,2.2,2.0,55.4,0.24,217.2
2026-09-17T11:49:16+08:00,FJ-01,1479,2.2,2.0,55.3,0.23,216.3
2026-09-17T11:50:16+08:00,FJ-01,1479,2.1,2.0,55.8,0.24,216.5
2026-09-17T11:51:16+08:00,FJ-01,1479,2.1,2.0,55.5,0.24,216.5
2026-09-17T11:52:16+08:00,FJ-01,1479,2.1,2.0,55.9,0.24,216.3
2026-09-17T11:53:16+08:00,FJ-01,1479,2.2,1.9,55.8,0.24,216.0
2026-09-17T11:54:16+08:00,FJ-01,1481,2.2,2.0,55.3,0.24,215.7
2026-09-17T11:55:16+08:00,FJ-01,1478,2.2,1.9,55.6,0.23,217.6
2026-09-17T11:56:16+08:00,FJ-01,1479,2.2,1.9,55.6,0.25,215.4
2026-09-17T11:57:16+08:00,FJ-01,1478,2.1,2.0,55.8,0.24,215.8
2026-09-17T11:58:16+08:00,FJ-01,1478,2.1,2.0,55.7,0.23,216.0
2026-09-17T11:59:16+08:00,FJ-01,1480,2.2,2.0,55.6,0.24,215.4
2026-09-17T12:00:16+08:00,FJ-01,1479,2.2,2.0,55.3,0.24,215.4
2026-09-17T12:01:16+08:00,FJ-01,1478,2.2,1.9,55.4,0.24,217.3
2026-09-17T12:02:16+08:00,FJ-01,1479,2.2,1.9,55.2,0.24,217.3
2026-09-17T12:03:16+08:00,FJ-01,1480,2.2,2.1,55.5,0.24,216.3
2026-09-17T12:04:16+08:00,FJ-01,1479,2.2,2.0,55.0,0.24,216.4
2026-09-17T12:05:16+08:00,FJ-01,1480,2.1,1.9,54.8,0.24,216.0
2026-09-17T12:06:16+08:00,FJ-01,1479,2.1,1.9,54.7,0.24,216.4
2026-09-17T12:07:16+08:00,FJ-01,1480,2.2,1.9,56.1,0.24,215.5
2026-09-17T12:08:16+08:00,FJ-01,1479,2.1,1.9,55.6,0.24,215.8
2026-09-17T12:09:16+08:00,FJ-01,1478,2.2,2.0,55.5,0.24,215.6
2026-09-17T12:10:16+08:00,FJ-01,1479,2.1,1.9,55.6,0.25,216.8
2026-09-17T12:11:16+08:00,FJ-01,1480,2.1,2.0,55.1,0.24,216.4
2026-09-17T12:12:16+08:00,FJ-01,1478,2.2,2.0,54.8,0.24,215.7
2026-09-17T12:13:16+08:00,FJ-01,1479,2.2,2.0,54.7,0.24,216.7
2026-09-17T12:14:16+08:00,FJ-01,1480,2.2,2.0,54.7,0.24,214.5
2026-09-17T12:15:16+08:00,FJ-01,1480,2.2,1.9,56.3,0.24,214.6
2026-09-17T12:16:16+08:00,FJ-01,1479,2.1,2.0,55.3,0.24,214.9
2026-09-17T12:17:16+08:00,FJ-01,1479,2.2,1.9,55.6,0.24,215.5
2026-09-17T12:18:16+08:00,FJ-01,1480,2.2,1.9,56.2,0.24,215.9
2026-09-17T12:19:16+08:00,FJ-01,1479,2.1,2.0,55.5,0.24,215.9
2026-09-17T12:20:16+08:00,FJ-01,1480,2.1,2.0,55.5,0.24,216.6
2026-09-17T12:21:16+08:00,FJ-01,1479,2.1,1.9,55.2,0.24,216.8
2026-09-17T12:22:16+08:00,FJ-01,1479,2.2,2.0,55.5,0.24,215.8
2026-09-17T12:23:16+08:00,FJ-01,1479,2.1,1.9,55.7,0.24,215.5
2026-09-17T12:24:16+08:00,FJ-01,1478,2.2,1.9,55.2,0.24,216.9
2026-09-17T12:25:16+08:00,FJ-01,1478,2.2,2.0,55.8,0.24,215.6
2026-09-17T12:26:16+08:00,FJ-01,1480,2.1,1.9,56.0,0.24,216.1
2026-09-17T12:27:16+08:00,FJ-01,1478,2.2,1.9,55.2,0.24,216.3
2026-09-17T12:28:16+08:00,FJ-01,1477,2.2,2.0,55.3,0.24,216.6
2026-09-17T12:29:16+08:00,FJ-01,1479,2.1,2.0,54.9,0.24,215.6
2026-09-17T12:30:16+08:00,FJ-01,1479,2.2,2.0,56.0,0.24,215.8
2026-09-17T12:31:16+08:00,FJ-01,1478,2.2,2.0,56.1,0.24,216.1
2026-09-17T12:32:16+08:00,FJ-01,1479,2.2,2.0,54.9,0.24,216.6
2026-09-17T12:33:16+08:00,FJ-01,1480,2.2,1.9,55.5,0.24,217.7
2026-09-17T12:34:16+08:00,FJ-01,1478,2.2,1.9,54.5,0.23,215.0
2026-09-17T12:35:16+08:00,FJ-01,1480,2.1,1.9,55.1,0.24,215.2
2026-09-17T12:36:16+08:00,FJ-01,1480,2.1,1.9,55.6,0.24,217.2
2026-09-17T12:37:16+08:00,FJ-01,1479,2.1,1.9,55.3,0.24,216.4
2026-09-17T12:38:16+08:00,FJ-01,1479,2.2,1.9,55.5,0.24,217.3
2026-09-17T12:39:16+08:00,FJ-01,1479,2.1,1.9,55.8,0.24,216.4
2026-09-17T12:40:16+08:00,FJ-01,1478,2.2,1.9,55.2,0.24,215.0
2026-09-17T12:41:16+08:00,FJ-01,1479,2.2,1.9,56.1,0.24,214.5
2026-09-17T12:42:16+08:00,FJ-01,1478,2.2,1.9,55.4,0.24,216.7
2026-09-17T12:43:16+08:00,FJ-01,1479,2.2,1.9,56.1,0.24,216.4
2026-09-17T12:44:16+08:00,FJ-01,1479,2.2,1.9,55.5,0.24,216.8
2026-09-17T12:45:16+08:00,FJ-01,1480,2.2,2.0,55.9,0.24,216.4
2026-09-17T12:46:16+08:00,FJ-01,1479,2.2,2.0,55.2,0.24,214.6
2026-09-17T12:47:16+08:00,FJ-01,1479,2.2,2.0,55.6,0.24,216.1
2026-09-17T12:48:16+08:00,FJ-01,1478,2.1,1.9,55.0,0.24,216.0
2026-09-17T12:49:16+08:00,FJ-01,1479,2.2,2.0,56.0,0.24,215.9
2026-09-17T12:50:16+08:00,FJ-01,1479,2.1,2.0,56.0,0.24,215.7
2026-09-17T12:51:16+08:00,FJ-01,1480,2.1,2.0,55.6,0.24,217.2
2026-09-17T12:52:16+08:00,FJ-01,1480,2.1,2.0,55.4,0.24,215.1
2026-09-17T12:53:16+08:00,FJ-01,1480,2.2,2.0,55.1,0.25,217.7
2026-09-17T12:54:16+08:00,FJ-01,1479,2.1,1.9,55.7,0.24,216.1
2026-09-17T12:55:16+08:00,FJ-01,1480,2.1,2.0,56.2,0.24,215.0
2026-09-17T12:56:16+08:00,FJ-01,1479,2.1,1.9,54.5,0.24,217.6
2026-09-17T12:57:16+08:00,FJ-01,1478,2.1,1.9,55.8,0.24,217.7
2026-09-17T12:58:16+08:00,FJ-01,1479,2.1,2.0,55.4,0.24,216.4
2026-09-17T12:59:16+08:00,FJ-01,1479,2.2,2.0,55.4,0.24,217.5
2026-09-17T13:00:16+08:00,FJ-01,1478,2.2,1.9,55.3,0.25,216.3
2026-09-17T13:01:16+08:00,FJ-01,1480,2.2,1.9,55.6,0.24,215.1
2026-09-17T13:02:16+08:00,FJ-01,1478,2.2,2.0,55.7,0.24,215.5
2026-09-17T13:03:16+08:00,FJ-01,1478,2.1,1.9,55.5,0.24,215.4
2026-09-17T13:04:16+08:00,FJ-01,1479,2.1,2.0,55.8,0.24,216.5
2026-09-17T13:05:16+08:00,FJ-01,1478,2.1,2.0,55.8,0.24,216.3
2026-09-17T13:06:16+08:00,FJ-01,1480,2.1,2.0,55.7,0.24,216.7
2026-09-17T13:07:16+08:00,FJ-01,1479,2.2,1.9,55.5,0.24,216.0
2026-09-17T13:08:16+08:00,FJ-01,1479,2.1,2.0,55.2,0.24,215.4
2026-09-17T13:09:16+08:00,FJ-01,1478,2.2,2.0,55.7,0.24,215.8
2026-09-17T13:10:16+08:00,FJ-01,1479,2.1,2.0,55.8,0.24,216.3
2026-09-17T13:11:16+08:00,FJ-01,1478,2.1,2.0,55.6,0.24,215.1
2026-09-17T13:12:16+08:00,FJ-01,1479,2.1,1.9,55.5,0.23,216.7
2026-09-17T13:13:16+08:00,FJ-01,1480,2.2,1.9,55.2,0.24,214.2
2026-09-17T13:14:16+08:00,FJ-01,1479,2.2,1.9,55.4,0.24,216.4
2026-09-17T13:15:16+08:00,FJ-01,1480,2.2,1.9,55.4,0.24,217.4
2026-09-17T13:16:16+08:00,FJ-01,1479,2.1,1.9,54.7,0.24,215.1
2026-09-17T13:17:16+08:00,FJ-01,1478,2.1,1.9,55.8,0.24,214.8
2026-09-17T13:18:16+08:00,FJ-01,1479,2.1,2.0,55.9,0.24,215.1
2026-09-17T13:19:16+08:00,FJ-01,1479,2.2,1.9,55.0,0.24,215.8
2026-09-17T13:20:16+08:00,FJ-01,1479,2.2,2.0,55.7,0.24,216.7
2026-09-17T13:21:16+08:00,FJ-01,1481,2.2,2.0,55.1,0.25,215.2
2026-09-17T13:22:16+08:00,FJ-01,1479,2.1,2.0,55.7,0.24,216.4
2026-09-17T13:23:16+08:00,FJ-01,1479,2.1,1.9,55.3,0.24,216.2
2026-09-17T13:24:16+08:00,FJ-01,1479,2.2,1.9,54.9,0.24,217.2
2026-09-17T13:25:16+08:00,FJ-01,1479,2.2,2.0,55.1,0.24,216.4
2026-09-17T13:26:16+08:00,FJ-01,1478,2.2,1.9,55.8,0.24,216.1
2026-09-17T13:27:16+08:00,FJ-01,1478,2.1,2.0,55.9,0.24,215.1
2026-09-17T13:28:16+08:00,FJ-01,1479,2.1,1.9,55.3,0.24,216.6
2026-09-17T13:29:16+08:00,FJ-01,1481,2.2,1.9,55.4,0.24,217.0
2026-09-17T13:30:16+08:00,FJ-01,1479,2.2,2.0,55.5,0.24,216.3
2026-09-17T13:31:16+08:00,FJ-01,1480,2.1,1.9,55.1,0.24,217.7
2026-09-17T13:32:16+08:00,FJ-01,1480,2.2,1.9,55.5,0.24,215.7
2026-09-17T13:33:16+08:00,FJ-01,1480,2.1,1.9,56.3,0.23,217.1
2026-09-17T13:34:16+08:00,FJ-01,1478,2.2,2.0,55.9,0.23,214.7
2026-09-17T13:35:16+08:00,FJ-01,1479,2.2,1.9,55.5,0.24,215.9
2026-09-17T13:36:16+08:00,FJ-01,1478,2.2,2.0,56.2,0.24,215.9
2026-09-17T13:37:16+08:00,FJ-01,1479,2.1,2.0,55.0,0.24,215.5
2026-09-17T13:38:16+08:00,FJ-01,1478,2.1,2.0,55.5,0.24,216.4
2026-09-17T13:39:16+08:00,FJ-01,1478,2.1,2.0,55.3,0.24,216.0
2026-09-17T13:40:16+08:00,FJ-01,1479,2.1,1.9,55.4,0.23,216.6
2026-09-17T13:41:16+08:00,FJ-01,1478,2.2,1.9,54.9,0.24,214.9
2026-09-17T13:42:16+08:00,FJ-01,1479,2.2,1.9,54.9,0.24,216.0
2026-09-17T13:43:16+08:00,FJ-01,1480,2.2,2.1,54.9,0.24,215.3
2026-09-17T13:44:16+08:00,FJ-01,1480,2.2,2.0,55.3,0.24,214.6
2026-09-17T13:45:16+08:00,FJ-01,1480,2.2,1.9,56.0,0.24,217.0
2026-09-17T13:46:16+08:00,FJ-01,1478,2.1,2.0,55.7,0.24,215.4
2026-09-17T13:47:16+08:00,FJ-01,1479,2.2,2.0,55.9,0.24,216.8
2026-09-17T13:48:16+08:00,FJ-01,1481,2.2,2.0,55.2,0.24,216.9
2026-09-17T13:49:16+08:00,FJ-01,1478,2.2,1.9,55.3,0.24,217.8
2026-09-17T13:50:16+08:00,FJ-01,1479,2.2,1.9,55.6,0.24,215.8
2026-09-17T13:51:16+08:00,FJ-01,1480,2.2,2.0,55.5,0.24,217.2
2026-09-17T13:52:16+08:00,FJ-01,1479,2.1,2.0,55.8,0.23,216.2
2026-09-17T13:53:16+08:00,FJ-01,1479,2.2,1.9,55.4,0.24,215.4
2026-09-17T13:54:16+08:00,FJ-01,1479,2.1,1.9,54.9,0.24,215.0
2026-09-17T13:55:16+08:00,FJ-01,1479,2.1,1.9,55.8,0.24,215.9
2026-09-17T13:56:16+08:00,FJ-01,1479,2.2,2.0,55.8,0.23,215.7
2026-09-17T13:57:16+08:00,FJ-01,1477,2.1,2.0,55.3,0.24,215.4
2026-09-17T13:58:16+08:00,FJ-01,1480,2.1,1.9,55.8,0.24,216.1
2026-09-17T13:59:16+08:00,FJ-01,1481,2.1,1.9,54.5,0.25,215.9
2026-09-17T14:00:16+08:00,FJ-01,1478,2.2,2.0,55.6,0.24,216.6
2026-09-17T14:01:16+08:00,FJ-01,1479,2.1,2.0,54.7,0.24,216.6
2026-09-17T14:02:16+08:00,FJ-01,1481,2.2,1.9,55.3,0.24,216.5
2026-09-17T14:03:16+08:00,FJ-01,1480,2.1,1.9,56.0,0.25,217.7
2026-09-17T14:04:16+08:00,FJ-01,1479,2.2,2.0,56.1,0.24,216.9
2026-09-17T14:05:16+08:00,FJ-01,1478,2.1,2.0,55.5,0.24,215.8
2026-09-17T14:06:16+08:00,FJ-01,1479,2.2,1.9,55.6,0.24,216.2
2026-09-17T14:07:16+08:00,FJ-01,1478,2.2,2.0,55.4,0.24,216.9
2026-09-17T14:08:16+08:00,FJ-01,1477,2.1,1.9,55.9,0.24,216.6
2026-09-17T14:09:16+08:00,FJ-01,1480,2.1,1.9,55.1,0.24,216.1
2026-09-17T14:10:16+08:00,FJ-01,1479,2.1,2.0,56.0,0.25,216.8
2026-09-17T14:11:16+08:00,FJ-01,1479,2.2,2.0,55.3,0.24,217.6
2026-09-17T14:12:16+08:00,FJ-01,1481,2.2,2.0,55.8,0.24,216.7
2026-09-17T14:13:16+08:00,FJ-01,1479,2.2,2.0,55.7,0.24,216.9
2026-09-17T14:14:16+08:00,FJ-01,1479,2.2,2.0,55.1,0.24,215.3
2026-09-17T14:15:16+08:00,FJ-01,1479,2.1,2.0,55.9,0.24,216.2
2026-09-17T14:16:16+08:00,FJ-01,1479,2.1,1.9,55.5,0.24,216.2
2026-09-17T14:17:16+08:00,FJ-01,1478,2.2,1.9,55.2,0.24,216.1
2026-09-17T14:18:16+08:00,FJ-01,1480,2.2,2.0,55.7,0.24,215.5
2026-09-17T14:19:16+08:00,FJ-01,1478,2.3,1.9,55.5,0.24,216.0
2026-09-17T14:20:16+08:00,FJ-01,1479,2.1,1.9,55.0,0.24,215.7
2026-09-17T14:21:16+08:00,FJ-01,1479,2.2,1.9,56.0,0.24,216.4
2026-09-17T14:22:16+08:00,FJ-01,1478,2.2,1.9,55.8,0.24,216.1
2026-09-17T14:23:16+08:00,FJ-01,1479,2.1,2.0,56.0,0.24,215.3
2026-09-17T14:24:16+08:00,FJ-01,1478,2.1,2.0,55.8,0.24,217.2
2026-09-17T14:25:16+08:00,FJ-01,1479,2.1,1.9,54.6,0.24,215.8
2026-09-17T14:26:16+08:00,FJ-01,1479,2.1,1.9,55.4,0.24,217.2
2026-09-17T14:27:16+08:00,FJ-01,1478,2.2,1.9,55.3,0.25,214.5
2026-09-17T14:28:16+08:00,FJ-01,1480,2.1,2.0,55.5,0.25,215.6
2026-09-17T14:29:16+08:00,FJ-01,1479,2.2,2.0,55.3,0.24,216.3
2026-09-17T14:30:16+08:00,FJ-01,1480,2.1,1.9,55.7,0.24,216.1
2026-09-17T14:31:16+08:00,FJ-01,1479,2.1,1.9,55.8,0.24,217.2
2026-09-17T14:32:16+08:00,FJ-01,1479,2.1,2.0,55.7,0.24,217.2
2026-09-17T14:33:16+08:00,FJ-01,1479,2.1,1.9,55.2,0.24,216.5
2026-09-17T14:34:16+08:00,FJ-01,1479,2.1,1.9,55.8,0.24,215.4
2026-09-17T14:35:16+08:00,FJ-01,1479,2.2,1.9,55.9,0.24,216.3
2026-09-17T14:36:16+08:00,FJ-01,1479,2.2,2.0,56.0,0.25,216.3
2026-09-17T14:37:16+08:00,FJ-01,1479,2.2,1.9,55.2,0.24,215.0
2026-09-17T14:38:16+08:00,FJ-01,1481,2.2,2.0,55.6,0.25,215.5
2026-09-17T14:39:16+08:00,FJ-01,1478,2.1,2.0,55.2,0.24,216.4
2026-09-17T14:40:16+08:00,FJ-01,1478,2.2,1.9,55.1,0.24,216.1
2026-09-17T14:41:16+08:00,FJ-01,1479,2.1,1.9,55.4,0.24,216.7
2026-09-17T14:42:16+08:00,FJ-01,1479,2.2,2.0,56.0,0.24,216.9
2026-09-17T14:43:16+08:00,FJ-01,1480,2.1,2.0,54.9,0.24,215.7
2026-09-17T14:44:16+08:00,FJ-01,1479,2.2,1.9,55.2,0.24,215.9
2026-09-17T14:45:16+08:00,FJ-01,1479,2.1,2.0,54.9,0.23,216.9
2026-09-17T14:46:16+08:00,FJ-01,1478,2.1,1.9,55.1,0.24,216.0
2026-09-17T14:47:16+08:00,FJ-01,1480,2.2,2.0,55.9,0.24,216.6
2026-09-17T14:48:16+08:00,FJ-01,1479,2.2,2.0,55.9,0.25,217.0
2026-09-17T14:49:16+08:00,FJ-01,1480,2.1,1.9,55.6,0.24,215.8
2026-09-17T14:50:16+08:00,FJ-01,1480,2.1,2.0,55.1,0.24,217.1
2026-09-17T14:51:16+08:00,FJ-01,1479,2.2,2.0,56.1,0.24,217.3
2026-09-17T14:52:16+08:00,FJ-01,1479,2.2,2.0,56.1,0.24,216.7
2026-09-17T14:53:16+08:00,FJ-01,1480,2.2,2.0,56.0,0.24,217.2
2026-09-17T14:54:16+08:00,FJ-01,1479,2.1,2.0,55.7,0.24,215.7
2026-09-17T14:55:16+08:00,FJ-01,1479,2.1,2.0,55.2,0.24,217.2
2026-09-17T14:56:16+08:00,FJ-01,1480,2.2,2.0,55.5,0.24,217.0
2026-09-17T14:57:16+08:00,FJ-01,1480,2.2,1.9,56.1,0.24,215.2
2026-09-17T14:58:16+08:00,FJ-01,1480,2.1,1.9,55.2,0.24,215.6
2026-09-17T14:59:16+08:00,FJ-01,1479,2.2,2.0,55.9,0.24,216.0
2026-09-17T15:00:16+08:00,FJ-01,1479,2.2,2.0,56.0,0.24,217.1
2026-09-17T15:01:16+08:00,FJ-01,1480,2.1,2.0,55.7,0.24,215.9
2026-09-17T15:02:16+08:00,FJ-01,1479,2.2,2.0,55.0,0.24,215.9
2026-09-17T15:03:16+08:00,FJ-01,1478,2.2,2.0,55.4,0.24,216.5
2026-09-17T15:04:16+08:00,FJ-01,1479,2.1,1.9,55.6,0.24,215.5
2026-09-17T15:05:16+08:00,FJ-01,1479,2.1,2.1,55.3,0.24,216.5
2026-09-17T15:06:16+08:00,FJ-01,1478,2.2,2.0,55.5,0.24,215.9
2026-09-17T15:07:16+08:00,FJ-01,1479,2.2,2.0,55.3,0.25,217.2
2026-09-17T15:08:16+08:00,FJ-01,1479,2.1,2.0,55.3,0.24,216.1
2026-09-17T15:09:16+08:00,FJ-01,1477,2.2,2.0,56.1,0.24,216.5
2026-09-17T15:10:16+08:00,FJ-01,1480,2.2,2.0,56.9,0.24,216.5
2026-09-17T15:11:16+08:00,FJ-01,1480,2.1,1.9,55.1,0.24,216.8
2026-09-17T15:12:16+08:00,FJ-01,1480,2.1,2.0,56.1,0.24,216.3
2026-09-17T15:13:16+08:00,FJ-01,1480,2.2,2.0,55.2,0.24,215.4
2026-09-17T15:14:16+08:00,FJ-01,1480,2.2,2.0,55.8,0.24,217.0
2026-09-17T15:15:16+08:00,FJ-01,1479,2.2,2.0,55.3,0.24,216.4
2026-09-17T15:16:16+08:00,FJ-01,1479,2.2,1.9,55.9,0.24,217.2
2026-09-17T15:17:16+08:00,FJ-01,1479,2.2,2.0,55.6,0.24,216.2
2026-09-17T15:18:16+08:00,FJ-01,1480,2.2,1.9,55.9,0.23,214.6
2026-09-17T15:19:16+08:00,FJ-01,1479,2.2,2.0,55.3,0.24,215.2
2026-09-17T15:20:16+08:00,FJ-01,1479,2.1,2.0,55.7,0.24,215.9
2026-09-17T15:21:16+08:00,FJ-01,1480,2.2,1.9,55.8,0.24,215.3
2026-09-17T15:22:16+08:00,FJ-01,1480,2.2,1.9,55.7,0.24,216.5
2026-09-17T15:23:16+08:00,FJ-01,1481,2.2,1.9,55.5,0.24,216.2
2026-09-17T15:24:16+08:00,FJ-01,1479,2.1,1.9,56.2,0.24,215.8
2026-09-17T15:25:16+08:00,FJ-01,1480,2.2,2.0,55.2,0.24,215.9
2026-09-17T15:26:16+08:00,FJ-01,1480,2.2,1.9,55.7,0.24,216.2
2026-09-17T15:27:16+08:00,FJ-01,1479,2.2,1.9,55.2,0.24,216.1
2026-09-17T15:28:16+08:00,FJ-01,1480,2.2,1.9,56.2,0.24,216.9
2026-09-17T15:29:16+08:00,FJ-01,1479,2.2,2.0,55.4,0.24,216.3
2026-09-17T15:30:16+08:00,FJ-01,1481,2.2,2.0,55.9,0.24,217.4
2026-09-17T15:31:16+08:00,FJ-01,1478,2.1,2.0,56.1,0.24,216.1
2026-09-17T15:32:16+08:00,FJ-01,1480,2.2,1.9,55.9,0.24,215.9
2026-09-17T15:33:16+08:00,FJ-01,1478,2.1,1.9,56.1,0.24,215.9
2026-09-17T15:34:16+08:00,FJ-01,1478,2.2,2.0,55.8,0.24,215.4
2026-09-17T15:35:16+08:00,FJ-01,1478,2.2,2.0,56.0,0.23,217.2
2026-09-17T15:36:16+08:00,FJ-01,1479,2.2,1.9,55.7,0.24,215.7
2026-09-17T15:37:16+08:00,FJ-01,1480,2.1,2.0,56.0,0.24,215.8
2026-09-17T15:38:16+08:00,FJ-01,1479,2.2,1.9,55.4,0.24,215.3
2026-09-17T15:39:16+08:00,FJ-01,1480,2.1,2.0,55.2,0.24,216.7
2026-09-17T15:40:16+08:00,FJ-01,1480,2.2,2.0,55.7,0.24,217.4
2026-09-17T15:41:16+08:00,FJ-01,1478,2.1,2.0,55.8,0.25,216.4
2026-09-17T15:42:16+08:00,FJ-01,1478,2.2,2.0,55.5,0.24,216.2
2026-09-17T15:43:16+08:00,FJ-01,1478,2.2,1.9,56.3,0.24,215.2
2026-09-17T15:44:16+08:00,FJ-01,1480,2.2,1.9,56.0,0.24,216.5
2026-09-17T15:45:16+08:00,FJ-01,1479,2.2,1.9,56.2,0.24,217.9
2026-09-17T15:46:16+08:00,FJ-01,1480,2.1,2.0,56.2,0.24,216.2
2026-09-17T15:47:16+08:00,FJ-01,1479,2.2,1.9,55.7,0.24,216.2
2026-09-17T15:48:16+08:00,FJ-01,1478,2.1,1.9,55.2,0.24,215.8
2026-09-17T15:49:16+08:00,FJ-01,1479,2.2,1.9,55.2,0.24,215.3
2026-09-17T15:50:16+08:00,FJ-01,1478,2.2,1.9,55.7,0.24,218.3
2026-09-17T15:51:16+08:00,FJ-01,1478,2.2,2.0,55.3,0.24,216.5
2026-09-17T15:52:16+08:00,FJ-01,1478,2.2,2.0,56.2,0.24,217.6
2026-09-17T15:53:16+08:00,FJ-01,1479,2.1,2.0,55.6,0.24,217.1
2026-09-17T15:54:16+08:00,FJ-01,1479,2.2,2.0,56.0,0.24,216.8
2026-09-17T15:55:16+08:00,FJ-01,1478,2.2,2.0,56.5,0.24,217.0
2026-09-17T15:56:16+08:00,FJ-01,1479,2.2,2.0,55.2,0.24,216.3
2026-09-17T15:57:16+08:00,FJ-01,1479,2.2,2.0,55.5,0.24,216.3
2026-09-17T15:58:16+08:00,FJ-01,1479,2.2,1.9,55.7,0.24,215.6
2026-09-17T15:59:16+08:00,FJ-01,1478,2.2,1.9,56.0,0.24,215.0
2026-09-17T16:00:16+08:00,FJ-01,1479,2.2,1.9,55.5,0.24,216.3
2026-09-17T16:01:16+08:00,FJ-01,1478,2.2,1.9,56.8,0.24,216.0
2026-09-17T16:02:16+08:00,FJ-01,1480,2.2,2.0,55.3,0.25,215.9
2026-09-17T16:03:16+08:00,FJ-01,1479,2.2,2.0,55.7,0.24,216.9
2026-09-17T16:04:16+08:00,FJ-01,1478,2.2,1.9,55.4,0.24,217.4
2026-09-17T16:05:16+08:00,FJ-01,1480,2.3,2.0,55.3,0.24,217.7
2026-09-17T16:06:16+08:00,FJ-01,1478,2.2,1.9,56.4,0.24,217.3
2026-09-17T16:07:16+08:00,FJ-01,1480,2.2,2.0,55.1,0.24,216.2
2026-09-17T16:08:16+08:00,FJ-01,1477,2.2,2.0,55.0,0.24,215.8
2026-09-17T16:09:16+08:00,FJ-01,1479,2.2,1.9,55.3,0.24,216.0
2026-09-17T16:10:16+08:00,FJ-01,1479,2.2,2.0,55.6,0.24,216.5
2026-09-17T16:11:16+08:00,FJ-01,1480,2.2,1.9,56.0,0.25,215.6
2026-09-17T16:12:16+08:00,FJ-01,1479,2.2,2.0,55.9,0.24,217.5
2026-09-17T16:13:16+08:00,FJ-01,1478,2.2,2.0,56.5,0.24,217.0
2026-09-17T16:14:16+08:00,FJ-01,1479,2.1,1.9,55.2,0.24,216.1
2026-09-17T16:15:16+08:00,FJ-01,1479,2.2,2.0,56.7,0.24,217.0
2026-09-17T16:16:16+08:00,FJ-01,1479,2.2,2.0,56.0,0.25,215.8
2026-09-17T16:17:16+08:00,FJ-01,1479,2.2,2.0,55.3,0.25,216.2
2026-09-17T16:18:16+08:00,FJ-01,1481,2.1,2.0,56.0,0.24,215.7
2026-09-17T16:19:16+08:00,FJ-01,1479,2.2,1.9,55.7,0.23,216.0
2026-09-17T16:20:16+08:00,FJ-01,1479,2.1,1.9,55.3,0.24,217.6
2026-09-17T16:21:16+08:00,FJ-01,1478,2.2,2.0,55.8,0.24,216.1
2026-09-17T16:22:16+08:00,FJ-01,1479,2.2,1.9,55.4,0.23,217.5
2026-09-17T16:23:16+08:00,FJ-01,1480,2.1,2.0,56.7,0.24,217.5
2026-09-17T16:24:16+08:00,FJ-01,1479,2.2,1.9,55.5,0.24,214.6
2026-09-17T16:25:16+08:00,FJ-01,1480,2.2,2.0,55.5,0.25,215.1
2026-09-17T16:26:16+08:00,FJ-01,1478,2.2,2.1,55.3,0.25,215.7
2026-09-17T16:27:16+08:00,FJ-01,1480,2.2,2.0,56.4,0.24,218.8
2026-09-17T16:28:16+08:00,FJ-01,1478,2.2,2.0,55.4,0.24,216.5
2026-09-17T16:29:16+08:00,FJ-01,1480,2.2,1.9,55.8,0.24,217.6
2026-09-17T16:30:16+08:00,FJ-01,1479,2.1,2.0,55.4,0.24,215.1
2026-09-17T16:31:16+08:00,FJ-01,1480,2.1,2.0,56.0,0.24,216.8
2026-09-17T16:32:16+08:00,FJ-01,1479,2.2,2.0,56.0,0.24,214.4
2026-09-17T16:33:16+08:00,FJ-01,1479,2.2,2.0,55.7,0.24,216.2
2026-09-17T16:34:16+08:00,FJ-01,1480,2.2,1.9,55.9,0.24,215.7
2026-09-17T16:35:16+08:00,FJ-01,1479,2.2,2.0,55.5,0.24,216.1
2026-09-17T16:36:16+08:00,FJ-01,1479,2.2,2.0,55.1,0.24,216.9
2026-09-17T16:37:16+08:00,FJ-01,1478,2.2,2.0,55.4,0.24,217.8
2026-09-17T16:38:16+08:00,FJ-01,1479,2.2,1.9,55.9,0.24,216.9
2026-09-17T16:39:16+08:00,FJ-01,1480,2.2,1.9,55.7,0.24,217.0
2026-09-17T16:40:16+08:00,FJ-01,1479,2.2,2.0,56.2,0.24,217.0
2026-09-17T16:41:16+08:00,FJ-01,1479,2.1,1.9,55.6,0.24,216.8
2026-09-17T16:42:16+08:00,FJ-01,1480,2.1,1.9,56.1,0.24,215.4
2026-09-17T16:43:16+08:00,FJ-01,1480,2.2,2.1,56.2,0.24,216.3
2026-09-17T16:44:16+08:00,FJ-01,1479,2.2,1.9,56.1,0.24,214.2
2026-09-17T16:45:16+08:00,FJ-01,1479,2.1,2.0,55.7,0.25,215.2
2026-09-17T16:46:16+08:00,FJ-01,1478,2.2,1.9,55.3,0.24,215.8
2026-09-17T16:47:16+08:00,FJ-01,1480,2.2,1.9,55.6,0.24,216.5
2026-09-17T16:48:16+08:00,FJ-01,1480,2.2,1.9,55.2,0.24,216.2
2026-09-17T16:49:16+08:00,FJ-01,1479,2.2,2.0,56.6,0.24,216.1
2026-09-17T16:50:16+08:00,FJ-01,1479,2.1,2.0,54.9,0.24,216.5
2026-09-17T16:51:16+08:00,FJ-01,1479,2.2,1.9,55.3,0.25,216.9
2026-09-17T16:52:16+08:00,FJ-01,1479,2.2,2.0,56.5,0.24,216.8
2026-09-17T16:53:16+08:00,FJ-01,1479,2.2,2.0,55.3,0.24,215.8
2026-09-17T16:54:16+08:00,FJ-01,1479,2.2,2.0,56.2,0.24,217.1
2026-09-17T16:55:16+08:00,FJ-01,1481,2.2,2.0,55.1,0.24,215.9
2026-09-17T16:56:16+08:00,FJ-01,1477,2.2,2.0,55.5,0.24,215.8
2026-09-17T16:57:16+08:00,FJ-01,1479,2.2,1.9,56.2,0.24,216.7
2026-09-17T16:58:16+08:00,FJ-01,1479,2.2,2.0,54.9,0.23,215.7
2026-09-17T16:59:16+08:00,FJ-01,1479,2.2,2.0,56.0,0.24,215.0
2026-09-17T17:00:16+08:00,FJ-01,1479,2.2,2.0,55.4,0.24,217.7
2026-09-17T17:01:16+08:00,FJ-01,1478,2.1,2.0,56.3,0.24,215.5
2026-09-17T17:02:16+08:00,FJ-01,1478,2.2,1.9,56.6,0.25,216.7
2026-09-17T17:03:16+08:00,FJ-01,1480,2.2,2.0,55.7,0.24,217.6
2026-09-17T17:04:16+08:00,FJ-01,1480,2.2,1.9,55.5,0.24,217.1
2026-09-17T17:05:16+08:00,FJ-01,1479,2.2,1.9,55.7,0.25,217.8
2026-09-17T17:06:16+08:00,FJ-01,1478,2.2,2.0,55.5,0.24,217.0
2026-09-17T17:07:16+08:00,FJ-01,1479,2.2,2.0,56.6,0.24,216.1
2026-09-17T17:08:16+08:00,FJ-01,1480,2.2,1.9,56.2,0.24,216.5
2026-09-17T17:09:16+08:00,FJ-01,1479,2.1,2.0,54.8,0.24,215.8
2026-09-17T17:10:16+08:00,FJ-01,1480,2.2,2.0,56.3,0.23,216.6
2026-09-17T17:11:16+08:00,FJ-01,1478,2.2,2.0,55.7,0.24,214.9
2026-09-17T17:12:16+08:00,FJ-01,1478,2.1,1.9,56.1,0.24,217.7
2026-09-17T17:13:16+08:00,FJ-01,1480,2.2,1.9,56.1,0.24,215.5
2026-09-17T17:14:16+08:00,FJ-01,1478,2.2,2.0,55.7,0.24,216.6
2026-09-17T17:15:16+08:00,FJ-01,1479,2.3,2.0,55.8,0.24,215.2
2026-09-17T17:16:16+08:00,FJ-01,1479,2.2,2.0,55.8,0.24,217.4
2026-09-17T17:17:16+08:00,FJ-01,1479,2.1,1.9,55.9,0.24,217.1
2026-09-17T17:18:16+08:00,FJ-01,1480,2.2,1.9,55.0,0.24,215.2
2026-09-17T17:19:16+08:00,FJ-01,1479,2.2,1.9,56.1,0.24,216.5
2026-09-17T17:20:16+08:00,FJ-01,1480,2.2,1.9,56.0,0.24,215.9
2026-09-17T17:21:16+08:00,FJ-01,1480,2.2,2.0,55.8,0.25,215.3
2026-09-17T17:22:16+08:00,FJ-01,1479,2.2,2.0,56.1,0.24,215.9
2026-09-17T17:23:16+08:00,FJ-01,1481,2.2,1.9,56.6,0.24,215.8
2026-09-17T17:24:16+08:00,FJ-01,1479,2.1,2.0,55.8,0.24,218.0
2026-09-17T17:25:16+08:00,FJ-01,1478,2.2,1.9,56.3,0.25,218.3
2026-09-17T17:26:16+08:00,FJ-01,1479,2.1,2.0,55.7,0.24,217.1
2026-09-17T17:27:16+08:00,FJ-01,1478,2.2,2.0,55.6,0.24,216.3
2026-09-17T17:28:16+08:00,FJ-01,1479,2.3,1.9,55.7,0.24,216.2
2026-09-17T17:29:16+08:00,FJ-01,1479,2.1,2.0,56.0,0.24,215.3
2026-09-17T17:30:16+08:00,FJ-01,1480,2.2,2.0,55.2,0.24,215.8
2026-09-17T17:31:16+08:00,FJ-01,1479,2.2,2.0,56.1,0.24,216.9
2026-09-17T17:32:16+08:00,FJ-01,1480,2.2,1.9,55.6,0.24,216.6
2026-09-17T17:33:16+08:00,FJ-01,1480,2.2,2.0,56.1,0.24,217.3
2026-09-17T17:34:16+08:00,FJ-01,1481,2.2,2.1,55.1,0.24,216.3
2026-09-17T17:35:16+08:00,FJ-01,1479,2.2,2.0,56.2,0.24,216.9
2026-09-17T17:36:16+08:00,FJ-01,1478,2.2,2.0,55.9,0.24,217.6
2026-09-17T17:37:16+08:00,FJ-01,1479,2.2,2.0,55.9,0.24,216.3
2026-09-17T17:38:16+08:00,FJ-01,1478,2.1,2.0,56.0,0.24,215.1
2026-09-17T17:39:16+08:00,FJ-01,1480,2.2,1.9,56.6,0.24,217.2
2026-09-17T17:40:16+08:00,FJ-01,1481,2.2,2.0,56.3,0.24,216.6
2026-09-17T17:41:16+08:00,FJ-01,1479,2.2,2.0,55.4,0.24,217.2
2026-09-17T17:42:16+08:00,FJ-01,1478,2.1,2.0,55.3,0.24,216.3
2026-09-17T17:43:16+08:00,FJ-01,1479,2.1,2.0,56.3,0.24,215.2
2026-09-17T17:44:16+08:00,FJ-01,1478,2.2,2.0,55.5,0.24,215.5
2026-09-17T17:45:16+08:00,FJ-01,1479,2.2,2.0,55.7,0.24,217.1
2026-09-17T17:46:16+08:00,FJ-01,1480,2.1,1.9,55.5,0.24,217.8
2026-09-17T17:47:16+08:00,FJ-01,1478,2.2,2.0,56.1,0.24,215.9
2026-09-17T17:48:16+08:00,FJ-01,1479,2.2,2.0,55.7,0.24,217.3
2026-09-17T17:49:16+08:00,FJ-01,1480,2.2,2.0,55.7,0.24,216.5
2026-09-17T17:50:16+08:00,FJ-01,1478,2.2,1.9,55.9,0.24,215.5
2026-09-17T17:51:16+08:00,FJ-01,1478,2.2,2.0,55.8,0.23,217.6
2026-09-17T17:52:16+08:00,FJ-01,1481,2.2,2.0,56.0,0.24,216.7
2026-09-17T17:53:16+08:00,FJ-01,1478,2.2,1.9,56.0,0.24,217.2
2026-09-17T17:54:16+08:00,FJ-01,1479,2.2,2.0,55.3,0.24,216.1
2026-09-17T17:55:16+08:00,FJ-01,1480,2.2,2.0,55.9,0.23,215.8
2026-09-17T17:56:16+08:00,FJ-01,1479,2.2,2.0,56.3,0.24,216.6
2026-09-17T17:57:16+08:00,FJ-01,1479,2.2,1.9,55.5,0.24,216.0
2026-09-17T17:58:16+08:00,FJ-01,1479,2.1,2.0,55.8,0.24,216.2
2026-09-17T17:59:16+08:00,FJ-01,1479,2.2,2.0,56.5,0.24,216.4
2026-09-17T18:00:16+08:00,FJ-01,1478,2.1,1.9,55.5,0.24,215.6
2026-09-17T18:01:16+08:00,FJ-01,1480,2.1,2.0,56.3,0.24,216.8
2026-09-17T18:02:16+08:00,FJ-01,1480,2.2,2.0,56.3,0.24,216.5
2026-09-17T18:03:16+08:00,FJ-01,1480,2.2,2.0,56.3,0.24,215.5
2026-09-17T18:04:16+08:00,FJ-01,1480,2.2,2.0,55.7,0.24,217.4
2026-09-17T18:05:16+08:00,FJ-01,1480,2.2,2.0,55.7,0.24,214.7
2026-09-17T18:06:16+08:00,FJ-01,1478,2.2,2.0,55.4,0.24,215.8
2026-09-17T18:07:16+08:00,FJ-01,1479,2.2,2.0,55.4,0.24,217.5
2026-09-17T18:08:16+08:00,FJ-01,1480,2.2,2.0,55.1,0.24,216.4
2026-09-17T18:09:16+08:00,FJ-01,1480,2.2,2.0,55.4,0.24,216.4
2026-09-17T18:10:16+08:00,FJ-01,1479,2.1,2.0,55.7,0.24,215.4
2026-09-17T18:11:16+08:00,FJ-01,1478,2.3,1.9,55.9,0.24,215.8
2026-09-17T18:12:16+08:00,FJ-01,1481,2.2,2.0,56.5,0.24,216.2
2026-09-17T18:13:16+08:00,FJ-01,1479,2.1,2.0,55.9,0.24,217.1
2026-09-17T18:14:16+08:00,FJ-01,1480,2.2,2.0,56.2,0.24,217.7
2026-09-17T18:15:16+08:00,FJ-01,1479,2.2,2.0,54.8,0.24,216.3
2026-09-17T18:16:16+08:00,FJ-01,1481,2.2,2.1,55.1,0.24,216.3
2026-09-17T18:17:16+08:00,FJ-01,1480,2.2,2.0,55.0,0.24,215.4
2026-09-17T18:18:16+08:00,FJ-01,1478,2.2,2.0,56.2,0.24,216.9
2026-09-17T18:19:16+08:00,FJ-01,1479,2.2,1.9,55.7,0.24,216.3
2026-09-17T18:20:16+08:00,FJ-01,1480,2.2,2.0,55.8,0.24,215.3
2026-09-17T18:21:16+08:00,FJ-01,1478,2.2,2.0,55.9,0.24,216.5
2026-09-17T18:22:16+08:00,FJ-01,1479,2.2,2.0,56.5,0.24,217.5
2026-09-17T18:23:16+08:00,FJ-01,1478,2.2,1.9,56.2,0.24,216.7
2026-09-17T18:24:16+08:00,FJ-01,1479,2.1,2.0,56.3,0.24,216.6
2026-09-17T18:25:16+08:00,FJ-01,1480,2.2,2.0,55.5,0.24,216.2
2026-09-17T18:26:16+08:00,FJ-01,1480,2.2,2.0,55.5,0.24,217.8
2026-09-17T18:27:16+08:00,FJ-01,1480,2.2,2.0,56.3,0.24,217.8
2026-09-17T18:28:16+08:00,FJ-01,1479,2.2,2.0,55.8,0.24,217.8
2026-09-17T18:29:16+08:00,FJ-01,1480,2.2,2.0,54.7,0.24,216.8
2026-09-17T18:30:16+08:00,FJ-01,1480,2.2,2.0,55.6,0.24,218.1
2026-09-17T18:31:16+08:00,FJ-01,1480,2.2,2.0,55.5,0.24,216.6
2026-09-17T18:32:16+08:00,FJ-01,1479,2.2,2.0,55.4,0.24,215.5
2026-09-17T18:33:16+08:00,FJ-01,1480,2.2,1.9,55.0,0.24,216.8
2026-09-17T18:34:16+08:00,FJ-01,1479,2.1,1.9,56.4,0.24,217.0
2026-09-17T18:35:16+08:00,FJ-01,1479,2.2,1.9,55.6,0.24,215.7
2026-09-17T18:36:16+08:00,FJ-01,1479,2.1,2.0,55.5,0.24,216.5
2026-09-17T18:37:16+08:00,FJ-01,1479,2.1,2.0,56.0,0.24,216.3
2026-09-17T18:38:16+08:00,FJ-01,1480,2.2,1.9,55.5,0.25,216.3
2026-09-17T18:39:16+08:00,FJ-01,1480,2.2,2.0,55.4,0.24,217.5
2026-09-17T18:40:16+08:00,FJ-01,1479,2.1,2.0,55.7,0.24,216.9
2026-09-17T18:41:16+08:00,FJ-01,1479,2.2,2.0,55.3,0.24,215.9
2026-09-17T18:42:16+08:00,FJ-01,1478,2.2,2.0,56.0,0.24,216.2
2026-09-17T18:43:16+08:00,FJ-01,1479,2.2,2.0,56.5,0.24,216.4
2026-09-17T18:44:16+08:00,FJ-01,1478,2.1,2.0,55.6,0.24,215.4
2026-09-17T18:45:16+08:00,FJ-01,1479,2.2,2.0,56.0,0.24,216.9
2026-09-17T18:46:16+08:00,FJ-01,1479,2.2,2.0,55.6,0.24,215.4
2026-09-17T18:47:16+08:00,FJ-01,1480,2.2,1.9,55.7,0.24,216.1
2026-09-17T18:48:16+08:00,FJ-01,1480,2.2,2.0,56.6,0.24,216.4
2026-09-17T18:49:16+08:00,FJ-01,1479,2.1,2.0,56.0,0.24,216.5
2026-09-17T18:50:16+08:00,FJ-01,1478,2.2,1.9,55.8,0.24,217.1
2026-09-17T18:51:16+08:00,FJ-01,1480,2.2,2.0,55.5,0.24,216.6
2026-09-17T18:52:16+08:00,FJ-01,1480,2.2,1.9,55.8,0.25,218.1
2026-09-17T18:53:16+08:00,FJ-01,1480,2.1,2.0,55.4,0.24,217.0
2026-09-17T18:54:16+08:00,FJ-01,1478,2.2,2.0,55.9,0.24,217.3
2026-09-17T18:55:16+08:00,FJ-01,1480,2.2,2.0,54.7,0.24,216.5
2026-09-17T18:56:16+08:00,FJ-01,1479,2.2,2.0,55.5,0.24,216.6
2026-09-17T18:57:16+08:00,FJ-01,1480,2.2,2.0,56.3,0.24,216.9
2026-09-17T18:58:16+08:00,FJ-01,1478,2.2,2.0,56.6,0.24,216.0
2026-09-17T18:59:16+08:00,FJ-01,1480,2.2,2.0,56.1,0.24,215.3
2026-09-17T19:00:16+08:00,FJ-01,1479,2.2,1.9,55.1,0.24,216.3
2026-09-17T19:01:16+08:00,FJ-01,1479,2.2,2.0,55.8,0.25,216.6
2026-09-17T19:02:16+08:00,FJ-01,1481,2.2,2.0,55.5,0.24,215.9
2026-09-17T19:03:16+08:00,FJ-01,1480,2.2,2.0,55.9,0.24,216.4
2026-09-17T19:04:16+08:00,FJ-01,1478,2.2,2.0,55.7,0.24,217.3
2026-09-17T19:05:16+08:00,FJ-01,1480,2.1,2.0,55.4,0.24,217.0
2026-09-17T19:06:16+08:00,FJ-01,1480,2.2,2.0,55.7,0.24,217.4
2026-09-17T19:07:16+08:00,FJ-01,1478,2.2,2.0,55.7,0.24,217.2
2026-09-17T19:08:16+08:00,FJ-01,1480,2.2,2.0,55.1,0.24,216.4
2026-09-17T19:09:16+08:00,FJ-01,1480,2.2,2.0,55.9,0.24,217.4
2026-09-17T19:10:16+08:00,FJ-01,1479,2.2,2.0,55.8,0.24,217.1
2026-09-17T19:11:16+08:00,FJ-01,1479,2.2,1.9,55.9,0.24,216.7
2026-09-17T19:12:16+08:00,FJ-01,1480,2.1,2.0,56.3,0.24,217.5
2026-09-17T19:13:16+08:00,FJ-01,1479,2.1,2.0,56.5,0.24,216.7
2026-09-17T19:14:16+08:00,FJ-01,1480,2.2,2.0,56.4,0.24,216.0
2026-09-17T19:15:16+08:00,FJ-01,1480,2.2,2.0,56.2,0.24,215.9
2026-09-17T19:16:16+08:00,FJ-01,1480,2.2,2.0,56.0,0.24,217.3
2026-09-17T19:17:16+08:00,FJ-01,1479,2.2,2.0,55.6,0.24,217.5
2026-09-17T19:18:16+08:00,FJ-01,1479,2.2,2.0,56.0,0.24,218.2
2026-09-17T19:19:16+08:00,FJ-01,1478,2.2,2.0,55.1,0.25,216.6
2026-09-17T19:20:16+08:00,FJ-01,1479,2.2,1.9,55.9,0.24,216.7
2026-09-17T19:21:16+08:00,FJ-01,1480,2.2,2.0,56.6,0.24,216.4
2026-09-17T19:22:16+08:00,FJ-01,1480,2.2,2.0,54.2,0.24,216.6
2026-09-17T19:23:16+08:00,FJ-01,1479,2.2,2.0,55.0,0.25,217.6
2026-09-17T19:24:16+08:00,FJ-01,1480,2.2,2.0,55.4,0.24,215.4
2026-09-17T19:25:16+08:00,FJ-01,1480,2.2,2.0,55.2,0.24,216.6
2026-09-17T19:26:16+08:00,FJ-01,1479,2.1,1.9,55.6,0.24,218.9
2026-09-17T19:27:16+08:00,FJ-01,1480,2.2,2.0,56.2,0.24,217.0
2026-09-17T19:28:16+08:00,FJ-01,1479,2.2,2.1,55.8,0.24,217.1
2026-09-17T19:29:16+08:00,FJ-01,1479,2.1,2.0,55.5,0.25,216.8
2026-09-17T19:30:16+08:00,FJ-01,1480,2.1,2.0,55.1,0.24,216.5
2026-09-17T19:31:16+08:00,FJ-01,1480,2.2,2.0,56.0,0.24,217.0
2026-09-17T19:32:16+08:00,FJ-01,1481,2.2,2.0,55.6,0.24,218.6
2026-09-17T19:33:16+08:00,FJ-01,1479,2.1,2.0,55.5,0.24,216.4
2026-09-17T19:34:16+08:00,FJ-01,1479,2.2,2.0,56.2,0.25,216.1
2026-09-17T19:35:16+08:00,FJ-01,1477,2.2,2.0,55.8,0.24,215.6
2026-09-17T19:36:16+08:00,FJ-01,1480,2.2,1.9,55.4,0.24,217.7
2026-09-17T19:37:16+08:00,FJ-01,1479,2.3,2.0,56.5,0.25,217.4
2026-09-17T19:38:16+08:00,FJ-01,1478,2.1,2.0,55.9,0.24,217.0
2026-09-17T19:39:16+08:00,FJ-01,1479,2.2,2.0,55.8,0.24,214.6
2026-09-17T19:40:16+08:00,FJ-01,1480,2.2,1.9,56.1,0.24,217.2
2026-09-17T19:41:16+08:00,FJ-01,1480,2.1,2.0,55.6,0.25,217.4
2026-09-17T19:42:16+08:00,FJ-01,1479,2.2,2.0,55.7,0.24,217.4
2026-09-17T19:43:16+08:00,FJ-01,1479,2.1,2.0,55.7,0.24,216.1
2026-09-17T19:44:16+08:00,FJ-01,1479,2.2,2.0,55.7,0.24,216.4
2026-09-17T19:45:16+08:00,FJ-01,1480,2.2,2.0,56.4,0.24,215.4
2026-09-17T19:46:16+08:00,FJ-01,1479,2.2,2.0,55.9,0.24,216.0
2026-09-17T19:47:16+08:00,FJ-01,1480,2.2,2.0,55.9,0.24,215.8
2026-09-17T19:48:16+08:00,FJ-01,1479,2.2,2.0,56.1,0.25,217.5
2026-09-17T19:49:16+08:00,FJ-01,1479,2.2,1.9,55.8,0.24,217.2
2026-09-17T19:50:16+08:00,FJ-01,1480,2.2,2.0,56.1,0.24,217.6
2026-09-17T19:51:16+08:00,FJ-01,1479,2.2,2.0,56.0,0.24,216.4
2026-09-17T19:52:16+08:00,FJ-01,1479,2.2,2.0,55.7,0.24,216.2
2026-09-17T19:53:16+08:00,FJ-01,1480,2.1,1.9,55.6,0.24,217.0
2026-09-17T19:54:16+08:00,FJ-01,1479,2.2,2.0,55.4,0.23,216.7
2026-09-17T19:55:16+08:00,FJ-01,1480,2.1,2.0,55.7,0.24,216.2
2026-09-17T19:56:16+08:00,FJ-01,1481,2.2,2.0,55.6,0.23,217.8
2026-09-17T19:57:16+08:00,FJ-01,1477,2.2,1.9,55.3,0.24,218.5
2026-09-17T19:58:16+08:00,FJ-01,1479,2.2,2.0,56.1,0.24,217.3
2026-09-17T19:59:16+08:00,FJ-01,1478,2.2,2.0,55.3,0.24,216.6
2026-09-17T20:00:16+08:00,FJ-01,1479,2.2,1.9,55.4,0.25,216.0
2026-09-17T20:01:16+08:00,FJ-01,1479,2.2,2.0,56.3,0.24,217.4
2026-09-17T20:02:16+08:00,FJ-01,1479,2.2,2.0,55.7,0.24,217.2
2026-09-17T20:03:16+08:00,FJ-01,1478,2.1,2.1,56.0,0.24,217.2
2026-09-17T20:04:16+08:00,FJ-01,1479,2.1,2.0,55.8,0.24,216.1
2026-09-17T20:05:16+08:00,FJ-01,1479,2.2,2.0,55.6,0.24,216.4
2026-09-17T20:06:16+08:00,FJ-01,1480,2.2,2.0,55.5,0.24,217.3
2026-09-17T20:07:16+08:00,FJ-01,1479,2.2,2.0,55.2,0.24,215.1
2026-09-17T20:08:16+08:00,FJ-01,1480,2.1,2.0,56.1,0.24,216.7
2026-09-17T20:09:16+08:00,FJ-01,1480,2.1,2.0,55.9,0.24,215.4
2026-09-17T20:10:16+08:00,FJ-01,1479,2.2,2.0,55.5,0.24,218.2
2026-09-17T20:11:16+08:00,FJ-01,1478,2.2,2.0,55.9,0.24,217.5
2026-09-17T20:12:16+08:00,FJ-01,1480,2.2,2.0,55.6,0.24,218.2
2026-09-17T20:13:16+08:00,FJ-01,1479,2.1,2.0,56.2,0.24,217.6
2026-09-17T20:14:16+08:00,FJ-01,1481,2.2,1.9,55.3,0.24,217.6
2026-09-17T20:15:16+08:00,FJ-01,1481,2.2,2.0,55.8,0.24,216.1
2026-09-17T20:16:16+08:00,FJ-01,1479,2.2,2.0,56.5,0.24,218.7
2026-09-17T20:17:16+08:00,FJ-01,1479,2.2,2.0,56.1,0.24,217.6
2026-09-17T20:18:16+08:00,FJ-01,1479,2.1,2.0,55.9,0.24,216.7
2026-09-17T20:19:16+08:00,FJ-01,1480,2.2,2.0,55.4,0.24,217.1
2026-09-17T20:20:16+08:00,FJ-01,1481,2.2,1.9,55.2,0.24,218.0
2026-09-17T20:21:16+08:00,FJ-01,1480,2.2,2.0,56.4,0.25,215.9
2026-09-17T20:22:16+08:00,FJ-01,1480,2.1,2.0,55.3,0.24,215.6
2026-09-17T20:23:16+08:00,FJ-01,1480,2.2,2.0,56.0,0.25,217.0
2026-09-17T20:24:16+08:00,FJ-01,1479,2.2,2.0,55.5,0.24,216.5
2026-09-17T20:25:16+08:00,FJ-01,1480,2.2,1.9,55.8,0.24,215.4
2026-09-17T20:26:16+08:00,FJ-01,1479,2.2,2.0,56.0,0.24,215.5
2026-09-17T20:27:16+08:00,FJ-01,1480,2.2,2.0,56.0,0.24,217.8
2026-09-17T20:28:16+08:00,FJ-01,1479,2.2,2.0,56.1,0.24,218.3
2026-09-17T20:29:16+08:00,FJ-01,1478,2.2,1.9,55.3,0.25,217.5
2026-09-17T20:30:16+08:00,FJ-01,1478,2.2,2.0,56.0,0.25,217.3
2026-09-17T20:31:16+08:00,FJ-01,1480,2.2,1.9,56.1,0.24,216.3
2026-09-17T20:32:16+08:00,FJ-01,1479,2.2,2.0,55.4,0.24,216.4
2026-09-17T20:33:16+08:00,FJ-01,1479,2.2,2.0,56.5,0.24,218.0
2026-09-17T20:34:16+08:00,FJ-01,1478,2.2,2.0,56.1,0.24,216.2
2026-09-17T20:35:16+08:00,FJ-01,1480,2.2,2.0,55.9,0.24,216.9
2026-09-17T20:36:16+08:00,FJ-01,1479,2.2,2.0,56.4,0.24,216.3
2026-09-17T20:37:16+08:00,FJ-01,1479,2.2,2.0,56.1,0.24,216.5
2026-09-17T20:38:16+08:00,FJ-01,1480,2.2,2.0,56.4,0.24,216.4
2026-09-17T20:39:16+08:00,FJ-01,1481,2.1,1.9,56.5,0.24,217.2
2026-09-17T20:40:16+08:00,FJ-01,1481,2.2,2.0,56.0,0.24,216.4
2026-09-17T20:41:16+08:00,FJ-01,1479,2.1,2.0,56.2,0.24,216.6
2026-09-17T20:42:16+08:00,FJ-01,1480,2.2,2.0,55.8,0.25,216.7
2026-09-17T20:43:16+08:00,FJ-01,1479,2.2,2.0,55.4,0.24,217.5
2026-09-17T20:44:16+08:00,FJ-01,1479,2.2,2.0,55.3,0.24,217.9
2026-09-17T20:45:16+08:00,FJ-01,1479,2.2,2.0,55.7,0.24,216.5
2026-09-17T20:46:16+08:00,FJ-01,1479,2.2,2.0,56.0,0.24,217.3
2026-09-17T20:47:16+08:00,FJ-01,1479,2.2,2.0,56.4,0.24,217.0
2026-09-17T20:48:16+08:00,FJ-01,1479,2.2,2.0,55.7,0.25,216.8
2026-09-17T20:49:16+08:00,FJ-01,1481,2.1,2.0,55.6,0.24,217.3
2026-09-17T20:50:16+08:00,FJ-01,1479,2.2,2.0,56.1,0.24,216.7
2026-09-17T20:51:16+08:00,FJ-01,1479,2.2,2.0,55.9,0.24,218.2
2026-09-17T20:52:16+08:00,FJ-01,1479,2.2,2.0,56.2,0.25,217.2
2026-09-17T20:53:16+08:00,FJ-01,1479,2.2,2.0,56.2,0.24,215.7
2026-09-17T20:54:16+08:00,FJ-01,1480,2.2,2.0,56.2,0.24,216.6
2026-09-17T20:55:16+08:00,FJ-01,1478,2.2,2.0,55.3,0.24,216.4
2026-09-17T20:56:16+08:00,FJ-01,1479,2.2,2.0,55.7,0.24,217.3
2026-09-17T20:57:16+08:00,FJ-01,1480,2.1,2.0,56.2,0.24,217.0
2026-09-17T20:58:16+08:00,FJ-01,1479,2.1,2.0,55.8,0.24,216.6
2026-09-17T20:59:16+08:00,FJ-01,1479,2.2,2.0,56.2,0.24,215.6
2026-09-17T21:00:16+08:00,FJ-01,1479,2.1,1.9,55.4,0.24,216.2
2026-09-17T21:01:16+08:00,FJ-01,1478,2.2,2.0,56.2,0.24,217.5
2026-09-17T21:02:16+08:00,FJ-01,1479,2.2,2.0,55.4,0.24,216.8
2026-09-17T21:03:16+08:00,FJ-01,1479,2.2,2.0,55.2,0.24,216.6
2026-09-17T21:04:16+08:00,FJ-01,1479,2.2,2.0,55.8,0.24,217.9
2026-09-17T21:05:16+08:00,FJ-01,1479,2.2,1.9,56.0,0.24,217.3
2026-09-17T21:06:16+08:00,FJ-01,1479,2.2,1.9,55.8,0.24,217.3
2026-09-17T21:07:16+08:00,FJ-01,1479,2.2,2.0,56.1,0.24,216.4
2026-09-17T21:08:16+08:00,FJ-01,1479,2.2,1.9,55.0,0.24,217.0
2026-09-17T21:09:16+08:00,FJ-01,1479,2.2,1.9,55.6,0.24,217.0
2026-09-17T21:10:16+08:00,FJ-01,1479,2.2,2.0,55.6,0.24,218.1
2026-09-17T21:11:16+08:00,FJ-01,1480,2.2,1.9,55.8,0.24,217.0
2026-09-17T21:12:16+08:00,FJ-01,1480,2.2,2.0,55.7,0.24,216.5
2026-09-17T21:13:16+08:00,FJ-01,1480,2.2,1.9,56.0,0.24,216.4
2026-09-17T21:14:16+08:00,FJ-01,1478,2.2,2.0,55.4,0.24,216.0
2026-09-17T21:15:16+08:00,FJ-01,1478,2.1,2.0,56.2,0.24,216.8
2026-09-17T21:16:16+08:00,FJ-01,1481,2.2,1.9,55.9,0.24,216.6
2026-09-17T21:17:16+08:00,FJ-01,1478,2.2,2.0,56.1,0.24,215.8
2026-09-17T21:18:16+08:00,FJ-01,1478,2.2,2.1,55.7,0.24,216.2
2026-09-17T21:19:16+08:00,FJ-01,1481,2.2,2.0,55.9,0.24,217.5
2026-09-17T21:20:16+08:00,FJ-01,1479,2.2,2.0,55.1,0.24,215.0
2026-09-17T21:21:16+08:00,FJ-01,1479,2.2,2.0,55.6,0.24,217.8
2026-09-17T21:22:16+08:00,FJ-01,1480,2.2,2.0,55.7,0.24,216.2
2026-09-17T21:23:16+08:00,FJ-01,1480,2.2,1.9,55.9,0.24,216.1
2026-09-17T21:24:16+08:00,FJ-01,1479,2.1,2.0,56.6,0.24,215.9
2026-09-17T21:25:16+08:00,FJ-01,1480,2.2,2.0,55.6,0.24,216.4
2026-09-17T21:26:16+08:00,FJ-01,1479,2.2,2.0,55.3,0.24,218.1
2026-09-17T21:27:16+08:00,FJ-01,1481,2.2,2.0,56.3,0.24,215.2
2026-09-17T21:28:16+08:00,FJ-01,1479,2.1,2.0,56.5,0.24,216.2
2026-09-17T21:29:16+08:00,FJ-01,1478,2.1,1.9,56.5,0.24,216.7
2026-09-17T21:30:16+08:00,FJ-01,1479,2.2,2.0,56.4,0.24,215.3
2026-09-17T21:31:16+08:00,FJ-01,1480,2.1,2.0,55.3,0.24,215.8
2026-09-17T21:32:16+08:00,FJ-01,1478,2.1,2.0,55.8,0.24,217.9
2026-09-17T21:33:16+08:00,FJ-01,1479,2.2,2.0,55.8,0.24,217.3
2026-09-17T21:34:16+08:00,FJ-01,1480,2.2,2.0,56.2,0.24,216.4
2026-09-17T21:35:16+08:00,FJ-01,1480,2.2,2.1,56.1,0.24,216.1
2026-09-17T21:36:16+08:00,FJ-01,1478,2.2,1.9,56.4,0.24,217.4
2026-09-17T21:37:16+08:00,FJ-01,1479,2.2,1.9,55.8,0.24,216.8
2026-09-17T21:38:16+08:00,FJ-01,1479,2.2,2.0,56.2,0.24,218.2
2026-09-17T21:39:16+08:00,FJ-01,1477,2.2,2.0,54.8,0.25,216.9
2026-09-17T21:40:16+08:00,FJ-01,1478,2.2,1.9,55.5,0.25,216.6
2026-09-17T21:41:16+08:00,FJ-01,1479,2.3,2.0,55.7,0.24,216.7
2026-09-17T21:42:16+08:00,FJ-01,1481,2.2,1.9,56.4,0.24,216.9
2026-09-17T21:43:16+08:00,FJ-01,1480,2.2,1.9,55.8,0.25,218.6
2026-09-17T21:44:16+08:00,FJ-01,1479,2.2,2.0,56.1,0.24,215.3
2026-09-17T21:45:16+08:00,FJ-01,1479,2.2,1.9,55.7,0.25,216.7
2026-09-17T21:46:16+08:00,FJ-01,1478,2.1,2.0,55.6,0.24,217.1
2026-09-17T21:47:16+08:00,FJ-01,1480,2.2,2.0,55.4,0.24,216.6
2026-09-17T21:48:16+08:00,FJ-01,1479,2.2,2.0,55.6,0.25,217.0
2026-09-17T21:49:16+08:00,FJ-01,1478,2.2,1.9,55.4,0.24,216.2
2026-09-17T21:50:16+08:00,FJ-01,1481,2.2,2.0,56.3,0.24,217.2
2026-09-17T21:51:16+08:00,FJ-01,1479,2.1,1.9,56.2,0.24,217.0
2026-09-17T21:52:16+08:00,FJ-01,1480,2.2,2.0,55.4,0.24,216.8
2026-09-17T21:53:16+08:00,FJ-01,1479,2.1,2.0,55.2,0.24,218.3
2026-09-17T21:54:16+08:00,FJ-01,1478,2.2,2.0,55.9,0.24,216.3
2026-09-17T21:55:16+08:00,FJ-01,1480,2.2,2.0,55.0,0.24,217.6
2026-09-17T21:56:16+08:00,FJ-01,1479,2.2,2.0,56.1,0.24,216.4
2026-09-17T21:57:16+08:00,FJ-01,1480,2.2,2.0,55.2,0.25,215.8
2026-09-17T21:58:16+08:00,FJ-01,1478,2.2,2.0,56.0,0.25,217.6
2026-09-17T21:59:16+08:00,FJ-01,1479,2.2,2.0,56.3,0.24,217.5
2026-09-17T22:00:16+08:00,FJ-01,1480,2.2,1.9,56.0,0.24,217.9
2026-09-17T22:01:16+08:00,FJ-01,1479,2.2,2.0,56.3,0.24,216.9
2026-09-17T22:02:16+08:00,FJ-01,1480,2.2,1.9,56.2,0.24,217.9
2026-09-17T22:03:16+08:00,FJ-01,1480,2.2,2.0,56.1,0.24,216.7
2026-09-17T22:04:16+08:00,FJ-01,1478,2.1,2.0,55.7,0.24,216.7
2026-09-17T22:05:16+08:00,FJ-01,1480,2.2,2.0,55.9,0.24,216.9
2026-09-17T22:06:16+08:00,FJ-01,1479,2.2,1.9,55.4,0.24,216.6
2026-09-17T22:07:16+08:00,FJ-01,1480,2.2,2.0,55.5,0.24,218.3
2026-09-17T22:08:16+08:00,FJ-01,1479,2.2,1.9,56.0,0.24,217.5
2026-09-17T22:09:16+08:00,FJ-01,1478,2.1,2.0,55.4,0.24,217.7
2026-09-17T22:10:16+08:00,FJ-01,1479,2.2,2.0,55.7,0.25,216.6
2026-09-17T22:11:16+08:00,FJ-01,1479,2.2,2.0,56.3,0.24,217.2
2026-09-17T22:12:16+08:00,FJ-01,1480,2.2,2.0,55.7,0.24,217.1
2026-09-17T22:13:16+08:00,FJ-01,1481,2.2,2.0,56.4,0.24,216.7
2026-09-17T22:14:16+08:00,FJ-01,1480,2.2,2.0,55.8,0.24,216.3
2026-09-17T22:15:16+08:00,FJ-01,1478,2.1,2.0,55.8,0.24,216.4
2026-09-17T22:16:16+08:00,FJ-01,1478,2.2,1.9,55.9,0.24,216.3
2026-09-17T22:17:16+08:00,FJ-01,1480,2.2,2.0,56.1,0.24,217.4
2026-09-17T22:18:16+08:00,FJ-01,1478,2.2,2.0,56.1,0.24,215.7
2026-09-17T22:19:16+08:00,FJ-01,1478,2.2,2.0,56.1,0.24,216.8
2026-09-17T22:20:16+08:00,FJ-01,1480,2.2,2.0,56.4,0.25,217.2
2026-09-17T22:21:16+08:00,FJ-01,1480,2.2,2.0,56.8,0.24,216.3
2026-09-17T22:22:16+08:00,FJ-01,1481,2.2,2.0,55.6,0.24,217.4
2026-09-17T22:23:16+08:00,FJ-01,1481,2.2,2.0,56.5,0.24,216.1
2026-09-17T22:24:16+08:00,FJ-01,1480,2.2,2.0,55.6,0.24,216.2
2026-09-17T22:25:16+08:00,FJ-01,1478,2.2,2.0,56.3,0.24,217.3
2026-09-17T22:26:16+08:00,FJ-01,1480,2.2,2.0,56.0,0.24,217.4
2026-09-17T22:27:16+08:00,FJ-01,1479,2.2,2.0,55.4,0.24,217.5
2026-09-17T22:28:16+08:00,FJ-01,1480,2.2,2.0,55.1,0.24,215.8
2026-09-17T22:29:16+08:00,FJ-01,1479,2.2,2.0,56.0,0.24,218.4
2026-09-17T22:30:16+08:00,FJ-01,1480,2.2,1.9,55.5,0.24,215.7
2026-09-17T22:31:16+08:00,FJ-01,1480,2.2,2.0,55.9,0.24,216.4
2026-09-17T22:32:16+08:00,FJ-01,1480,2.2,2.0,56.5,0.24,215.9
2026-09-17T22:33:16+08:00,FJ-01,1479,2.2,2.0,55.4,0.24,217.6
2026-09-17T22:34:16+08:00,FJ-01,1480,2.2,2.0,56.7,0.24,217.3
2026-09-17T22:35:16+08:00,FJ-01,1479,2.2,2.0,55.5,0.24,216.0
2026-09-17T22:36:16+08:00,FJ-01,1479,2.2,2.0,56.2,0.24,218.0
2026-09-17T22:37:16+08:00,FJ-01,1479,2.1,2.0,55.3,0.24,217.3
2026-09-17T22:38:16+08:00,FJ-01,1480,2.2,2.0,56.1,0.24,216.6
2026-09-17T22:39:16+08:00,FJ-01,1479,2.2,2.0,55.9,0.24,217.2
2026-09-17T22:40:16+08:00,FJ-01,1480,2.2,2.0,56.0,0.24,217.1
2026-09-17T22:41:16+08:00,FJ-01,1478,2.3,2.0,55.6,0.24,215.9
2026-09-17T22:42:16+08:00,FJ-01,1481,2.2,2.0,55.6,0.24,218.1
2026-09-17T22:43:16+08:00,FJ-01,1480,2.2,2.0,56.0,0.24,216.9
2026-09-17T22:44:16+08:00,FJ-01,1479,2.2,2.0,55.9,0.25,219.2
2026-09-17T22:45:16+08:00,FJ-01,1479,2.2,2.0,56.2,0.24,216.8
2026-09-17T22:46:16+08:00,FJ-01,1480,2.2,2.0,56.6,0.24,216.6
2026-09-17T22:47:16+08:00,FJ-01,1480,2.2,2.0,55.7,0.25,216.5
2026-09-17T22:48:16+08:00,FJ-01,1479,2.2,2.0,56.0,0.24,218.8
2026-09-17T22:49:16+08:00,FJ-01,1480,2.1,2.0,55.4,0.24,216.4
2026-09-17T22:50:16+08:00,FJ-01,1480,2.2,2.0,55.2,0.24,216.7
2026-09-17T22:51:16+08:00,FJ-01,1478,2.2,2.0,55.9,0.25,217.4
2026-09-17T22:52:16+08:00,FJ-01,1481,2.2,2.0,56.2,0.25,216.7
2026-09-17T22:53:16+08:00,FJ-01,1481,2.2,2.0,56.1,0.24,215.6
2026-09-17T22:54:16+08:00,FJ-01,1481,2.2,2.0,56.0,0.24,216.6
2026-09-17T22:55:16+08:00,FJ-01,1480,2.2,2.0,55.6,0.24,218.2
2026-09-17T22:56:16+08:00,FJ-01,1480,2.2,2.0,56.2,0.24,216.6
2026-09-17T22:57:16+08:00,FJ-01,1481,2.2,2.0,55.4,0.24,216.1
2026-09-17T22:58:16+08:00,FJ-01,1479,2.2,1.9,56.0,0.23,217.1
2026-09-17T22:59:16+08:00,FJ-01,1481,2.1,1.9,56.0,0.24,216.6
2026-09-17T23:00:16+08:00,FJ-01,1480,2.2,2.0,56.1,0.24,217.1
2026-09-17T23:01:16+08:00,FJ-01,1479,2.2,2.0,55.7,0.25,216.8
2026-09-17T23:02:16+08:00,FJ-01,1478,2.2,2.0,55.9,0.24,216.6
2026-09-17T23:03:16+08:00,FJ-01,1479,2.2,2.0,55.8,0.24,217.2
2026-09-17T23:04:16+08:00,FJ-01,1479,2.2,2.0,56.5,0.24,218.1
2026-09-17T23:05:16+08:00,FJ-01,1479,2.2,2.0,56.3,0.24,217.3
2026-09-17T23:06:16+08:00,FJ-01,1479,2.2,2.0,56.1,0.25,218.6
2026-09-17T23:07:16+08:00,FJ-01,1480,2.2,2.0,56.3,0.25,216.9
2026-09-17T23:08:16+08:00,FJ-01,1478,2.2,2.0,55.6,0.24,216.6
2026-09-17T23:09:16+08:00,FJ-01,1478,2.2,2.1,56.2,0.24,217.1
2026-09-17T23:10:16+08:00,FJ-01,1479,2.2,2.0,56.3,0.24,216.7
2026-09-17T23:11:16+08:00,FJ-01,1480,2.2,2.1,55.2,0.24,218.0
2026-09-17T23:12:16+08:00,FJ-01,1479,2.2,2.0,55.5,0.24,216.2
2026-09-17T23:13:16+08:00,FJ-01,1479,2.1,2.0,56.1,0.24,216.7
2026-09-17T23:14:16+08:00,FJ-01,1480,2.2,2.0,56.4,0.24,216.3
2026-09-17T23:15:16+08:00,FJ-01,1480,2.2,2.0,56.3,0.24,217.6
2026-09-17T23:16:16+08:00,FJ-01,1479,2.2,1.9,56.2,0.24,217.8
2026-09-17T23:17:16+08:00,FJ-01,1480,2.2,2.0,56.0,0.24,215.8
2026-09-17T23:18:16+08:00,FJ-01,1480,2.2,2.0,56.0,0.24,217.2
2026-09-17T23:19:16+08:00,FJ-01,1480,2.2,2.0,56.0,0.24,216.7
2026-09-17T23:20:16+08:00,FJ-01,1479,2.2,2.0,55.2,0.24,217.6
2026-09-17T23:21:16+08:00,FJ-01,1479,2.2,2.0,56.5,0.25,217.2
2026-09-17T23:22:16+08:00,FJ-01,1480,2.2,1.9,56.1,0.24,216.8
2026-09-17T23:23:16+08:00,FJ-01,1477,2.2,2.0,55.7,0.24,216.4
2026-09-17T23:24:16+08:00,FJ-01,1479,2.2,1.9,55.8,0.24,217.7
2026-09-17T23:25:16+08:00,FJ-01,1478,2.2,2.0,56.1,0.24,217.7
2026-09-17T23:26:16+08:00,FJ-01,1481,2.2,2.0,55.6,0.24,217.0
2026-09-17T23:27:16+08:00,FJ-01,1481,2.2,2.0,55.9,0.24,217.3
2026-09-17T23:28:16+08:00,FJ-01,1479,2.2,2.0,56.2,0.24,216.7
2026-09-17T23:29:16+08:00,FJ-01,1480,2.2,2.0,56.2,0.24,217.8
2026-09-17T23:30:16+08:00,FJ-01,1479,2.3,2.0,55.5,0.24,216.4
2026-09-17T23:31:16+08:00,FJ-01,1479,2.1,1.9,56.3,0.24,217.6
2026-09-17T23:32:16+08:00,FJ-01,1479,2.2,2.0,56.5,0.24,217.2
2026-09-17T23:33:16+08:00,FJ-01,1480,2.2,2.0,56.1,0.24,218.3
2026-09-17T23:34:16+08:00,FJ-01,1479,2.2,2.0,56.3,0.24,217.6
2026-09-17T23:35:16+08:00,FJ-01,1480,2.1,1.9,56.1,0.24,218.4
2026-09-17T23:36:16+08:00,FJ-01,1480,2.2,2.0,55.8,0.24,217.1
2026-09-17T23:37:16+08:00,FJ-01,1480,2.1,2.0,55.7,0.24,216.4
2026-09-17T23:38:16+08:00,FJ-01,1479,2.2,2.0,55.8,0.24,217.4
2026-09-17T23:39:16+08:00,FJ-01,1477,2.2,1.9,56.0,0.24,217.7
2026-09-17T23:40:16+08:00,FJ-01,1479,2.2,2.0,55.7,0.24,218.2
2026-09-17T23:41:16+08:00,FJ-01,1480,2.3,2.0,55.7,0.24,217.8
2026-09-17T23:42:16+08:00,FJ-01,1479,2.2,2.0,56.1,0.24,216.9
2026-09-17T23:43:16+08:00,FJ-01,1481,2.2,1.9,56.0,0.24,217.3
2026-09-17T23:44:16+08:00,FJ-01,1480,2.2,1.9,55.3,0.25,217.0
2026-09-17T23:45:16+08:00,FJ-01,1480,2.2,2.0,55.3,0.24,217.4
2026-09-17T23:46:16+08:00,FJ-01,1481,2.2,2.0,55.2,0.24,217.2
2026-09-17T23:47:16+08:00,FJ-01,1479,2.2,2.0,56.6,0.24,217.1
2026-09-17T23:48:16+08:00,FJ-01,1479,2.2,2.0,56.2,0.24,218.1
2026-09-17T23:49:16+08:00,FJ-01,1479,2.3,2.0,55.7,0.24,217.2
2026-09-17T23:50:16+08:00,FJ-01,1479,2.2,2.0,55.9,0.24,216.4
2026-09-17T23:51:16+08:00,FJ-01,1479,2.2,2.0,55.4,0.24,218.3
2026-09-17T23:52:16+08:00,FJ-01,1479,2.2,2.0,56.3,0.24,217.1
2026-09-17T23:53:16+08:00,FJ-01,1479,2.2,2.0,55.8,0.24,217.0
2026-09-17T23:54:16+08:00,FJ-01,1480,2.2,2.0,55.7,0.24,217.1
2026-09-17T23:55:16+08:00,FJ-01,1478,2.2,2.0,55.5,0.24,216.5
2026-09-17T23:56:16+08:00,FJ-01,1479,2.2,2.1,56.3,0.24,217.9
2026-09-17T23:57:16+08:00,FJ-01,1480,2.2,2.0,55.8,0.24,216.4
2026-09-17T23:58:16+08:00,FJ-01,1479,2.2,2.0,55.2,0.24,217.3
2026-09-17T23:59:16+08:00,FJ-01,1480,2.2,2.1,55.6,0.25,217.8
2026-09-18T00:00:16+08:00,FJ-01,1479,2.2,2.0,55.9,0.24,216.7
2026-09-18T00:01:16+08:00,FJ-01,1479,2.2,2.0,56.3,0.24,217.7
2026-09-18T00:02:16+08:00,FJ-01,1479,2.1,2.0,56.2,0.24,217.5
2026-09-18T00:03:16+08:00,FJ-01,1481,2.3,2.0,56.1,0.24,219.3
2026-09-18T00:04:16+08:00,FJ-01,1479,2.2,2.0,55.5,0.24,216.0
2026-09-18T00:05:16+08:00,FJ-01,1479,2.2,2.0,55.0,0.24,219.1
2026-09-18T00:06:16+08:00,FJ-01,1479,2.2,2.0,54.8,0.24,216.5
2026-09-18T00:07:16+08:00,FJ-01,1480,2.2,2.0,56.2,0.24,216.9
2026-09-18T00:08:16+08:00,FJ-01,1480,2.1,2.0,56.4,0.24,216.4
2026-09-18T00:09:16+08:00,FJ-01,1479,2.2,2.0,56.1,0.24,217.9
2026-09-18T00:10:16+08:00,FJ-01,1480,2.3,2.0,56.2,0.25,216.4
2026-09-18T00:11:16+08:00,FJ-01,1479,2.1,2.0,56.6,0.24,216.1
2026-09-18T00:12:16+08:00,FJ-01,1480,2.2,2.0,56.6,0.24,216.9
2026-09-18T00:13:16+08:00,FJ-01,1481,2.2,2.0,56.5,0.24,217.9
2026-09-18T00:14:16+08:00,FJ-01,1480,2.2,2.0,55.5,0.25,217.2
2026-09-18T00:15:16+08:00,FJ-01,1479,2.2,2.0,56.1,0.24,217.8
2026-09-18T00:16:16+08:00,FJ-01,1479,2.2,2.0,55.6,0.24,217.4
2026-09-18T00:17:16+08:00,FJ-01,1479,2.2,2.0,56.3,0.24,217.3
2026-09-18T00:18:16+08:00,FJ-01,1479,2.2,2.0,56.0,0.24,217.1
2026-09-18T00:19:16+08:00,FJ-01,1480,2.2,2.0,55.8,0.24,216.6
2026-09-18T00:20:16+08:00,FJ-01,1478,2.2,2.0,56.1,0.24,216.4
2026-09-18T00:21:16+08:00,FJ-01,1480,2.2,2.0,55.6,0.24,217.7
2026-09-18T00:22:16+08:00,FJ-01,1479,2.2,2.0,57.1,0.24,215.5
2026-09-18T00:23:16+08:00,FJ-01,1479,2.2,2.1,56.2,0.24,217.8
2026-09-18T00:24:16+08:00,FJ-01,1479,2.1,2.0,56.0,0.25,216.5
2026-09-18T00:25:16+08:00,FJ-01,1480,2.1,2.0,56.0,0.24,217.7
2026-09-18T00:26:16+08:00,FJ-01,1480,2.2,2.0,55.9,0.24,217.0
2026-09-18T00:27:16+08:00,FJ-01,1478,2.2,2.0,56.4,0.25,217.2
2026-09-18T00:28:16+08:00,FJ-01,1479,2.2,2.0,56.2,0.24,216.0
2026-09-18T00:29:16+08:00,FJ-01,1480,2.2,2.0,56.0,0.24,218.6
2026-09-18T00:30:16+08:00,FJ-01,1479,2.1,2.1,56.1,0.24,216.6
2026-09-18T00:31:16+08:00,FJ-01,1478,2.3,2.0,56.2,0.24,216.4
2026-09-18T00:32:16+08:00,FJ-01,1480,2.2,1.9,56.2,0.24,217.2
2026-09-18T00:33:16+08:00,FJ-01,1479,2.2,2.0,56.1,0.24,217.7
2026-09-18T00:34:16+08:00,FJ-01,1479,2.2,2.0,55.9,0.24,216.1
2026-09-18T00:35:16+08:00,FJ-01,1481,2.1,2.0,55.9,0.24,216.9
2026-09-18T00:36:16+08:00,FJ-01,1480,2.3,2.0,55.8,0.24,218.5
2026-09-18T00:37:16+08:00,FJ-01,1479,2.2,2.0,56.3,0.25,218.8
2026-09-18T00:38:16+08:00,FJ-01,1480,2.2,2.0,55.9,0.24,217.9
2026-09-18T00:39:16+08:00,FJ-01,1480,2.1,2.0,56.5,0.24,217.0
2026-09-18T00:40:16+08:00,FJ-01,1482,2.2,2.0,56.7,0.24,216.8
2026-09-18T00:41:16+08:00,FJ-01,1478,2.2,2.0,56.2,0.25,216.2
2026-09-18T00:42:16+08:00,FJ-01,1480,2.1,2.0,56.2,0.24,217.8
2026-09-18T00:43:16+08:00,FJ-01,1481,2.1,2.0,56.7,0.24,217.4
2026-09-18T00:44:16+08:00,FJ-01,1479,2.1,2.0,56.5,0.24,217.7
2026-09-18T00:45:16+08:00,FJ-01,1479,2.2,2.0,55.5,0.24,217.1
2026-09-18T00:46:16+08:00,FJ-01,1479,2.2,2.0,55.6,0.24,217.5
2026-09-18T00:47:16+08:00,FJ-01,1481,2.2,2.0,56.0,0.24,217.8
2026-09-18T00:48:16+08:00,FJ-01,1481,2.2,2.1,56.3,0.25,217.0
2026-09-18T00:49:16+08:00,FJ-01,1479,2.2,2.0,56.0,0.24,217.3
2026-09-18T00:50:16+08:00,FJ-01,1479,2.2,2.0,56.5,0.24,216.1
2026-09-18T00:51:16+08:00,FJ-01,1478,2.2,2.0,55.5,0.24,217.6
2026-09-18T00:52:16+08:00,FJ-01,1482,2.2,2.0,55.9,0.24,216.1
2026-09-18T00:53:16+08:00,FJ-01,1478,2.2,2.0,56.1,0.24,217.5
2026-09-18T00:54:16+08:00,FJ-01,1480,2.2,2.0,56.2,0.25,217.5
2026-09-18T00:55:16+08:00,FJ-01,1480,2.2,1.9,56.2,0.25,218.0
2026-09-18T00:56:16+08:00,FJ-01,1481,2.2,2.0,56.3,0.24,217.3
2026-09-18T00:57:16+08:00,FJ-01,1478,2.2,2.0,56.4,0.24,218.4
2026-09-18T00:58:16+08:00,FJ-01,1481,2.2,2.0,55.8,0.24,217.7
2026-09-18T00:59:16+08:00,FJ-01,1479,2.2,2.0,56.4,0.23,217.0
2026-09-18T01:00:16+08:00,FJ-01,1479,2.2,2.0,55.1,0.24,216.7
2026-09-18T01:01:16+08:00,FJ-01,1480,2.3,2.0,56.5,0.24,217.5
2026-09-18T01:02:16+08:00,FJ-01,1479,2.2,2.0,55.8,0.24,217.5
2026-09-18T01:03:16+08:00,FJ-01,1479,2.2,1.9,56.2,0.24,217.1
2026-09-18T01:04:16+08:00,FJ-01,1480,2.2,2.0,55.7,0.24,217.3
2026-09-18T01:05:16+08:00,FJ-01,1479,2.2,2.0,55.8,0.24,216.6
2026-09-18T01:06:16+08:00,FJ-01,1480,2.2,2.0,55.9,0.24,216.2
2026-09-18T01:07:16+08:00,FJ-01,1480,2.2,2.0,55.9,0.24,217.4
2026-09-18T01:08:16+08:00,FJ-01,1479,2.2,2.0,55.5,0.24,216.7
2026-09-18T01:09:16+08:00,FJ-01,1478,2.2,2.0,55.9,0.24,217.9
2026-09-18T01:10:16+08:00,FJ-01,1479,2.2,2.0,56.2,0.24,217.6
2026-09-18T01:11:16+08:00,FJ-01,1479,2.2,2.0,55.9,0.24,216.1
2026-09-18T01:12:16+08:00,FJ-01,1480,2.2,1.9,55.1,0.24,217.3
2026-09-18T01:13:16+08:00,FJ-01,1482,2.2,2.0,56.5,0.24,218.0
2026-09-18T01:14:16+08:00,FJ-01,1480,2.2,2.0,56.4,0.24,217.0
2026-09-18T01:15:16+08:00,FJ-01,1479,2.2,2.0,55.6,0.24,217.2
2026-09-18T01:16:16+08:00,FJ-01,1480,2.2,2.0,56.5,0.25,214.3
2026-09-18T01:17:16+08:00,FJ-01,1479,2.2,2.0,55.8,0.24,217.2
2026-09-18T01:18:16+08:00,FJ-01,1479,2.3,2.0,56.4,0.24,217.2
2026-09-18T01:19:16+08:00,FJ-01,1479,2.2,2.0,55.4,0.24,217.3
2026-09-18T01:20:16+08:00,FJ-01,1479,2.2,2.0,55.2,0.24,216.1
2026-09-18T01:21:16+08:00,FJ-01,1478,2.2,2.0,55.7,0.24,218.4
2026-09-18T01:22:16+08:00,FJ-01,1478,2.2,2.0,55.7,0.24,216.5
2026-09-18T01:23:16+08:00,FJ-01,1479,2.2,2.0,55.3,0.24,216.7
2026-09-18T01:24:16+08:00,FJ-01,1480,2.2,2.1,56.2,0.24,216.1
2026-09-18T01:25:16+08:00,FJ-01,1479,2.2,1.9,55.5,0.24,215.9
2026-09-18T01:26:16+08:00,FJ-01,1479,2.2,2.0,56.2,0.24,218.0
2026-09-18T01:27:16+08:00,FJ-01,1480,2.2,2.0,56.2,0.24,215.8
2026-09-18T01:28:16+08:00,FJ-01,1480,2.2,2.0,56.1,0.24,217.2
2026-09-18T01:29:16+08:00,FJ-01,1481,2.2,1.9,55.9,0.25,218.4
2026-09-18T01:30:16+08:00,FJ-01,1480,2.1,2.0,55.8,0.24,216.3
2026-09-18T01:31:16+08:00,FJ-01,1479,2.2,2.1,56.0,0.24,216.2
2026-09-18T01:32:16+08:00,FJ-01,1480,2.2,2.0,56.1,0.24,216.6
2026-09-18T01:33:16+08:00,FJ-01,1479,2.2,2.0,55.8,0.24,217.8
2026-09-18T01:34:16+08:00,FJ-01,1479,2.2,2.0,56.1,0.24,217.3
2026-09-18T01:35:16+08:00,FJ-01,1479,2.2,2.0,56.4,0.24,217.6
2026-09-18T01:36:16+08:00,FJ-01,1479,2.2,2.0,56.1,0.24,216.7
2026-09-18T01:37:16+08:00,FJ-01,1479,2.2,1.9,56.1,0.24,217.4
2026-09-18T01:38:16+08:00,FJ-01,1479,2.2,2.0,55.7,0.24,216.1
2026-09-18T01:39:16+08:00,FJ-01,1479,2.2,2.0,55.4,0.24,216.3
2026-09-18T01:40:16+08:00,FJ-01,1481,2.2,2.0,56.0,0.24,215.5
2026-09-18T01:41:16+08:00,FJ-01,1479,2.2,2.0,55.4,0.24,217.3
2026-09-18T01:42:16+08:00,FJ-01,1480,2.3,1.9,55.4,0.24,218.0
2026-09-18T01:43:16+08:00,FJ-01,1479,2.1,2.0,55.7,0.25,217.4
2026-09-18T01:44:16+08:00,FJ-01,1479,2.2,2.0,56.6,0.24,216.9
2026-09-18T01:45:16+08:00,FJ-01,1481,2.2,2.0,55.7,0.24,216.1
2026-09-18T01:46:16+08:00,FJ-01,1479,2.2,2.0,56.3,0.23,216.6
2026-09-18T01:47:16+08:00,FJ-01,1479,2.2,2.0,55.5,0.24,216.4
2026-09-18T01:48:16+08:00,FJ-01,1480,2.2,2.0,56.6,0.25,218.1
2026-09-18T01:49:16+08:00,FJ-01,1479,2.2,2.0,55.8,0.24,216.7
2026-09-18T01:50:16+08:00,FJ-01,1480,2.3,2.0,56.1,0.24,215.9
2026-09-18T01:51:16+08:00,FJ-01,1479,2.2,2.0,55.9,0.24,215.7
2026-09-18T01:52:16+08:00,FJ-01,1480,2.2,2.0,56.0,0.24,218.0
2026-09-18T01:53:16+08:00,FJ-01,1479,2.2,2.0,56.6,0.24,218.2
2026-09-18T01:54:16+08:00,FJ-01,1480,2.2,2.0,55.9,0.24,217.1
2026-09-18T01:55:16+08:00,FJ-01,1479,2.2,2.0,56.0,0.24,217.7
2026-09-18T01:56:16+08:00,FJ-01,1479,2.2,2.1,56.2,0.24,216.5
2026-09-18T01:57:16+08:00,FJ-01,1480,2.1,2.0,56.6,0.24,217.6
2026-09-18T01:58:16+08:00,FJ-01,1479,2.2,2.0,55.8,0.24,217.3
2026-09-18T01:59:16+08:00,FJ-01,1478,2.3,2.0,55.8,0.25,217.2
2026-09-18T02:00:16+08:00,FJ-01,1480,2.2,2.1,56.1,0.24,217.3
2026-09-18T02:01:16+08:00,FJ-01,1480,2.2,2.0,55.7,0.24,217.6
2026-09-18T02:02:16+08:00,FJ-01,1479,2.2,2.0,56.4,0.24,216.9
2026-09-18T02:03:16+08:00,FJ-01,1479,2.2,2.0,55.7,0.24,216.7
2026-09-18T02:04:16+08:00,FJ-01,1479,2.2,2.0,55.9,0.25,217.1
2026-09-18T02:05:16+08:00,FJ-01,1479,2.2,1.9,56.1,0.25,218.2
2026-09-18T02:06:16+08:00,FJ-01,1482,2.2,2.0,55.6,0.25,218.0
2026-09-18T02:07:16+08:00,FJ-01,1480,2.2,2.0,55.0,0.25,217.8
2026-09-18T02:08:16+08:00,FJ-01,1480,2.2,2.0,56.1,0.24,216.3
2026-09-18T02:09:16+08:00,FJ-01,1479,2.2,2.0,55.6,0.25,216.9
2026-09-18T02:10:16+08:00,FJ-01,1479,2.2,2.1,55.7,0.24,216.2
2026-09-18T02:11:16+08:00,FJ-01,1480,2.2,2.0,56.1,0.25,217.1
2026-09-18T02:12:16+08:00,FJ-01,1479,2.2,2.0,56.3,0.24,216.7
2026-09-18T02:13:16+08:00,FJ-01,1480,2.2,2.0,56.0,0.24,217.6
2026-09-18T02:14:16+08:00,FJ-01,1479,2.2,1.9,56.3,0.24,218.5
2026-09-18T02:15:16+08:00,FJ-01,1478,2.2,2.0,55.7,0.24,217.5
2026-09-18T02:16:16+08:00,FJ-01,1480,2.2,1.9,56.1,0.24,216.7
2026-09-18T02:17:16+08:00,FJ-01,1478,2.2,2.0,56.7,0.24,218.2
2026-09-18T02:18:16+08:00,FJ-01,1479,2.2,2.0,56.4,0.24,218.5
2026-09-18T02:19:16+08:00,FJ-01,1479,2.2,2.0,56.4,0.24,217.3
2026-09-18T02:20:16+08:00,FJ-01,1480,2.2,2.0,55.8,0.24,215.4
2026-09-18T02:21:16+08:00,FJ-01,1479,2.2,2.0,55.7,0.25,217.0
2026-09-18T02:22:16+08:00,FJ-01,1481,2.2,2.0,56.3,0.25,217.9
2026-09-18T02:23:16+08:00,FJ-01,1478,2.2,2.0,55.4,0.24,217.0
2026-09-18T02:24:16+08:00,FJ-01,1479,2.2,2.0,56.5,0.24,215.9
2026-09-18T02:25:16+08:00,FJ-01,1480,2.2,2.0,56.3,0.24,217.9
2026-09-18T02:26:16+08:00,FJ-01,1479,2.2,2.1,56.5,0.24,216.0
2026-09-18T02:27:16+08:00,FJ-01,1481,2.2,2.0,55.8,0.24,216.9
2026-09-18T02:28:16+08:00,FJ-01,1478,2.1,1.9,55.6,0.25,216.5
2026-09-18T02:29:16+08:00,FJ-01,1479,2.2,2.0,55.8,0.24,217.0
2026-09-18T02:30:16+08:00,FJ-01,1478,2.2,2.0,55.7,0.24,217.5
2026-09-18T02:31:16+08:00,FJ-01,1480,2.2,2.0,56.1,0.24,217.1
2026-09-18T02:32:16+08:00,FJ-01,1479,2.2,2.0,55.8,0.24,218.1
2026-09-18T02:33:16+08:00,FJ-01,1480,2.2,2.0,56.6,0.25,216.6
2026-09-18T02:34:16+08:00,FJ-01,1480,2.2,2.0,55.9,0.24,217.8
2026-09-18T02:35:16+08:00,FJ-01,1480,2.2,2.1,55.8,0.24,218.5
2026-09-18T02:36:16+08:00,FJ-01,1480,2.2,1.9,55.9,0.24,217.3
2026-09-18T02:37:16+08:00,FJ-01,1480,2.2,2.0,55.5,0.25,217.3
2026-09-18T02:38:16+08:00,FJ-01,1480,2.2,1.9,55.6,0.24,218.2
2026-09-18T02:39:16+08:00,FJ-01,1479,2.2,2.0,56.0,0.23,216.8
2026-09-18T02:40:16+08:00,FJ-01,1480,2.2,2.0,55.5,0.24,217.5
2026-09-18T02:41:16+08:00,FJ-01,1479,2.2,2.0,55.2,0.24,216.7
2026-09-18T02:42:16+08:00,FJ-01,1480,2.2,2.0,55.8,0.24,218.5
2026-09-18T02:43:16+08:00,FJ-01,1479,2.2,2.0,56.2,0.24,218.2
2026-09-18T02:44:16+08:00,FJ-01,1480,2.2,2.0,56.0,0.25,217.8
2026-09-18T02:45:16+08:00,FJ-01,1480,2.2,2.0,55.5,0.24,217.6
2026-09-18T02:46:16+08:00,FJ-01,1480,2.2,1.9,55.6,0.24,217.4
2026-09-18T02:47:16+08:00,FJ-01,1479,2.2,2.0,56.0,0.24,216.9
2026-09-18T02:48:16+08:00,FJ-01,1480,2.2,2.0,56.7,0.24,217.4
2026-09-18T02:49:16+08:00,FJ-01,1478,2.2,2.0,56.3,0.24,216.8
2026-09-18T02:50:16+08:00,FJ-01,1480,2.2,2.0,55.0,0.24,216.7
2026-09-18T02:51:16+08:00,FJ-01,1480,2.2,2.0,56.6,0.24,216.0
2026-09-18T02:52:16+08:00,FJ-01,1479,2.2,2.0,56.2,0.24,217.9
2026-09-18T02:53:16+08:00,FJ-01,1479,2.2,2.0,56.0,0.25,218.2
2026-09-18T02:54:16+08:00,FJ-01,1478,2.2,2.0,56.1,0.24,217.3
2026-09-18T02:55:16+08:00,FJ-01,1480,2.2,2.0,55.8,0.24,216.0
2026-09-18T02:56:16+08:00,FJ-01,1479,2.2,2.0,55.7,0.24,218.3
2026-09-18T02:57:16+08:00,FJ-01,1479,2.2,2.0,56.5,0.25,217.0
2026-09-18T02:58:16+08:00,FJ-01,1480,2.2,2.0,56.1,0.24,218.0
2026-09-18T02:59:16+08:00,FJ-01,1480,2.2,2.0,55.5,0.24,218.6
2026-09-18T03:00:16+08:00,FJ-01,1479,2.2,2.0,56.7,0.24,215.4
2026-09-18T03:01:16+08:00,FJ-01,1479,2.2,2.0,55.9,0.24,216.8
2026-09-18T03:02:16+08:00,FJ-01,1479,2.2,2.0,55.4,0.25,217.7
2026-09-18T03:03:16+08:00,FJ-01,1480,2.2,2.0,55.6,0.25,218.4
2026-09-18T03:04:16+08:00,FJ-01,1479,2.2,2.0,56.3,0.24,216.7
2026-09-18T03:05:16+08:00,FJ-01,1480,2.2,2.1,56.4,0.24,216.7
2026-09-18T03:06:16+08:00,FJ-01,1480,2.2,1.9,56.1,0.25,218.8
2026-09-18T03:07:16+08:00,FJ-01,1479,2.2,2.0,56.5,0.24,215.7
2026-09-18T03:08:16+08:00,FJ-01,1480,2.2,2.0,55.9,0.25,218.5
2026-09-18T03:09:16+08:00,FJ-01,1479,2.2,2.0,56.7,0.24,216.5
2026-09-18T03:10:16+08:00,FJ-01,1479,2.2,2.0,57.0,0.24,217.0
2026-09-18T03:11:16+08:00,FJ-01,1480,2.2,2.1,56.0,0.24,216.8
2026-09-18T03:12:16+08:00,FJ-01,1479,2.1,2.0,56.4,0.24,216.5
2026-09-18T03:13:16+08:00,FJ-01,1479,2.2,2.0,56.0,0.24,217.3
2026-09-18T03:14:16+08:00,FJ-01,1478,2.2,2.0,56.2,0.24,217.5
2026-09-18T03:15:16+08:00,FJ-01,1480,2.2,2.0,56.6,0.25,217.4
2026-09-18T03:16:16+08:00,FJ-01,1480,2.2,2.0,56.6,0.25,217.8
2026-09-18T03:17:16+08:00,FJ-01,1479,2.3,2.0,55.5,0.25,217.5
2026-09-18T03:18:16+08:00,FJ-01,1480,2.1,2.0,56.4,0.24,218.0
2026-09-18T03:19:16+08:00,FJ-01,1478,2.2,2.1,56.4,0.24,217.5
2026-09-18T03:20:16+08:00,FJ-01,1479,2.2,2.0,55.9,0.24,216.0
2026-09-18T03:21:16+08:00,FJ-01,1481,2.2,2.0,55.9,0.25,216.9
2026-09-18T03:22:16+08:00,FJ-01,1480,2.2,2.0,56.5,0.24,217.7
2026-09-18T03:23:16+08:00,FJ-01,1479,2.2,2.0,55.8,0.24,217.3
2026-09-18T03:24:16+08:00,FJ-01,1480,2.2,2.0,55.9,0.24,217.2
2026-09-18T03:25:16+08:00,FJ-01,1479,2.2,2.0,56.3,0.24,216.8
2026-09-18T03:26:16+08:00,FJ-01,1480,2.2,2.0,56.1,0.25,218.2
2026-09-18T03:27:16+08:00,FJ-01,1479,2.2,2.0,56.6,0.24,215.5
2026-09-18T03:28:16+08:00,FJ-01,1480,2.1,2.1,56.4,0.24,217.4
2026-09-18T03:29:16+08:00,FJ-01,1480,2.2,2.0,56.0,0.24,218.6
2026-09-18T03:30:16+08:00,FJ-01,1478,2.2,2.0,56.0,0.24,219.4
2026-09-18T03:31:16+08:00,FJ-01,1479,2.2,2.0,56.4,0.24,216.8
2026-09-18T03:32:16+08:00,FJ-01,1481,2.2,2.0,57.0,0.24,216.7
2026-09-18T03:33:16+08:00,FJ-01,1479,2.2,2.0,56.5,0.24,215.9
2026-09-18T03:34:16+08:00,FJ-01,1479,2.2,2.0,56.6,0.24,217.9
2026-09-18T03:35:16+08:00,FJ-01,1477,2.2,2.0,55.9,0.24,218.1
2026-09-18T03:36:16+08:00,FJ-01,1480,2.3,2.0,55.7,0.25,217.1
2026-09-18T03:37:16+08:00,FJ-01,1479,2.2,2.0,56.3,0.24,217.5
2026-09-18T03:38:16+08:00,FJ-01,1480,2.2,2.0,56.5,0.24,217.5
2026-09-18T03:39:16+08:00,FJ-01,1479,2.2,2.0,56.0,0.24,219.1
2026-09-18T03:40:16+08:00,FJ-01,1479,2.2,2.0,56.4,0.24,217.4
2026-09-18T03:41:16+08:00,FJ-01,1479,2.1,2.0,56.6,0.24,217.5
2026-09-18T03:42:16+08:00,FJ-01,1482,2.2,2.0,56.0,0.24,216.7
2026-09-18T03:43:16+08:00,FJ-01,1478,2.2,2.0,55.2,0.24,218.1
2026-09-18T03:44:16+08:00,FJ-01,1479,2.2,2.0,55.7,0.24,217.5
2026-09-18T03:45:16+08:00,FJ-01,1479,2.2,2.0,57.0,0.24,217.5
2026-09-18T03:46:16+08:00,FJ-01,1479,2.2,2.0,55.9,0.24,217.3
2026-09-18T03:47:16+08:00,FJ-01,1479,2.3,2.1,55.8,0.24,217.7
2026-09-18T03:48:16+08:00,FJ-01,1480,2.2,2.0,56.3,0.24,219.1
2026-09-18T03:49:16+08:00,FJ-01,1480,2.2,2.0,55.6,0.25,217.3
2026-09-18T03:50:16+08:00,FJ-01,1479,2.3,2.0,56.0,0.24,217.1
2026-09-18T03:51:16+08:00,FJ-01,1479,2.2,2.0,56.5,0.25,215.6
2026-09-18T03:52:16+08:00,FJ-01,1481,2.2,2.0,55.9,0.24,218.3
2026-09-18T03:53:16+08:00,FJ-01,1479,2.2,2.0,55.4,0.24,217.8
2026-09-18T03:54:16+08:00,FJ-01,1479,2.2,2.1,56.3,0.24,216.8
2026-09-18T03:55:16+08:00,FJ-01,1479,2.2,2.0,56.1,0.24,219.4
2026-09-18T03:56:16+08:00,FJ-01,1480,2.2,2.0,55.4,0.24,217.8
2026-09-18T03:57:16+08:00,FJ-01,1479,2.2,2.0,56.3,0.24,217.4
2026-09-18T03:58:16+08:00,FJ-01,1479,2.2,1.9,55.8,0.24,216.7
2026-09-18T03:59:16+08:00,FJ-01,1479,2.2,2.0,56.0,0.24,217.0
2026-09-18T04:00:16+08:00,FJ-01,1480,2.2,2.0,55.9,0.24,217.9
2026-09-18T04:01:16+08:00,FJ-01,1478,2.2,2.0,56.3,0.24,217.0
2026-09-18T04:02:16+08:00,FJ-01,1478,2.2,2.0,56.2,0.24,216.4
2026-09-18T04:03:16+08:00,FJ-01,1481,2.2,2.0,55.8,0.24,216.3
2026-09-18T04:04:16+08:00,FJ-01,1480,2.2,2.0,56.0,0.24,217.3
2026-09-18T04:05:16+08:00,FJ-01,1479,2.2,2.0,56.0,0.24,217.9
2026-09-18T04:06:16+08:00,FJ-01,1480,2.3,2.0,55.6,0.24,217.2
2026-09-18T04:07:16+08:00,FJ-01,1478,2.2,2.0,56.4,0.25,218.1
2026-09-18T04:08:16+08:00,FJ-01,1480,2.2,2.0,56.4,0.24,215.9
2026-09-18T04:09:16+08:00,FJ-01,1478,2.2,2.0,56.6,0.25,217.7
2026-09-18T04:10:16+08:00,FJ-01,1480,2.3,2.0,56.3,0.24,217.7
2026-09-18T04:11:16+08:00,FJ-01,1481,2.2,2.0,55.9,0.24,216.1
2026-09-18T04:12:16+08:00,FJ-01,1480,2.2,2.0,55.6,0.24,217.6
2026-09-18T04:13:16+08:00,FJ-01,1479,2.2,2.0,55.5,0.24,215.6
2026-09-18T04:14:16+08:00,FJ-01,1480,2.3,2.0,56.4,0.25,218.2
2026-09-18T04:15:16+08:00,FJ-01,1481,2.2,2.0,56.3,0.24,217.4
2026-09-18T04:16:16+08:00,FJ-01,1480,2.3,2.0,56.4,0.24,217.5
2026-09-18T04:17:16+08:00,FJ-01,1480,2.2,2.0,55.8,0.24,217.4
2026-09-18T04:18:16+08:00,FJ-01,1480,2.2,2.0,55.7,0.24,217.0
2026-09-18T04:19:16+08:00,FJ-01,1480,2.2,2.0,56.4,0.24,218.0
2026-09-18T04:20:16+08:00,FJ-01,1481,2.3,2.0,56.2,0.25,218.4
2026-09-18T04:21:16+08:00,FJ-01,1479,2.2,2.0,56.2,0.24,217.9
2026-09-18T04:22:16+08:00,FJ-01,1479,2.2,2.0,56.0,0.24,217.2
2026-09-18T04:23:16+08:00,FJ-01,1480,2.2,2.1,56.4,0.24,217.6
2026-09-18T04:24:16+08:00,FJ-01,1481,2.3,2.0,56.1,0.24,217.9
2026-09-18T04:25:16+08:00,FJ-01,1480,2.2,2.0,56.4,0.25,218.5
2026-09-18T04:26:16+08:00,FJ-01,1480,2.2,2.0,56.0,0.23,216.0
2026-09-18T04:27:16+08:00,FJ-01,1481,2.3,2.0,55.8,0.24,216.4
2026-09-18T04:28:16+08:00,FJ-01,1479,2.3,2.0,55.8,0.24,217.6
2026-09-18T04:29:16+08:00,FJ-01,1479,2.2,2.0,56.8,0.24,217.8
2026-09-18T04:30:16+08:00,FJ-01,1478,2.2,2.0,56.2,0.24,217.5
2026-09-18T04:31:16+08:00,FJ-01,1479,2.1,2.0,56.5,0.24,218.3
2026-09-18T04:32:16+08:00,FJ-01,1480,2.2,2.0,55.4,0.24,216.9
2026-09-18T04:33:16+08:00,FJ-01,1479,2.2,2.0,56.5,0.24,216.7
2026-09-18T04:34:16+08:00,FJ-01,1480,2.2,1.9,56.5,0.24,217.9
2026-09-18T04:35:16+08:00,FJ-01,1479,2.2,2.1,56.2,0.24,216.9
2026-09-18T04:36:16+08:00,FJ-01,1479,2.2,2.0,56.6,0.24,217.5
2026-09-18T04:37:16+08:00,FJ-01,1479,2.2,2.0,55.6,0.24,217.7
2026-09-18T04:38:16+08:00,FJ-01,1479,2.2,1.9,56.1,0.24,216.9
2026-09-18T04:39:16+08:00,FJ-01,1480,2.2,2.0,56.1,0.24,216.8
2026-09-18T04:40:16+08:00,FJ-01,1479,2.2,2.0,55.9,0.24,217.9
2026-09-18T04:41:16+08:00,FJ-01,1479,2.2,2.0,55.8,0.24,216.6
2026-09-18T04:42:16+08:00,FJ-01,1480,2.2,2.0,56.4,0.25,217.5
2026-09-18T04:43:16+08:00,FJ-01,1478,2.2,1.9,55.7,0.24,218.7
2026-09-18T04:44:16+08:00,FJ-01,1477,2.2,2.0,56.4,0.24,216.8
2026-09-18T04:45:16+08:00,FJ-01,1480,2.2,2.0,56.5,0.24,216.7
2026-09-18T04:46:16+08:00,FJ-01,1479,2.2,2.0,56.3,0.25,216.3
2026-09-18T04:47:16+08:00,FJ-01,1480,2.2,2.0,56.2,0.25,217.4
2026-09-18T04:48:16+08:00,FJ-01,1480,2.3,2.1,56.5,0.24,217.9
2026-09-18T04:49:16+08:00,FJ-01,1481,2.2,2.0,56.1,0.24,216.3
2026-09-18T04:50:16+08:00,FJ-01,1479,2.3,2.0,56.3,0.24,218.2
2026-09-18T04:51:16+08:00,FJ-01,1479,2.2,2.0,55.9,0.25,217.6
2026-09-18T04:52:16+08:00,FJ-01,1480,2.2,2.0,57.1,0.24,216.6
2026-09-18T04:53:16+08:00,FJ-01,1480,2.2,2.0,55.7,0.24,217.9
2026-09-18T04:54:16+08:00,FJ-01,1479,2.2,2.0,56.3,0.25,218.4
2026-09-18T04:55:16+08:00,FJ-01,1479,2.2,2.0,56.8,0.24,217.7
2026-09-18T04:56:16+08:00,FJ-01,1478,2.2,2.0,55.9,0.24,217.0
2026-09-18T04:57:16+08:00,FJ-01,1480,2.2,2.0,56.9,0.24,217.7
2026-09-18T04:58:16+08:00,FJ-01,1478,2.2,2.0,56.2,0.24,217.9
2026-09-18T04:59:16+08:00,FJ-01,1480,2.2,2.0,56.8,0.25,217.3
2026-09-18T05:00:16+08:00,FJ-01,1481,2.2,2.1,56.4,0.25,216.2
2026-09-18T05:01:16+08:00,FJ-01,1479,2.2,2.0,56.0,0.25,217.0
2026-09-18T05:02:16+08:00,FJ-01,1480,2.2,2.0,55.2,0.24,217.3
2026-09-18T05:03:16+08:00,FJ-01,1481,2.2,2.0,56.9,0.24,217.9
2026-09-18T05:04:16+08:00,FJ-01,1480,2.2,2.0,55.9,0.24,216.9
2026-09-18T05:05:16+08:00,FJ-01,1479,2.2,2.1,57.1,0.24,217.7
2026-09-18T05:06:16+08:00,FJ-01,1479,2.2,2.0,56.8,0.24,218.2
2026-09-18T05:07:16+08:00,FJ-01,1479,2.1,2.1,55.5,0.24,218.4
2026-09-18T05:08:16+08:00,FJ-01,1480,2.2,2.1,56.0,0.24,216.5
2026-09-18T05:09:16+08:00,FJ-01,1481,2.2,2.0,55.8,0.24,217.3
2026-09-18T05:10:16+08:00,FJ-01,1480,2.2,2.0,55.9,0.25,216.3
2026-09-18T05:11:16+08:00,FJ-01,1478,2.3,1.9,56.8,0.24,217.8
2026-09-18T05:12:16+08:00,FJ-01,1480,2.2,2.0,56.9,0.25,216.9
2026-09-18T05:13:16+08:00,FJ-01,1480,2.2,2.0,56.2,0.25,216.4
2026-09-18T05:14:16+08:00,FJ-01,1480,2.2,2.0,56.5,0.24,215.9
2026-09-18T05:15:16+08:00,FJ-01,1480,2.2,2.0,55.7,0.24,218.4
2026-09-18T05:16:16+08:00,FJ-01,1480,2.2,2.0,56.1,0.25,217.9
2026-09-18T05:17:16+08:00,FJ-01,1479,2.2,2.0,56.4,0.24,217.0
2026-09-18T05:18:16+08:00,FJ-01,1480,2.2,1.9,56.0,0.24,216.3
2026-09-18T05:19:16+08:00,FJ-01,1480,2.2,2.0,55.8,0.24,217.7
2026-09-18T05:20:16+08:00,FJ-01,1479,2.3,2.0,55.5,0.24,218.3
2026-09-18T05:21:16+08:00,FJ-01,1480,2.3,2.1,55.8,0.24,219.4
2026-09-18T05:22:16+08:00,FJ-01,1481,2.2,2.0,55.5,0.24,217.4
2026-09-18T05:23:16+08:00,FJ-01,1479,2.2,2.0,56.4,0.24,217.8
2026-09-18T05:24:16+08:00,FJ-01,1478,2.3,2.1,56.6,0.24,218.2
2026-09-18T05:25:16+08:00,FJ-01,1478,2.2,2.1,56.6,0.24,219.0
2026-09-18T05:26:16+08:00,FJ-01,1480,2.2,2.0,56.1,0.25,216.7
2026-09-18T05:27:16+08:00,FJ-01,1480,2.2,2.0,55.8,0.24,217.8
2026-09-18T05:28:16+08:00,FJ-01,1479,2.2,2.0,55.5,0.24,218.4
2026-09-18T05:29:16+08:00,FJ-01,1479,2.2,2.0,56.4,0.24,216.4
2026-09-18T05:30:16+08:00,FJ-01,1479,2.2,2.0,55.8,0.24,217.7
2026-09-18T05:31:16+08:00,FJ-01,1479,2.2,2.1,55.4,0.25,216.7
2026-09-18T05:32:16+08:00,FJ-01,1478,2.2,2.0,56.2,0.24,217.1
2026-09-18T05:33:16+08:00,FJ-01,1479,2.2,2.1,56.0,0.24,217.2
2026-09-18T05:34:16+08:00,FJ-01,1478,2.2,2.0,56.0,0.24,218.4
2026-09-18T05:35:16+08:00,FJ-01,1480,2.2,2.0,56.2,0.25,216.4
2026-09-18T05:36:16+08:00,FJ-01,1479,2.1,2.0,56.9,0.24,216.6
2026-09-18T05:37:16+08:00,FJ-01,1479,2.2,2.0,55.9,0.25,217.5
2026-09-18T05:38:16+08:00,FJ-01,1480,2.3,2.0,55.5,0.24,217.7
2026-09-18T05:39:16+08:00,FJ-01,1480,2.2,2.0,56.8,0.23,218.5
2026-09-18T05:40:16+08:00,FJ-01,1480,2.2,2.0,56.6,0.24,217.6
2026-09-18T05:41:16+08:00,FJ-01,1480,2.2,2.0,56.3,0.24,217.2
2026-09-18T05:42:16+08:00,FJ-01,1480,2.3,2.0,57.0,0.24,217.0
2026-09-18T05:43:16+08:00,FJ-01,1480,2.2,2.0,56.0,0.25,218.2
2026-09-18T05:44:16+08:00,FJ-01,1479,2.1,2.1,56.2,0.24,216.8
2026-09-18T05:45:16+08:00,FJ-01,1478,2.2,2.0,55.9,0.25,218.3
2026-09-18T05:46:16+08:00,FJ-01,1479,2.2,2.1,56.0,0.25,217.6
2026-09-18T05:47:16+08:00,FJ-01,1478,2.1,2.0,56.7,0.24,215.5
2026-09-18T05:48:16+08:00,FJ-01,1479,2.2,2.1,56.3,0.24,217.8
2026-09-18T05:49:16+08:00,FJ-01,1481,2.3,2.0,56.4,0.25,219.4
2026-09-18T05:50:16+08:00,FJ-01,1480,2.2,2.0,56.0,0.24,216.9
2026-09-18T05:51:16+08:00,FJ-01,1480,2.2,2.0,56.5,0.24,218.1
2026-09-18T05:52:16+08:00,FJ-01,1479,2.3,2.0,56.6,0.24,216.7
2026-09-18T05:53:16+08:00,FJ-01,1478,2.2,2.0,56.2,0.24,218.2
2026-09-18T05:54:16+08:00,FJ-01,1480,2.2,2.0,56.3,0.25,217.7
2026-09-18T05:55:16+08:00,FJ-01,1479,2.2,2.0,55.9,0.24,217.6
2026-09-18T05:56:16+08:00,FJ-01,1479,2.2,1.9,56.5,0.24,217.6
2026-09-18T05:57:16+08:00,FJ-01,1481,2.3,2.0,55.7,0.24,217.8
2026-09-18T05:58:16+08:00,FJ-01,1480,2.2,2.0,56.4,0.25,218.2
2026-09-18T05:59:16+08:00,FJ-01,1479,2.2,2.0,56.3,0.24,217.5
2026-09-18T06:00:16+08:00,FJ-01,1479,2.2,2.0,56.5,0.25,218.4
2026-09-18T06:01:16+08:00,FJ-01,1479,2.3,2.0,56.3,0.24,217.1
2026-09-18T06:02:16+08:00,FJ-01,1481,2.2,2.0,56.4,0.24,216.5
2026-09-18T06:03:16+08:00,FJ-01,1480,2.2,2.0,56.1,0.24,217.9
2026-09-18T06:04:16+08:00,FJ-01,1478,2.2,2.1,55.4,0.24,217.0
2026-09-18T06:05:16+08:00,FJ-01,1478,2.2,2.0,56.6,0.24,216.8
2026-09-18T06:06:16+08:00,FJ-01,1479,2.2,2.0,56.2,0.25,217.8
2026-09-18T06:07:16+08:00,FJ-01,1480,2.2,2.0,55.7,0.24,218.0
2026-09-18T06:08:16+08:00,FJ-01,1480,2.2,2.0,56.6,0.24,217.6
2026-09-18T06:09:16+08:00,FJ-01,1480,2.2,2.0,55.2,0.24,217.8
2026-09-18T06:10:16+08:00,FJ-01,1479,2.2,2.0,55.8,0.24,217.6
2026-09-18T06:11:16+08:00,FJ-01,1479,2.2,2.1,56.1,0.24,216.5
2026-09-18T06:12:16+08:00,FJ-01,1479,2.2,2.0,56.2,0.24,217.0
2026-09-18T06:13:16+08:00,FJ-01,1479,2.2,2.0,56.2,0.24,217.4
2026-09-18T06:14:16+08:00,FJ-01,1479,2.2,2.0,55.9,0.24,217.7
2026-09-18T06:15:16+08:00,FJ-01,1480,2.2,2.0,56.1,0.24,218.1
2026-09-18T06:16:16+08:00,FJ-01,1479,2.2,2.0,57.0,0.24,218.5
2026-09-18T06:17:16+08:00,FJ-01,1480,2.2,2.0,56.4,0.24,215.6
2026-09-18T06:18:16+08:00,FJ-01,1480,2.2,2.0,55.4,0.24,216.1
2026-09-18T06:19:16+08:00,FJ-01,1479,2.2,2.0,55.6,0.24,218.0
2026-09-18T06:20:16+08:00,FJ-01,1479,2.2,1.9,56.8,0.24,218.1
2026-09-18T06:21:16+08:00,FJ-01,1480,2.2,2.0,55.9,0.25,218.8
2026-09-18T06:22:16+08:00,FJ-01,1480,2.2,2.1,56.3,0.24,217.3
2026-09-18T06:23:16+08:00,FJ-01,1480,2.2,2.0,56.5,0.25,218.1
2026-09-18T06:24:16+08:00,FJ-01,1479,2.2,2.0,55.7,0.24,216.5
2026-09-18T06:25:16+08:00,FJ-01,1480,2.2,2.0,56.4,0.24,217.8
2026-09-18T06:26:16+08:00,FJ-01,1478,2.2,2.1,55.9,0.24,217.7
2026-09-18T06:27:16+08:00,FJ-01,1478,2.2,2.0,56.0,0.24,218.4
2026-09-18T06:28:16+08:00,FJ-01,1478,2.2,2.1,56.5,0.24,218.0
2026-09-18T06:29:16+08:00,FJ-01,1480,2.2,2.0,56.5,0.24,219.1
2026-09-18T06:30:16+08:00,FJ-01,1479,2.3,2.0,56.4,0.24,216.8
2026-09-18T06:31:16+08:00,FJ-01,1479,2.2,2.0,55.7,0.24,219.0
2026-09-18T06:32:16+08:00,FJ-01,1479,2.2,2.0,56.4,0.24,216.9
2026-09-18T06:33:16+08:00,FJ-01,1480,2.2,2.1,56.2,0.24,217.5
2026-09-18T06:34:16+08:00,FJ-01,1479,2.3,2.0,56.3,0.24,216.4
2026-09-18T06:35:16+08:00,FJ-01,1478,2.2,2.1,56.4,0.24,216.5
2026-09-18T06:36:16+08:00,FJ-01,1479,2.2,2.0,56.5,0.24,217.4
2026-09-18T06:37:16+08:00,FJ-01,1479,2.1,2.0,56.2,0.24,217.3
2026-09-18T06:38:16+08:00,FJ-01,1479,2.2,2.0,56.7,0.24,216.5
2026-09-18T06:39:16+08:00,FJ-01,1479,2.1,2.0,55.8,0.24,218.2
2026-09-18T06:40:16+08:00,FJ-01,1480,2.2,2.0,55.5,0.25,219.4
2026-09-18T06:41:16+08:00,FJ-01,1479,2.2,2.0,56.0,0.24,217.1
2026-09-18T06:42:16+08:00,FJ-01,1481,2.2,2.0,56.0,0.24,216.3
2026-09-18T06:43:16+08:00,FJ-01,1480,2.2,2.0,56.3,0.24,217.1
2026-09-18T06:44:16+08:00,FJ-01,1481,2.2,2.0,56.4,0.24,216.7
2026-09-18T06:45:16+08:00,FJ-01,1481,2.2,2.1,56.1,0.25,216.9
2026-09-18T06:46:16+08:00,FJ-01,1478,2.2,2.0,56.4,0.24,216.4
2026-09-18T06:47:16+08:00,FJ-01,1479,2.2,2.0,56.1,0.24,218.6
2026-09-18T06:48:16+08:00,FJ-01,1480,2.2,2.1,56.5,0.24,217.3
2026-09-18T06:49:16+08:00,FJ-01,1481,2.2,2.0,56.2,0.24,218.3
2026-09-18T06:50:16+08:00,FJ-01,1479,2.2,2.0,56.4,0.24,217.6
2026-09-18T06:51:16+08:00,FJ-01,1478,2.2,1.9,56.2,0.24,217.2
2026-09-18T06:52:16+08:00,FJ-01,1480,2.3,2.1,56.6,0.24,217.3
2026-09-18T06:53:16+08:00,FJ-01,1480,2.3,2.0,55.2,0.24,219.1
2026-09-18T06:54:16+08:00,FJ-01,1479,2.2,2.1,56.5,0.24,217.7
2026-09-18T06:55:16+08:00,FJ-01,1478,2.3,2.0,56.6,0.24,217.2
2026-09-18T06:56:16+08:00,FJ-01,1479,2.2,2.1,55.7,0.24,219.1
2026-09-18T06:57:16+08:00,FJ-01,1479,2.2,2.0,56.8,0.24,218.2
2026-09-18T06:58:16+08:00,FJ-01,1478,2.2,2.0,55.7,0.24,216.6
2026-09-18T06:59:16+08:00,FJ-01,1480,2.2,2.0,56.3,0.24,218.1
2026-09-18T07:00:16+08:00,FJ-01,1479,2.3,2.0,55.8,0.24,218.4
2026-09-18T07:01:16+08:00,FJ-01,1478,2.2,2.1,55.8,0.24,216.4
2026-09-18T07:02:16+08:00,FJ-01,1479,2.2,2.0,55.6,0.24,217.5
2026-09-18T07:03:16+08:00,FJ-01,1479,2.2,2.0,55.8,0.25,218.0
2026-09-18T07:04:16+08:00,FJ-01,1480,2.3,2.0,56.1,0.24,217.4
2026-09-18T07:05:16+08:00,FJ-01,1481,2.2,2.0,56.8,0.25,217.1
2026-09-18T07:06:16+08:00,FJ-01,1480,2.2,2.0,56.3,0.24,217.5
2026-09-18T07:07:16+08:00,FJ-01,1479,2.2,2.0,55.9,0.24,218.0
2026-09-18T07:08:16+08:00,FJ-01,1480,2.2,2.0,56.4,0.24,218.0
2026-09-18T07:09:16+08:00,FJ-01,1479,2.2,2.0,56.0,0.24,217.7
2026-09-18T07:10:16+08:00,FJ-01,1479,2.2,2.0,56.4,0.24,218.7
2026-09-18T07:11:16+08:00,FJ-01,1480,2.2,2.0,55.7,0.24,217.7
2026-09-18T07:12:16+08:00,FJ-01,1479,2.2,2.1,56.4,0.24,218.2
2026-09-18T07:13:16+08:00,FJ-01,1479,2.2,2.0,56.0,0.25,217.4
2026-09-18T07:14:16+08:00,FJ-01,1480,2.3,2.0,55.9,0.24,217.8
2026-09-18T07:15:16+08:00,FJ-01,1479,2.2,2.1,56.1,0.25,217.5
2026-09-18T07:16:16+08:00,FJ-01,1479,2.2,2.1,56.0,0.25,217.7
2026-09-18T07:17:16+08:00,FJ-01,1480,2.2,2.0,56.2,0.25,217.3
2026-09-18T07:18:16+08:00,FJ-01,1478,2.2,2.0,56.4,0.24,216.9
2026-09-18T07:19:16+08:00,FJ-01,1479,2.2,2.0,55.7,0.24,218.4
2026-09-18T07:20:16+08:00,FJ-01,1480,2.2,2.0,56.1,0.24,218.1
2026-09-18T07:21:16+08:00,FJ-01,1480,2.2,2.0,55.9,0.24,219.0
2026-09-18T07:22:16+08:00,FJ-01,1479,2.2,2.1,56.2,0.24,217.9
2026-09-18T07:23:16+08:00,FJ-01,1481,2.2,2.0,56.2,0.24,217.9
2026-09-18T07:24:16+08:00,FJ-01,1479,2.2,2.1,55.8,0.24,216.7
2026-09-18T07:25:16+08:00,FJ-01,1480,2.2,2.0,56.2,0.24,216.6
2026-09-18T07:26:16+08:00,FJ-01,1479,2.2,2.0,55.5,0.24,218.1
2026-09-18T07:27:16+08:00,FJ-01,1480,2.2,2.1,56.2,0.25,217.3
2026-09-18T07:28:16+08:00,FJ-01,1480,2.2,2.0,57.1,0.24,217.9
2026-09-18T07:29:16+08:00,FJ-01,1479,2.2,2.0,55.9,0.24,217.7
2026-09-18T07:30:16+08:00,FJ-01,1479,2.3,2.0,55.9,0.24,219.1
2026-09-18T07:31:16+08:00,FJ-01,1478,2.3,2.0,56.0,0.24,217.3
2026-09-18T07:32:16+08:00,FJ-01,1478,2.2,2.0,56.1,0.24,217.9
2026-09-18T07:33:16+08:00,FJ-01,1479,2.3,2.0,56.7,0.24,217.2
2026-09-18T07:34:16+08:00,FJ-01,1478,2.1,2.0,55.7,0.24,218.7
2026-09-18T07:35:16+08:00,FJ-01,1478,2.2,2.0,55.5,0.25,218.3
2026-09-18T07:36:16+08:00,FJ-01,1477,2.3,2.0,56.8,0.24,217.8
2026-09-18T07:37:16+08:00,FJ-01,1480,2.1,2.0,56.5,0.24,218.1
2026-09-18T07:38:16+08:00,FJ-01,1480,2.2,2.1,56.5,0.25,217.9
2026-09-18T07:39:16+08:00,FJ-01,1480,2.2,2.0,56.3,0.24,218.3
2026-09-18T07:40:16+08:00,FJ-01,1479,2.2,2.0,56.3,0.24,217.1
2026-09-18T07:41:16+08:00,FJ-01,1479,2.2,2.0,56.4,0.24,217.9
2026-09-18T07:42:16+08:00,FJ-01,1479,2.3,2.1,56.0,0.24,216.8
2026-09-18T07:43:16+08:00,FJ-01,1479,2.2,2.0,56.3,0.25,217.8
2026-09-18T07:44:16+08:00,FJ-01,1480,2.2,2.1,56.9,0.24,217.9
2026-09-18T07:45:16+08:00,FJ-01,1479,2.2,2.0,55.7,0.24,218.5
2026-09-18T07:46:16+08:00,FJ-01,1481,2.3,2.0,56.7,0.24,217.6
2026-09-18T07:47:16+08:00,FJ-01,1479,2.3,2.1,55.8,0.24,219.3
2026-09-18T07:48:16+08:00,FJ-01,1480,2.2,2.0,56.4,0.25,218.4
2026-09-18T07:49:16+08:00,FJ-01,1481,2.2,2.0,56.7,0.24,217.2
2026-09-18T07:50:16+08:00,FJ-01,1478,2.2,2.0,56.3,0.24,217.4
2026-09-18T07:51:16+08:00,FJ-01,1479,2.3,2.1,56.0,0.24,219.3
2026-09-18T07:52:16+08:00,FJ-01,1480,2.2,2.0,56.6,0.24,217.8
2026-09-18T07:53:16+08:00,FJ-01,1479,2.2,2.1,56.4,0.25,216.4
2026-09-18T07:54:16+08:00,FJ-01,1479,2.2,2.0,57.0,0.24,217.0
2026-09-18T07:55:16+08:00,FJ-01,1479,2.2,2.1,56.2,0.24,218.6
2026-09-18T07:56:16+08:00,FJ-01,1481,2.2,2.0,56.3,0.24,218.1
2026-09-18T07:57:16+08:00,FJ-01,1480,2.2,2.0,56.2,0.24,218.8
2026-09-18T07:58:16+08:00,FJ-01,1480,2.3,2.1,56.1,0.24,217.2
2026-09-18T07:59:16+08:00,FJ-01,1481,2.3,2.0,56.3,0.24,217.8
2026-09-18T08:00:16+08:00,FJ-01,1479,2.2,2.0,55.9,0.24,217.8
2026-09-18T08:01:16+08:00,FJ-01,1480,2.2,2.1,55.8,0.24,218.6
2026-09-18T08:02:16+08:00,FJ-01,1480,2.2,2.1,55.5,0.25,217.9
2026-09-18T08:03:16+08:00,FJ-01,1479,2.3,2.1,56.8,0.24,218.3
2026-09-18T08:04:16+08:00,FJ-01,1480,2.2,2.1,55.8,0.25,217.7
2026-09-18T08:05:16+08:00,FJ-01,1480,2.2,2.1,56.9,0.24,217.2
2026-09-18T08:06:16+08:00,FJ-01,1479,2.2,1.9,55.6,0.24,218.0
2026-09-18T08:07:16+08:00,FJ-01,1479,2.2,2.0,56.1,0.24,218.0
2026-09-18T08:08:16+08:00,FJ-01,1480,2.2,2.1,55.4,0.24,217.4
2026-09-18T08:09:16+08:00,FJ-01,1480,2.2,2.0,56.1,0.24,217.7
2026-09-18T08:10:16+08:00,FJ-01,1479,2.2,2.0,56.2,0.24,218.4
2026-09-18T08:11:16+08:00,FJ-01,1479,2.2,2.0,56.2,0.24,218.8
2026-09-18T08:12:16+08:00,FJ-01,1479,2.2,2.0,56.5,0.24,217.1
2026-09-18T08:13:16+08:00,FJ-01,1479,2.3,1.9,55.8,0.24,218.5
2026-09-18T08:14:16+08:00,FJ-01,1480,2.2,2.0,56.4,0.24,217.3
2026-09-18T08:15:16+08:00,FJ-01,1479,2.2,2.0,56.3,0.24,217.1
2026-09-18T08:16:16+08:00,FJ-01,1479,2.2,2.0,56.8,0.24,218.0
2026-09-18T08:17:16+08:00,FJ-01,1480,2.2,2.0,55.7,0.24,217.6
2026-09-18T08:18:16+08:00,FJ-01,1480,2.2,2.0,56.5,0.24,218.3
2026-09-18T08:19:16+08:00,FJ-01,1480,2.2,2.0,56.8,0.25,217.7
2026-09-18T08:20:16+08:00,FJ-01,1480,2.2,2.0,56.2,0.24,219.2
2026-09-18T08:21:16+08:00,FJ-01,1480,2.2,2.0,56.5,0.24,217.0
2026-09-18T08:22:16+08:00,FJ-01,1478,2.2,2.0,56.6,0.24,219.1
2026-09-18T08:23:16+08:00,FJ-01,1479,2.2,2.0,55.6,0.24,216.9
2026-09-18T08:24:16+08:00,FJ-01,1480,2.2,2.0,56.9,0.24,217.2
2026-09-18T08:25:16+08:00,FJ-01,1479,2.2,2.0,56.6,0.25,219.1
2026-09-18T08:26:16+08:00,FJ-01,1481,2.2,2.0,55.9,0.24,218.3
2026-09-18T08:27:16+08:00,FJ-01,1478,2.3,2.0,56.1,0.25,218.0
2026-09-18T08:28:16+08:00,FJ-01,1480,2.2,2.1,56.1,0.24,217.0
2026-09-18T08:29:16+08:00,FJ-01,1478,2.2,2.0,56.2,0.24,218.4
2026-09-18T08:30:16+08:00,FJ-01,1480,2.2,2.0,56.0,0.24,217.5
2026-09-18T08:31:16+08:00,FJ-01,1480,2.3,2.1,56.4,0.24,217.8
2026-09-18T08:32:16+08:00,FJ-01,1481,2.3,2.0,56.5,0.24,217.5
2026-09-18T08:33:16+08:00,FJ-01,1480,2.2,2.1,56.9,0.24,218.0
2026-09-18T08:34:16+08:00,FJ-01,1480,2.3,2.0,56.3,0.25,217.3
2026-09-18T08:35:16+08:00,FJ-01,1480,2.2,2.0,56.5,0.24,217.9
2026-09-18T08:36:16+08:00,FJ-01,1481,2.2,2.0,56.2,0.24,217.9
2026-09-18T08:37:16+08:00,FJ-01,1480,2.2,2.0,56.7,0.24,217.5
2026-09-18T08:38:16+08:00,FJ-01,1480,2.2,2.0,55.9,0.24,219.4
2026-09-18T08:39:16+08:00,FJ-01,1478,2.2,2.0,55.9,0.24,216.8
2026-09-18T08:40:16+08:00,FJ-01,1480,2.2,2.1,55.9,0.24,218.2
2026-09-18T08:41:16+08:00,FJ-01,1480,2.3,2.0,56.8,0.24,219.4
2026-09-18T08:42:16+08:00,FJ-01,1479,2.3,2.0,57.1,0.24,216.6
2026-09-18T08:43:16+08:00,FJ-01,1480,2.3,2.1,56.2,0.24,217.8
2026-09-18T08:44:16+08:00,FJ-01,1481,2.3,2.0,56.6,0.24,218.7
2026-09-18T08:45:16+08:00,FJ-01,1479,2.2,2.0,55.6,0.24,218.7
2026-09-18T08:46:16+08:00,FJ-01,1480,2.2,2.0,56.3,0.25,217.4
2026-09-18T08:47:16+08:00,FJ-01,1480,2.2,2.1,56.5,0.24,219.7
2026-09-18T08:48:16+08:00,FJ-01,1481,2.3,2.0,56.0,0.24,217.8
2026-09-18T08:49:16+08:00,FJ-01,1479,2.3,2.0,56.3,0.24,216.6
2026-09-18T08:50:16+08:00,FJ-01,1480,2.3,2.0,56.3,0.24,217.3
2026-09-18T08:51:16+08:00,FJ-01,1479,2.2,2.0,55.7,0.24,216.1
2026-09-18T08:52:16+08:00,FJ-01,1479,2.2,2.0,56.3,0.24,216.4
2026-09-18T08:53:16+08:00,FJ-01,1480,2.2,2.0,56.4,0.24,218.9
2026-09-18T08:54:16+08:00,FJ-01,1479,2.2,2.0,56.0,0.25,216.8
2026-09-18T08:55:16+08:00,FJ-01,1480,2.2,2.0,56.6,0.25,218.2
2026-09-18T08:56:16+08:00,FJ-01,1479,2.2,2.0,56.7,0.24,217.6
2026-09-18T08:57:16+08:00,FJ-01,1480,2.3,2.0,56.6,0.24,218.5
2026-09-18T08:58:16+08:00,FJ-01,1479,2.2,2.0,55.7,0.24,218.0
2026-09-18T08:59:16+08:00,FJ-01,1480,2.3,1.9,55.6,0.25,218.4
2026-09-18T09:00:16+08:00,FJ-01,1481,2.2,2.1,57.1,0.24,216.5
2026-09-18T09:01:16+08:00,FJ-01,1479,2.2,2.1,56.1,0.24,218.8
2026-09-18T09:02:16+08:00,FJ-01,1480,2.2,2.0,55.9,0.24,218.8
2026-09-18T09:03:16+08:00,FJ-01,1479,2.2,2.0,56.0,0.24,216.6
2026-09-18T09:04:16+08:00,FJ-01,1480,2.3,2.0,56.0,0.24,216.5
2026-09-18T09:05:16+08:00,FJ-01,1479,2.2,2.0,56.5,0.24,218.3
2026-09-18T09:06:16+08:00,FJ-01,1481,2.2,2.0,55.7,0.24,217.1
2026-09-18T09:07:16+08:00,FJ-01,1479,2.3,2.0,55.8,0.25,217.7
2026-09-18T09:08:16+08:00,FJ-01,1480,2.2,2.0,56.0,0.24,218.8
2026-09-18T09:09:16+08:00,FJ-01,1481,2.2,2.0,56.9,0.24,216.7
2026-09-18T09:10:16+08:00,FJ-01,1479,2.2,2.0,56.3,0.24,217.6
2026-09-18T09:11:16+08:00,FJ-01,1480,2.3,2.0,56.5,0.25,218.4
2026-09-18T09:12:16+08:00,FJ-01,1481,2.2,2.0,56.4,0.24,217.1
2026-09-18T09:13:16+08:00,FJ-01,1480,2.2,2.0,56.5,0.24,218.7
2026-09-18T09:14:16+08:00,FJ-01,1479,2.2,2.0,56.1,0.25,217.7
2026-09-18T09:15:16+08:00,FJ-01,1480,2.3,2.0,56.2,0.24,216.3
2026-09-18T09:16:16+08:00,FJ-01,1480,2.2,2.0,56.8,0.24,216.0
2026-09-18T09:17:16+08:00,FJ-01,1479,2.2,2.0,56.0,0.24,218.0
2026-09-18T09:18:16+08:00,FJ-01,1479,2.3,2.0,56.4,0.24,217.9
2026-09-18T09:19:16+08:00,FJ-01,1480,2.2,2.0,56.3,0.24,217.9
2026-09-18T09:20:16+08:00,FJ-01,1482,2.2,2.0,56.6,0.24,217.0
2026-09-18T09:21:16+08:00,FJ-01,1479,2.2,2.1,56.1,0.24,217.6
2026-09-18T09:22:16+08:00,FJ-01,1479,2.2,2.1,55.9,0.24,217.8
2026-09-18T09:23:16+08:00,FJ-01,1479,2.2,2.0,55.5,0.24,217.2
2026-09-18T09:24:16+08:00,FJ-01,1481,2.2,2.0,55.8,0.24,216.7
2026-09-18T09:25:16+08:00,FJ-01,1480,2.3,2.0,56.0,0.24,216.7
2026-09-18T09:26:16+08:00,FJ-01,1480,2.2,2.0,55.7,0.25,217.4
2026-09-18T09:27:16+08:00,FJ-01,1478,2.2,2.0,56.2,0.24,218.5
2026-09-18T09:28:16+08:00,FJ-01,1480,2.3,2.1,56.1,0.24,218.3
2026-09-18T09:29:16+08:00,FJ-01,1478,2.3,2.0,56.1,0.24,216.8
2026-09-18T09:30:16+08:00,FJ-01,1479,2.2,2.0,55.3,0.24,218.3
2026-09-18T09:31:16+08:00,FJ-01,1481,2.2,2.0,56.3,0.24,216.9
2026-09-18T09:32:16+08:00,FJ-01,1479,2.2,2.0,56.6,0.24,217.3
2026-09-18T09:33:16+08:00,FJ-01,1480,2.3,2.0,56.5,0.24,218.1
2026-09-18T09:34:16+08:00,FJ-01,1480,2.3,2.0,57.1,0.24,218.5
2026-09-18T09:35:16+08:00,FJ-01,1478,2.2,2.0,56.6,0.24,218.3
2026-09-18T09:36:16+08:00,FJ-01,1479,2.3,2.0,56.4,0.24,218.0
2026-09-18T09:37:16+08:00,FJ-01,1480,2.2,1.9,55.7,0.25,218.4
2026-09-18T09:38:16+08:00,FJ-01,1481,2.2,2.1,56.2,0.25,217.5
2026-09-18T09:39:16+08:00,FJ-01,1479,2.3,2.0,56.9,0.25,217.9
2026-09-18T09:40:16+08:00,FJ-01,1481,2.2,2.0,56.4,0.24,218.4
2026-09-18T09:41:16+08:00,FJ-01,1480,2.3,2.0,55.7,0.24,217.6
2026-09-18T09:42:16+08:00,FJ-01,1478,2.2,2.0,56.9,0.24,217.2
2026-09-18T09:43:16+08:00,FJ-01,1479,2.2,2.0,56.3,0.25,220.0
2026-09-18T09:44:16+08:00,FJ-01,1481,2.2,2.1,56.3,0.25,218.3
2026-09-18T09:45:16+08:00,FJ-01,1479,2.3,2.0,56.0,0.24,217.7
2026-09-18T09:46:16+08:00,FJ-01,1478,2.3,2.1,55.8,0.25,216.5
2026-09-18T09:47:16+08:00,FJ-01,1480,2.2,2.0,56.5,0.24,217.7
2026-09-18T09:48:16+08:00,FJ-01,1480,2.2,2.1,56.8,0.24,219.0
2026-09-18T09:49:16+08:00,FJ-01,1478,2.2,2.0,56.7,0.25,218.7
2026-09-18T09:50:16+08:00,FJ-01,1480,2.3,2.0,55.7,0.25,218.3
2026-09-18T09:51:16+08:00,FJ-01,1480,2.2,2.1,55.9,0.24,217.3
2026-09-18T09:52:16+08:00,FJ-01,1480,2.3,2.0,56.2,0.25,218.6
2026-09-18T09:53:16+08:00,FJ-01,1480,2.2,2.0,55.5,0.25,217.3
2026-09-18T09:54:16+08:00,FJ-01,1479,2.2,2.0,56.7,0.24,217.1
2026-09-18T09:55:16+08:00,FJ-01,1479,2.2,2.1,55.7,0.24,218.3
2026-09-18T09:56:16+08:00,FJ-01,1480,2.2,2.0,55.3,0.24,217.5
2026-09-18T09:57:16+08:00,FJ-01,1479,2.3,2.1,56.1,0.24,217.9
2026-09-18T09:58:16+08:00,FJ-01,1478,2.2,2.1,56.2,0.24,218.8
2026-09-18T09:59:16+08:00,FJ-01,1480,2.2,2.0,56.1,0.24,218.5
2026-09-18T10:00:16+08:00,FJ-01,1479,2.2,2.1,56.0,0.24,217.9
2026-09-18T10:01:16+08:00,FJ-01,1479,2.2,2.0,55.7,0.24,216.9
2026-09-18T10:02:16+08:00,FJ-01,1479,2.3,2.1,57.2,0.24,217.0
2026-09-18T10:03:16+08:00,FJ-01,1480,2.2,2.0,55.9,0.25,217.8
2026-09-18T10:04:16+08:00,FJ-01,1480,2.2,2.0,55.6,0.24,217.6
2026-09-18T10:05:16+08:00,FJ-01,1480,2.2,2.0,56.3,0.25,217.8
2026-09-18T10:06:16+08:00,FJ-01,1481,2.1,2.0,56.2,0.24,215.7
2026-09-18T10:07:16+08:00,FJ-01,1480,2.2,2.0,56.2,0.24,217.4
2026-09-18T10:08:16+08:00,FJ-01,1480,2.2,2.1,56.8,0.24,217.2
2026-09-18T10:09:16+08:00,FJ-01,1480,2.2,2.0,56.4,0.25,218.8
2026-09-18T10:10:16+08:00,FJ-01,1480,2.2,2.0,56.9,0.24,217.8
2026-09-18T10:11:16+08:00,FJ-01,1479,2.2,2.0,55.2,0.25,219.5
2026-09-18T10:12:16+08:00,FJ-01,1478,2.3,2.0,56.2,0.25,217.8
2026-09-18T10:13:16+08:00,FJ-01,1482,2.3,2.0,55.9,0.25,217.7
2026-09-18T10:14:16+08:00,FJ-01,1479,2.2,2.0,56.8,0.24,216.1
2026-09-18T10:15:16+08:00,FJ-01,1479,2.2,2.0,55.6,0.24,216.7
2026-09-18T10:16:16+08:00,FJ-01,1480,2.2,2.0,56.9,0.24,218.2
2026-09-18T10:17:16+08:00,FJ-01,1480,2.2,2.0,55.9,0.25,218.1
2026-09-18T10:18:16+08:00,FJ-01,1479,2.2,2.0,55.6,0.24,218.7
2026-09-18T10:19:16+08:00,FJ-01,1479,2.2,2.0,56.2,0.25,218.6
2026-09-18T10:20:16+08:00,FJ-01,1480,2.2,2.0,56.2,0.24,217.6
2026-09-18T10:21:16+08:00,FJ-01,1480,2.2,2.0,56.2,0.24,216.5
2026-09-18T10:22:16+08:00,FJ-01,1481,2.3,2.1,56.1,0.24,218.9
2026-09-18T10:23:16+08:00,FJ-01,1480,2.3,2.0,56.1,0.24,218.3
2026-09-18T10:24:16+08:00,FJ-01,1480,2.3,2.0,56.2,0.25,217.8
2026-09-18T10:25:16+08:00,FJ-01,1479,2.3,2.0,56.7,0.25,217.9
2026-09-18T10:26:16+08:00,FJ-01,1481,2.2,2.0,55.7,0.24,218.3
2026-09-18T10:27:16+08:00,FJ-01,1479,2.2,2.1,56.3,0.24,217.8
2026-09-18T10:28:16+08:00,FJ-01,1481,2.3,2.0,56.6,0.24,219.4
2026-09-18T10:29:16+08:00,FJ-01,1481,2.2,2.0,56.7,0.25,218.7
2026-09-18T10:30:16+08:00,FJ-01,1480,2.2,2.0,56.9,0.24,218.1
2026-09-18T10:31:16+08:00,FJ-01,1480,2.3,2.0,55.8,0.25,218.5
2026-09-18T10:32:16+08:00,FJ-01,1481,2.2,2.0,56.7,0.24,216.7
2026-09-18T10:33:16+08:00,FJ-01,1479,2.2,2.1,57.3,0.24,218.0
2026-09-18T10:34:16+08:00,FJ-01,1479,2.2,2.0,56.4,0.24,217.8
2026-09-18T10:35:16+08:00,FJ-01,1479,2.2,2.0,56.6,0.24,217.5
2026-09-18T10:36:16+08:00,FJ-01,1480,2.2,2.1,56.2,0.25,219.1
2026-09-18T10:37:16+08:00,FJ-01,1480,2.3,2.0,57.0,0.24,218.0
2026-09-18T10:38:16+08:00,FJ-01,1479,2.2,2.0,56.1,0.24,217.6
2026-09-18T10:39:16+08:00,FJ-01,1480,2.2,2.0,56.9,0.25,217.7
2026-09-18T10:40:16+08:00,FJ-01,1478,2.2,2.0,56.3,0.25,218.0
2026-09-18T10:41:16+08:00,FJ-01,1480,2.2,2.0,56.8,0.25,218.4
2026-09-18T10:42:16+08:00,FJ-01,1481,2.2,2.0,56.9,0.24,217.5
2026-09-18T10:43:16+08:00,FJ-01,1481,2.2,2.0,56.3,0.24,218.8
2026-09-18T10:44:16+08:00,FJ-01,1481,2.2,2.0,57.1,0.25,217.7
2026-09-18T10:45:16+08:00,FJ-01,1480,2.2,2.1,56.6,0.24,217.8
2026-09-18T10:46:16+08:00,FJ-01,1481,2.3,2.0,56.2,0.25,216.5
2026-09-18T10:47:16+08:00,FJ-01,1479,2.3,2.0,55.9,0.23,217.7
2026-09-18T10:48:16+08:00,FJ-01,1481,2.2,2.0,56.6,0.25,217.3
2026-09-18T10:49:16+08:00,FJ-01,1479,2.2,2.0,56.0,0.24,216.0
2026-09-18T10:50:16+08:00,FJ-01,1480,2.2,2.0,56.2,0.24,216.7
2026-09-18T10:51:16+08:00,FJ-01,1479,2.2,2.0,56.3,0.25,218.7
2026-09-18T10:52:16+08:00,FJ-01,1478,2.2,2.0,56.5,0.24,218.2
2026-09-18T10:53:16+08:00,FJ-01,1480,2.2,2.0,56.2,0.25,218.4
2026-09-18T10:54:16+08:00,FJ-01,1480,2.3,2.0,55.8,0.24,218.6
2026-09-18T10:55:16+08:00,FJ-01,1481,2.2,2.0,56.2,0.24,218.2
2026-09-18T10:56:16+08:00,FJ-01,1479,2.2,2.0,56.1,0.24,218.0
2026-09-18T10:57:16+08:00,FJ-01,1480,2.2,2.0,56.5,0.24,218.0
2026-09-18T10:58:16+08:00,FJ-01,1479,2.2,2.1,56.6,0.25,218.9
2026-09-18T10:59:16+08:00,FJ-01,1480,2.3,2.0,56.7,0.25,219.3
2026-09-18T11:00:16+08:00,FJ-01,1480,2.3,2.0,56.1,0.24,218.6
2026-09-18T11:01:16+08:00,FJ-01,1479,2.3,2.0,56.6,0.25,218.2
2026-09-18T11:02:16+08:00,FJ-01,1480,2.2,2.0,56.5,0.24,218.1
2026-09-18T11:03:16+08:00,FJ-01,1480,2.3,2.0,56.1,0.24,217.3
2026-09-18T11:04:16+08:00,FJ-01,1480,2.2,2.0,56.3,0.24,217.3
2026-09-18T11:05:16+08:00,FJ-01,1480,2.2,2.1,56.4,0.24,218.0
2026-09-18T11:06:16+08:00,FJ-01,1480,2.3,2.0,57.2,0.24,217.1
2026-09-18T11:07:16+08:00,FJ-01,1479,2.3,2.0,56.0,0.25,218.8
2026-09-18T11:08:16+08:00,FJ-01,1480,2.3,2.1,55.4,0.24,219.5
2026-09-18T11:09:16+08:00,FJ-01,1480,2.3,2.1,55.7,0.24,218.0
2026-09-18T11:10:16+08:00,FJ-01,1481,2.2,2.0,56.1,0.24,218.2
2026-09-18T11:11:16+08:00,FJ-01,1481,2.2,2.0,56.6,0.24,218.1
2026-09-18T11:12:16+08:00,FJ-01,1479,2.2,2.0,56.1,0.24,218.8
2026-09-18T11:13:16+08:00,FJ-01,1479,2.2,2.0,56.6,0.24,218.7
2026-09-18T11:14:16+08:00,FJ-01,1479,2.2,2.0,56.4,0.25,218.4
2026-09-18T11:15:16+08:00,FJ-01,1480,2.3,2.0,56.2,0.25,219.8
2026-09-18T11:16:16+08:00,FJ-01,1479,2.3,2.0,56.4,0.24,217.5
2026-09-18T11:17:16+08:00,FJ-01,1479,2.3,2.0,56.9,0.24,217.9
2026-09-18T11:18:16+08:00,FJ-01,1479,2.2,2.0,56.9,0.25,219.0
2026-09-18T11:19:16+08:00,FJ-01,1480,2.3,2.1,56.0,0.25,219.2
2026-09-18T11:20:16+08:00,FJ-01,1480,2.2,2.0,56.2,0.24,215.6
2026-09-18T11:21:16+08:00,FJ-01,1480,2.3,2.1,56.4,0.24,217.8
2026-09-18T11:22:16+08:00,FJ-01,1481,2.2,2.1,55.7,0.25,217.5
2026-09-18T11:23:16+08:00,FJ-01,1479,2.2,2.1,56.5,0.25,217.6
2026-09-18T11:24:16+08:00,FJ-01,1481,2.2,2.0,56.1,0.25,218.3
2026-09-18T11:25:16+08:00,FJ-01,1480,2.2,2.0,55.9,0.24,216.5
2026-09-18T11:26:16+08:00,FJ-01,1480,2.2,2.0,55.9,0.24,217.2
2026-09-18T11:27:16+08:00,FJ-01,1480,2.3,2.0,56.6,0.24,216.5
2026-09-18T11:28:16+08:00,FJ-01,1480,2.2,2.0,55.9,0.24,218.5
2026-09-18T11:29:16+08:00,FJ-01,1479,2.2,2.0,56.4,0.24,218.2
2026-09-18T11:30:16+08:00,FJ-01,1481,2.3,2.1,56.2,0.24,216.9
2026-09-18T11:31:16+08:00,FJ-01,1480,2.3,2.0,56.3,0.24,218.9
2026-09-18T11:32:16+08:00,FJ-01,1479,2.2,2.0,55.9,0.24,217.2
2026-09-18T11:33:16+08:00,FJ-01,1479,2.2,2.1,56.6,0.24,217.5
2026-09-18T11:34:16+08:00,FJ-01,1480,2.2,2.1,56.3,0.25,217.8
2026-09-18T11:35:16+08:00,FJ-01,1480,2.2,2.0,55.9,0.24,216.7
2026-09-18T11:36:16+08:00,FJ-01,1479,2.2,2.0,56.1,0.24,219.1
2026-09-18T11:37:16+08:00,FJ-01,1480,2.2,2.0,56.6,0.24,217.3
2026-09-18T11:38:16+08:00,FJ-01,1480,2.2,2.0,56.6,0.24,217.6
2026-09-18T11:39:16+08:00,FJ-01,1478,2.2,2.0,56.3,0.24,218.5
2026-09-18T11:40:16+08:00,FJ-01,1479,2.3,2.0,56.4,0.24,219.8
2026-09-18T11:41:16+08:00,FJ-01,1480,2.2,2.0,56.2,0.24,217.0
2026-09-18T11:42:16+08:00,FJ-01,1480,2.2,2.1,55.7,0.24,217.8
2026-09-18T11:43:16+08:00,FJ-01,1480,2.2,2.1,56.8,0.25,218.2
2026-09-18T11:44:16+08:00,FJ-01,1480,2.2,2.0,56.0,0.24,217.5
2026-09-18T11:45:16+08:00,FJ-01,1479,2.2,2.0,56.4,0.24,218.4
2026-09-18T11:46:16+08:00,FJ-01,1481,2.3,2.0,56.2,0.24,217.7
2026-09-18T11:47:16+08:00,FJ-01,1479,2.3,2.0,56.2,0.24,217.9
2026-09-18T11:48:16+08:00,FJ-01,1479,2.2,2.0,56.1,0.25,217.5
2026-09-18T11:49:16+08:00,FJ-01,1481,2.2,2.1,56.5,0.24,218.3
2026-09-18T11:50:16+08:00,FJ-01,1480,2.2,2.0,56.2,0.25,217.2
2026-09-18T11:51:16+08:00,FJ-01,1481,2.2,2.1,56.8,0.24,217.3
2026-09-18T11:52:16+08:00,FJ-01,1480,2.3,2.0,57.1,0.24,218.3
2026-09-18T11:53:16+08:00,FJ-01,1481,2.2,2.1,56.1,0.24,217.7
2026-09-18T11:54:16+08:00,FJ-01,1482,2.2,2.1,56.8,0.24,218.8
2026-09-18T11:55:16+08:00,FJ-01,1479,2.2,2.0,56.4,0.24,217.1
2026-09-18T11:56:16+08:00,FJ-01,1480,2.3,2.1,56.3,0.24,218.5
2026-09-18T11:57:16+08:00,FJ-01,1479,2.3,2.0,56.7,0.24,219.3
2026-09-18T11:58:16+08:00,FJ-01,1479,2.2,2.0,56.6,0.24,217.8
2026-09-18T11:59:16+08:00,FJ-01,1480,2.2,2.0,56.2,0.24,217.5
2026-09-18T12:00:16+08:00,FJ-01,1480,2.2,2.0,56.4,0.24,218.0
2026-09-18T12:01:16+08:00,FJ-01,1478,2.2,2.0,56.3,0.24,219.3
2026-09-18T12:02:16+08:00,FJ-01,1481,2.2,2.0,56.6,0.25,216.4
2026-09-18T12:03:16+08:00,FJ-01,1480,2.2,2.0,56.2,0.25,219.6
2026-09-18T12:04:16+08:00,FJ-01,1479,2.2,2.1,56.5,0.24,219.0
2026-09-18T12:05:16+08:00,FJ-01,1480,2.2,2.1,55.7,0.25,218.2
2026-09-18T12:06:16+08:00,FJ-01,1480,2.2,2.0,56.1,0.24,218.5
2026-09-18T12:07:16+08:00,FJ-01,1480,2.2,2.0,56.0,0.24,218.4
2026-09-18T12:08:16+08:00,FJ-01,1480,2.2,2.0,56.6,0.24,217.9
2026-09-18T12:09:16+08:00,FJ-01,1480,2.2,2.1,56.4,0.24,216.6
2026-09-18T12:10:16+08:00,FJ-01,1478,2.2,2.1,56.1,0.24,217.3
2026-09-18T12:11:16+08:00,FJ-01,1481,2.3,1.9,56.2,0.24,218.5
2026-09-18T12:12:16+08:00,FJ-01,1479,2.2,2.1,57.0,0.24,217.5
2026-09-18T12:13:16+08:00,FJ-01,1480,2.2,2.0,56.9,0.24,217.6
2026-09-18T12:14:16+08:00,FJ-01,1480,2.2,2.0,56.5,0.25,218.6
2026-09-18T12:15:16+08:00,FJ-01,1480,2.2,2.0,56.9,0.25,218.5
2026-09-18T12:16:16+08:00,FJ-01,1480,2.2,2.0,56.2,0.25,218.2
2026-09-18T12:17:16+08:00,FJ-01,1481,2.2,2.0,56.1,0.25,218.3
2026-09-18T12:18:16+08:00,FJ-01,1480,2.2,2.0,56.6,0.24,218.4
2026-09-18T12:19:16+08:00,FJ-01,1480,2.2,2.1,56.3,0.25,218.6
2026-09-18T12:20:16+08:00,FJ-01,1480,2.2,2.0,56.2,0.24,217.7
2026-09-18T12:21:16+08:00,FJ-01,1478,2.2,2.0,56.6,0.24,218.5
2026-09-18T12:22:16+08:00,FJ-01,1481,2.3,2.1,55.9,0.24,217.0
2026-09-18T12:23:16+08:00,FJ-01,1481,2.3,2.0,56.3,0.24,216.6
2026-09-18T12:24:16+08:00,FJ-01,1479,2.3,2.0,56.7,0.25,217.4
2026-09-18T12:25:16+08:00,FJ-01,1481,2.2,2.0,56.5,0.24,217.9
2026-09-18T12:26:16+08:00,FJ-01,1480,2.3,2.0,56.4,0.25,219.4
2026-09-18T12:27:16+08:00,FJ-01,1478,2.2,2.0,56.2,0.25,218.5
2026-09-18T12:28:16+08:00,FJ-01,1480,2.2,2.0,56.7,0.25,218.4
2026-09-18T12:29:16+08:00,FJ-01,1480,2.2,2.0,56.4,0.25,217.3
2026-09-18T12:30:16+08:00,FJ-01,1480,2.3,2.0,56.3,0.25,217.5
2026-09-18T12:31:16+08:00,FJ-01,1481,2.2,2.1,56.7,0.25,216.5
2026-09-18T12:32:16+08:00,FJ-01,1479,2.3,2.0,56.4,0.25,217.2
2026-09-18T12:33:16+08:00,FJ-01,1479,2.2,2.0,56.1,0.24,218.0
2026-09-18T12:34:16+08:00,FJ-01,1480,2.2,2.1,56.7,0.25,218.5
2026-09-18T12:35:16+08:00,FJ-01,1479,2.2,2.0,56.5,0.25,217.6
2026-09-18T12:36:16+08:00,FJ-01,1481,2.3,2.1,55.9,0.24,217.6
2026-09-18T12:37:16+08:00,FJ-01,1479,2.3,2.1,56.4,0.24,217.2
2026-09-18T12:38:16+08:00,FJ-01,1480,2.2,2.1,56.8,0.24,217.6
2026-09-18T12:39:16+08:00,FJ-01,1481,2.2,2.0,57.0,0.24,218.8
2026-09-18T12:40:16+08:00,FJ-01,1479,2.2,2.1,55.7,0.24,217.5
2026-09-18T12:41:16+08:00,FJ-01,1479,2.2,2.1,56.6,0.24,219.3
2026-09-18T12:42:16+08:00,FJ-01,1480,2.2,2.0,56.1,0.24,217.8
2026-09-18T12:43:16+08:00,FJ-01,1480,2.2,2.0,56.1,0.24,218.8
2026-09-18T12:44:16+08:00,FJ-01,1478,2.2,2.1,56.9,0.24,219.1
2026-09-18T12:45:16+08:00,FJ-01,1480,2.2,2.0,55.9,0.25,218.7
2026-09-18T12:46:16+08:00,FJ-01,1479,2.2,2.1,56.3,0.24,216.8
2026-09-18T12:47:16+08:00,FJ-01,1480,2.3,2.0,56.4,0.24,217.8
2026-09-18T12:48:16+08:00,FJ-01,1481,2.2,2.0,56.4,0.24,218.6
2026-09-18T12:49:16+08:00,FJ-01,1480,2.3,2.1,56.3,0.25,220.3
2026-09-18T12:50:16+08:00,FJ-01,1479,2.3,2.1,56.7,0.24,219.7
2026-09-18T12:51:16+08:00,FJ-01,1481,2.2,2.1,56.5,0.25,218.3
2026-09-18T12:52:16+08:00,FJ-01,1478,2.2,2.0,55.8,0.24,218.4
2026-09-18T12:53:16+08:00,FJ-01,1479,2.3,2.0,56.3,0.24,218.5
2026-09-18T12:54:16+08:00,FJ-01,1479,2.2,2.0,56.1,0.24,219.2
2026-09-18T12:55:16+08:00,FJ-01,1479,2.2,2.0,56.9,0.25,217.4
2026-09-18T12:56:16+08:00,FJ-01,1481,2.2,2.1,56.7,0.24,217.6
2026-09-18T12:57:16+08:00,FJ-01,1478,2.2,2.1,56.3,0.24,218.5
2026-09-18T12:58:16+08:00,FJ-01,1480,2.2,2.0,56.5,0.24,218.4
2026-09-18T12:59:16+08:00,FJ-01,1480,2.3,2.1,57.1,0.25,217.7
2026-09-18T13:00:16+08:00,FJ-01,1480,2.2,2.0,56.3,0.24,218.5
2026-09-18T13:01:16+08:00,FJ-01,1479,2.3,2.0,57.2,0.24,217.3
2026-09-18T13:02:16+08:00,FJ-01,1480,2.3,2.0,56.4,0.25,218.8
2026-09-18T13:03:16+08:00,FJ-01,1480,2.2,2.0,56.2,0.25,217.5
2026-09-18T13:04:16+08:00,FJ-01,1480,2.3,2.1,56.9,0.25,216.9
2026-09-18T13:05:16+08:00,FJ-01,1479,2.2,2.0,55.6,0.25,219.7
2026-09-18T13:06:16+08:00,FJ-01,1479,2.2,2.1,56.8,0.24,218.1
2026-09-18T13:07:16+08:00,FJ-01,1480,2.2,2.0,56.2,0.24,217.5
2026-09-18T13:08:16+08:00,FJ-01,1480,2.3,2.0,56.6,0.24,218.0
2026-09-18T13:09:16+08:00,FJ-01,1479,2.2,2.1,56.6,0.24,217.7
2026-09-18T13:10:16+08:00,FJ-01,1479,2.3,2.0,56.6,0.25,217.8
2026-09-18T13:11:16+08:00,FJ-01,1479,2.2,2.1,55.7,0.24,217.0
2026-09-18T13:12:16+08:00,FJ-01,1479,2.3,2.0,56.0,0.24,218.0
2026-09-18T13:13:16+08:00,FJ-01,1479,2.3,2.1,56.6,0.24,217.9
2026-09-18T13:14:16+08:00,FJ-01,1479,2.2,2.1,56.1,0.24,218.2
2026-09-18T13:15:16+08:00,FJ-01,1482,2.3,2.1,56.7,0.24,218.6
2026-09-18T13:16:16+08:00,FJ-01,1481,2.2,2.0,56.5,0.25,219.1
2026-09-18T13:17:16+08:00,FJ-01,1480,2.2,2.2,56.2,0.24,218.3
2026-09-18T13:18:16+08:00,FJ-01,1479,2.2,2.0,55.5,0.24,218.3
2026-09-18T13:19:16+08:00,FJ-01,1481,2.2,2.1,57.1,0.25,218.5
2026-09-18T13:20:16+08:00,FJ-01,1479,2.3,2.0,55.5,0.24,219.1
2026-09-18T13:21:16+08:00,FJ-01,1480,2.2,2.0,56.3,0.24,217.2
2026-09-18T13:22:16+08:00,FJ-01,1479,2.2,2.0,56.6,0.24,216.6
2026-09-18T13:23:16+08:00,FJ-01,1480,2.3,2.0,56.1,0.24,219.5
2026-09-18T13:24:16+08:00,FJ-01,1481,2.2,2.1,56.1,0.24,216.7
2026-09-18T13:25:16+08:00,FJ-01,1479,2.2,2.0,56.6,0.24,219.0
2026-09-18T13:26:16+08:00,FJ-01,1480,2.2,2.1,56.5,0.24,217.8
2026-09-18T13:27:16+08:00,FJ-01,1480,2.2,2.1,56.3,0.25,218.3
2026-09-18T13:28:16+08:00,FJ-01,1479,2.3,2.0,56.5,0.24,217.5
2026-09-18T13:29:16+08:00,FJ-01,1480,2.2,2.0,56.5,0.24,219.0
2026-09-18T13:30:16+08:00,FJ-01,1480,2.2,2.0,56.3,0.24,217.6
2026-09-18T13:31:16+08:00,FJ-01,1480,2.3,2.0,55.9,0.24,217.9
2026-09-18T13:32:16+08:00,FJ-01,1480,2.2,2.0,56.1,0.24,218.7
2026-09-18T13:33:16+08:00,FJ-01,1480,2.2,2.1,56.4,0.24,218.5
2026-09-18T13:34:16+08:00,FJ-01,1479,2.3,2.0,56.3,0.24,216.9
2026-09-18T13:35:16+08:00,FJ-01,1481,2.2,2.0,57.2,0.24,219.2
2026-09-18T13:36:16+08:00,FJ-01,1480,2.2,2.0,56.3,0.25,219.0
2026-09-18T13:37:16+08:00,FJ-01,1480,2.2,2.0,56.0,0.24,217.9
2026-09-18T13:38:16+08:00,FJ-01,1479,2.2,2.0,56.0,0.25,216.5
2026-09-18T13:39:16+08:00,FJ-01,1480,2.3,2.0,56.3,0.24,218.2
2026-09-18T13:40:16+08:00,FJ-01,1480,2.3,2.0,56.0,0.24,218.7
2026-09-18T13:41:16+08:00,FJ-01,1480,2.2,2.1,55.7,0.25,217.5
2026-09-18T13:42:16+08:00,FJ-01,1480,2.3,2.1,57.0,0.25,218.5
2026-09-18T13:43:16+08:00,FJ-01,1479,2.2,2.0,56.7,0.25,218.9
2026-09-18T13:44:16+08:00,FJ-01,1481,2.3,2.0,55.6,0.25,218.0
2026-09-18T13:45:16+08:00,FJ-01,1479,2.2,2.0,56.3,0.24,216.3
2026-09-18T13:46:16+08:00,FJ-01,1479,2.3,2.0,56.7,0.24,218.5
2026-09-18T13:47:16+08:00,FJ-01,1478,2.2,2.0,55.9,0.24,218.5
2026-09-18T13:48:16+08:00,FJ-01,1480,2.2,2.1,56.4,0.24,217.7
2026-09-18T13:49:16+08:00,FJ-01,1480,2.3,2.0,56.2,0.25,217.2
2026-09-18T13:50:16+08:00,FJ-01,1479,2.3,2.1,56.8,0.25,217.9
2026-09-18T13:51:16+08:00,FJ-01,1478,2.3,2.1,56.1,0.24,217.7
2026-09-18T13:52:16+08:00,FJ-01,1480,2.3,2.0,57.2,0.24,217.8
2026-09-18T13:53:16+08:00,FJ-01,1481,2.2,2.0,57.3,0.24,218.4
2026-09-18T13:54:16+08:00,FJ-01,1479,2.2,2.0,57.3,0.25,218.6
2026-09-18T13:55:16+08:00,FJ-01,1480,2.3,2.0,56.4,0.24,218.6
2026-09-18T13:56:16+08:00,FJ-01,1479,2.2,2.0,56.6,0.24,218.8
2026-09-18T13:57:16+08:00,FJ-01,1479,2.2,2.0,56.7,0.24,216.6
2026-09-18T13:58:16+08:00,FJ-01,1480,2.3,2.1,56.5,0.24,218.4
2026-09-18T13:59:16+08:00,FJ-01,1480,2.3,2.0,56.0,0.25,219.0
2026-09-18T14:00:16+08:00,FJ-01,1480,2.2,2.1,57.1,0.24,218.8
2026-09-18T14:01:16+08:00,FJ-01,1479,2.2,2.1,56.7,0.24,217.4
2026-09-18T14:02:16+08:00,FJ-01,1479,2.3,2.0,56.8,0.25,218.4
2026-09-18T14:03:16+08:00,FJ-01,1480,2.2,2.1,56.5,0.24,218.7
2026-09-18T14:04:16+08:00,FJ-01,1480,2.3,2.0,55.7,0.24,217.0
2026-09-18T14:05:16+08:00,FJ-01,1479,2.2,2.0,56.6,0.25,217.3
2026-09-18T14:06:16+08:00,FJ-01,1481,2.2,2.0,56.4,0.24,218.5
2026-09-18T14:07:16+08:00,FJ-01,1479,2.3,2.0,56.6,0.25,218.2
2026-09-18T14:08:16+08:00,FJ-01,1479,2.2,2.1,56.5,0.24,216.6
2026-09-18T14:09:16+08:00,FJ-01,1480,2.2,2.1,56.1,0.25,219.0
2026-09-18T14:10:16+08:00,FJ-01,1480,2.2,2.1,56.3,0.24,217.9
2026-09-18T14:11:16+08:00,FJ-01,1479,2.2,2.0,55.4,0.24,219.3
2026-09-18T14:12:16+08:00,FJ-01,1480,2.3,2.0,55.6,0.25,217.4
2026-09-18T14:13:16+08:00,FJ-01,1480,2.2,2.1,56.3,0.24,219.4
2026-09-18T14:14:16+08:00,FJ-01,1480,2.2,1.9,57.1,0.24,218.5
2026-09-18T14:15:16+08:00,FJ-01,1479,2.2,2.0,56.2,0.24,218.8
2026-09-18T14:16:16+08:00,FJ-01,1480,2.2,2.1,56.3,0.24,217.4
2026-09-18T14:17:16+08:00,FJ-01,1481,2.3,2.0,56.0,0.24,218.9
2026-09-18T14:18:16+08:00,FJ-01,1480,2.2,2.1,56.5,0.24,218.1
2026-09-18T14:19:16+08:00,FJ-01,1479,2.3,2.0,56.4,0.24,219.0
2026-09-18T14:20:16+08:00,FJ-01,1479,2.3,2.0,55.8,0.24,218.5
2026-09-18T14:21:16+08:00,FJ-01,1479,2.4,2.1,56.9,0.25,218.5
2026-09-18T14:22:16+08:00,FJ-01,1479,2.2,2.1,55.9,0.24,219.2
2026-09-18T14:23:16+08:00,FJ-01,1480,2.3,2.0,56.8,0.24,217.8
2026-09-18T14:24:16+08:00,FJ-01,1479,2.3,2.0,56.2,0.25,219.0
2026-09-18T14:25:16+08:00,FJ-01,1480,2.3,2.0,56.2,0.24,218.0
2026-09-18T14:26:16+08:00,FJ-01,1480,2.2,2.1,56.8,0.24,220.0
2026-09-18T14:27:16+08:00,FJ-01,1480,2.2,2.0,56.6,0.24,218.4
2026-09-18T14:28:16+08:00,FJ-01,1478,2.2,2.0,56.8,0.24,217.8
2026-09-18T14:29:16+08:00,FJ-01,1480,2.3,2.1,56.8,0.24,218.0
2026-09-18T14:30:16+08:00,FJ-01,1480,2.2,2.0,56.5,0.25,216.7
2026-09-18T14:31:16+08:00,FJ-01,1479,2.2,2.1,56.7,0.24,217.7
2026-09-18T14:32:16+08:00,FJ-01,1480,2.3,2.0,56.5,0.25,218.8
2026-09-18T14:33:16+08:00,FJ-01,1479,2.2,2.1,56.5,0.25,219.3
2026-09-18T14:34:16+08:00,FJ-01,1479,2.2,2.0,55.7,0.24,218.9
2026-09-18T14:35:16+08:00,FJ-01,1480,2.2,2.0,56.5,0.24,218.3
2026-09-18T14:36:16+08:00,FJ-01,1479,2.2,2.1,56.6,0.24,218.5
2026-09-18T14:37:16+08:00,FJ-01,1480,2.2,2.1,56.7,0.25,218.1
2026-09-18T14:38:16+08:00,FJ-01,1480,2.2,2.1,55.9,0.25,217.4
2026-09-18T14:39:16+08:00,FJ-01,1479,2.3,2.1,57.1,0.24,217.9
2026-09-18T14:40:16+08:00,FJ-01,1480,2.2,2.0,56.5,0.24,216.5
2026-09-18T14:41:16+08:00,FJ-01,1479,2.2,2.0,56.8,0.25,218.8
2026-09-18T14:42:16+08:00,FJ-01,1480,2.2,2.0,56.6,0.25,218.3
2026-09-18T14:43:16+08:00,FJ-01,1479,2.2,2.0,56.4,0.25,217.1
2026-09-18T14:44:16+08:00,FJ-01,1479,2.3,2.0,57.6,0.24,219.5
2026-09-18T14:45:16+08:00,FJ-01,1479,2.2,2.0,56.1,0.25,218.7
2026-09-18T14:46:16+08:00,FJ-01,1479,2.3,2.0,57.0,0.24,217.7
2026-09-18T14:47:16+08:00,FJ-01,1480,2.2,2.0,57.0,0.24,217.7
2026-09-18T14:48:16+08:00,FJ-01,1479,2.3,2.0,56.0,0.24,217.3
2026-09-18T14:49:16+08:00,FJ-01,1480,2.3,2.1,56.4,0.24,217.7
2026-09-18T14:50:16+08:00,FJ-01,1481,2.3,2.1,56.6,0.25,219.4
2026-09-18T14:51:16+08:00,FJ-01,1478,2.3,2.1,56.4,0.24,217.7
2026-09-18T14:52:16+08:00,FJ-01,1480,2.2,2.1,56.0,0.24,218.4
2026-09-18T14:53:16+08:00,FJ-01,1479,2.2,2.1,56.3,0.24,217.2
2026-09-18T14:54:16+08:00,FJ-01,1481,2.2,2.0,57.0,0.24,220.0
2026-09-18T14:55:16+08:00,FJ-01,1479,2.2,2.0,56.9,0.24,218.8
2026-09-18T14:56:16+08:00,FJ-01,1481,2.3,2.1,56.2,0.24,217.7
2026-09-18T14:57:16+08:00,FJ-01,1480,2.2,2.1,55.7,0.24,218.9
2026-09-18T14:58:16+08:00,FJ-01,1479,2.2,2.1,57.1,0.25,217.7
2026-09-18T14:59:16+08:00,FJ-01,1478,2.2,2.0,56.3,0.24,219.2
2026-09-18T15:00:16+08:00,FJ-01,1479,2.2,2.1,56.6,0.24,218.5
2026-09-18T15:01:16+08:00,FJ-01,1481,2.3,2.0,56.7,0.24,219.4
2026-09-18T15:02:16+08:00,FJ-01,1479,2.3,2.1,56.1,0.24,219.6
2026-09-18T15:03:16+08:00,FJ-01,1481,2.3,2.1,56.4,0.24,217.6
2026-09-18T15:04:16+08:00,FJ-01,1481,2.2,2.0,56.5,0.24,217.9
2026-09-18T15:05:16+08:00,FJ-01,1478,2.3,2.0,56.6,0.24,218.8
2026-09-18T15:06:16+08:00,FJ-01,1479,2.3,2.1,56.9,0.24,216.5
2026-09-18T15:07:16+08:00,FJ-01,1479,2.2,2.0,56.6,0.25,217.8
2026-09-18T15:08:16+08:00,FJ-01,1479,2.2,2.1,56.7,0.25,218.0
2026-09-18T15:09:16+08:00,FJ-01,1480,2.2,2.0,56.2,0.24,218.5
2026-09-18T15:10:16+08:00,FJ-01,1481,2.3,2.0,56.1,0.24,219.8
2026-09-18T15:11:16+08:00,FJ-01,1480,2.2,2.1,56.7,0.25,217.4
2026-09-18T15:12:16+08:00,FJ-01,1481,2.2,2.0,56.0,0.25,218.8
2026-09-18T15:13:16+08:00,FJ-01,1479,2.2,2.0,56.6,0.24,219.0
2026-09-18T15:14:16+08:00,FJ-01,1481,2.2,2.1,56.9,0.25,218.5
2026-09-18T15:15:16+08:00,FJ-01,1479,2.2,2.0,55.6,0.24,217.3
2026-09-18T15:16:16+08:00,FJ-01,1480,2.2,2.0,55.8,0.25,218.5
2026-09-18T15:17:16+08:00,FJ-01,1480,2.3,2.0,56.9,0.24,219.0
2026-09-18T15:18:16+08:00,FJ-01,1479,2.2,2.1,56.6,0.24,219.3
2026-09-18T15:19:16+08:00,FJ-01,1478,2.2,2.0,57.2,0.24,219.6
2026-09-18T15:20:16+08:00,FJ-01,1481,2.2,2.0,57.0,0.24,218.2
2026-09-18T15:21:16+08:00,FJ-01,1479,2.2,2.1,56.8,0.24,217.3
2026-09-18T15:22:16+08:00,FJ-01,1480,2.3,2.1,57.3,0.24,219.6
2026-09-18T15:23:16+08:00,FJ-01,1480,2.3,2.1,56.3,0.25,218.2
2026-09-18T15:24:16+08:00,FJ-01,1479,2.2,2.1,56.8,0.25,218.5
2026-09-18T15:25:16+08:00,FJ-01,1479,2.3,2.1,56.6,0.24,217.7
2026-09-18T15:26:16+08:00,FJ-01,1480,2.2,2.1,56.6,0.25,219.1
2026-09-18T15:27:16+08:00,FJ-01,1480,2.3,2.0,56.4,0.25,218.5
2026-09-18T15:28:16+08:00,FJ-01,1481,2.2,2.1,56.1,0.24,217.6
2026-09-18T15:29:16+08:00,FJ-01,1479,2.3,2.0,56.6,0.24,217.1
2026-09-18T15:30:16+08:00,FJ-01,1480,2.3,2.0,56.9,0.24,216.9
2026-09-18T15:31:16+08:00,FJ-01,1481,2.2,2.0,56.2,0.24,218.3
2026-09-18T15:32:16+08:00,FJ-01,1479,2.3,2.1,56.4,0.25,218.5
2026-09-18T15:33:16+08:00,FJ-01,1480,2.2,2.0,57.0,0.24,219.0
2026-09-18T15:34:16+08:00,FJ-01,1479,2.2,2.0,55.9,0.25,217.3
2026-09-18T15:35:16+08:00,FJ-01,1481,2.3,2.0,56.8,0.25,219.2
2026-09-18T15:36:16+08:00,FJ-01,1479,2.3,2.1,56.4,0.25,217.9
2026-09-18T15:37:16+08:00,FJ-01,1482,2.3,2.0,57.0,0.24,218.6
2026-09-18T15:38:16+08:00,FJ-01,1480,2.3,2.0,57.3,0.25,219.2
2026-09-18T15:39:16+08:00,FJ-01,1480,2.3,2.1,56.5,0.25,218.6
2026-09-18T15:40:16+08:00,FJ-01,1480,2.2,2.1,56.6,0.25,218.8
2026-09-18T15:41:16+08:00,FJ-01,1480,2.3,2.0,55.8,0.24,219.4
2026-09-18T15:42:16+08:00,FJ-01,1479,2.2,2.1,56.7,0.24,218.3
2026-09-18T15:43:16+08:00,FJ-01,1479,2.3,2.1,56.1,0.24,217.1
2026-09-18T15:44:16+08:00,FJ-01,1480,2.3,2.1,56.1,0.24,219.0
2026-09-18T15:45:16+08:00,FJ-01,1478,2.3,2.0,56.3,0.25,218.9
2026-09-18T15:46:16+08:00,FJ-01,1480,2.2,2.0,56.0,0.24,218.3
2026-09-18T15:47:16+08:00,FJ-01,1479,2.2,2.0,56.7,0.24,218.2
2026-09-18T15:48:16+08:00,FJ-01,1480,2.2,2.1,56.5,0.25,219.2
2026-09-18T15:49:16+08:00,FJ-01,1480,2.3,2.0,56.3,0.24,219.0
2026-09-18T15:50:16+08:00,FJ-01,1480,2.2,2.1,56.6,0.24,218.2
2026-09-18T15:51:16+08:00,FJ-01,1480,2.3,2.0,56.8,0.24,219.7
2026-09-18T15:52:16+08:00,FJ-01,1479,2.3,2.0,56.3,0.24,219.7
2026-09-18T15:53:16+08:00,FJ-01,1480,2.2,2.0,56.9,0.25,217.8
2026-09-18T15:54:16+08:00,FJ-01,1479,2.2,2.0,56.7,0.24,218.0
2026-09-18T15:55:16+08:00,FJ-01,1478,2.2,2.0,56.8,0.25,218.9
2026-09-18T15:56:16+08:00,FJ-01,1480,2.3,2.1,56.7,0.25,218.3
2026-09-18T15:57:16+08:00,FJ-01,1479,2.2,2.1,56.0,0.25,218.4
2026-09-18T15:58:16+08:00,FJ-01,1480,2.3,2.1,56.2,0.24,218.5
2026-09-18T15:59:16+08:00,FJ-01,1479,2.3,2.1,56.5,0.25,217.1
2026-09-18T16:00:16+08:00,FJ-01,1480,2.2,2.0,56.8,0.24,218.0
2026-09-18T16:01:16+08:00,FJ-01,1481,2.2,2.0,56.2,0.24,218.4
2026-09-18T16:02:16+08:00,FJ-01,1480,2.2,2.0,56.6,0.24,218.9
2026-09-18T16:03:16+08:00,FJ-01,1480,2.3,2.1,56.7,0.24,216.6
2026-09-18T16:04:16+08:00,FJ-01,1480,2.2,2.1,56.2,0.24,219.2
2026-09-18T16:05:16+08:00,FJ-01,1479,2.3,2.0,56.5,0.25,218.3
2026-09-18T16:06:16+08:00,FJ-01,1480,2.3,2.0,56.2,0.24,217.7
2026-09-18T16:07:16+08:00,FJ-01,1479,2.3,2.0,56.7,0.25,219.5
2026-09-18T16:08:16+08:00,FJ-01,1480,2.1,2.1,57.0,0.24,217.9
2026-09-18T16:09:16+08:00,FJ-01,1480,2.3,2.1,56.7,0.24,219.0
2026-09-18T16:10:16+08:00,FJ-01,1479,2.3,2.1,56.5,0.25,217.9
2026-09-18T16:11:16+08:00,FJ-01,1480,2.3,2.1,55.9,0.25,218.7
2026-09-18T16:12:16+08:00,FJ-01,1481,2.2,2.1,56.5,0.24,218.2
2026-09-18T16:13:16+08:00,FJ-01,1480,2.3,2.0,56.2,0.24,218.2
2026-09-18T16:14:16+08:00,FJ-01,1480,2.3,2.0,55.8,0.24,218.7
2026-09-18T16:15:16+08:00,FJ-01,1480,2.3,2.1,56.5,0.25,218.9
2026-09-18T16:16:16+08:00,FJ-01,1481,2.3,2.0,56.2,0.24,218.4
2026-09-18T16:17:16+08:00,FJ-01,1479,2.2,2.1,55.9,0.24,220.1
2026-09-18T16:18:16+08:00,FJ-01,1478,2.3,2.1,56.2,0.25,217.4
2026-09-18T16:19:16+08:00,FJ-01,1480,2.2,2.0,56.5,0.25,219.0
2026-09-18T16:20:16+08:00,FJ-01,1481,2.2,2.0,56.7,0.25,217.2
2026-09-18T16:21:16+08:00,FJ-01,1480,2.3,2.1,55.8,0.25,217.4
2026-09-18T16:22:16+08:00,FJ-01,1480,2.3,2.0,56.4,0.25,219.2
2026-09-18T16:23:16+08:00,FJ-01,1480,2.3,2.0,56.2,0.24,218.5
2026-09-18T16:24:16+08:00,FJ-01,1480,2.3,2.1,56.8,0.24,218.6
2026-09-18T16:25:16+08:00,FJ-01,1479,2.3,2.0,56.5,0.25,219.5
2026-09-18T16:26:16+08:00,FJ-01,1480,2.2,2.1,56.4,0.24,218.1
2026-09-18T16:27:16+08:00,FJ-01,1479,2.3,2.1,56.9,0.24,217.1
2026-09-18T16:28:16+08:00,FJ-01,1478,2.3,2.0,56.5,0.24,219.1
2026-09-18T16:29:16+08:00,FJ-01,1478,2.2,2.1,56.4,0.24,217.8
2026-09-18T16:30:16+08:00,FJ-01,1479,2.3,2.0,56.7,0.25,218.1
2026-09-18T16:31:16+08:00,FJ-01,1480,2.2,2.1,56.2,0.24,219.0
2026-09-18T16:32:16+08:00,FJ-01,1480,2.3,2.0,55.8,0.24,218.0
2026-09-18T16:33:16+08:00,FJ-01,1480,2.2,2.0,55.8,0.25,219.1
2026-09-18T16:34:16+08:00,FJ-01,1481,2.2,2.0,56.3,0.24,218.3
2026-09-18T16:35:16+08:00,FJ-01,1480,2.3,2.0,56.3,0.24,219.9
2026-09-18T16:36:16+08:00,FJ-01,1480,2.2,2.1,57.2,0.24,218.4
2026-09-18T16:37:16+08:00,FJ-01,1482,2.3,2.1,56.8,0.24,218.5
2026-09-18T16:38:16+08:00,FJ-01,1480,2.3,2.1,56.2,0.24,218.8
2026-09-18T16:39:16+08:00,FJ-01,1480,2.2,2.1,57.0,0.24,218.8
2026-09-18T16:40:16+08:00,FJ-01,1481,2.3,2.1,56.1,0.25,218.6
2026-09-18T16:41:16+08:00,FJ-01,1479,2.2,2.0,55.8,0.25,219.5
2026-09-18T16:42:16+08:00,FJ-01,1480,2.3,2.0,56.5,0.24,219.0
2026-09-18T16:43:16+08:00,FJ-01,1480,2.3,2.0,56.6,0.25,219.6
2026-09-18T16:44:16+08:00,FJ-01,1479,2.2,2.1,56.2,0.24,218.6
2026-09-18T16:45:16+08:00,FJ-01,1479,2.3,2.0,56.9,0.25,218.8
2026-09-18T16:46:16+08:00,FJ-01,1481,2.2,2.1,56.9,0.24,218.0
2026-09-18T16:47:16+08:00,FJ-01,1479,2.3,2.1,56.5,0.25,219.9
2026-09-18T16:48:16+08:00,FJ-01,1479,2.3,2.1,57.0,0.24,218.7
2026-09-18T16:49:16+08:00,FJ-01,1479,2.2,2.1,56.2,0.24,219.1
2026-09-18T16:50:16+08:00,FJ-01,1480,2.3,2.0,56.4,0.25,218.5
2026-09-18T16:51:16+08:00,FJ-01,1480,2.2,2.0,56.4,0.24,217.9
2026-09-18T16:52:16+08:00,FJ-01,1480,2.2,2.1,55.6,0.25,218.6
2026-09-18T16:53:16+08:00,FJ-01,1480,2.2,2.1,56.3,0.24,218.0
2026-09-18T16:54:16+08:00,FJ-01,1478,2.3,2.1,56.6,0.25,219.7
2026-09-18T16:55:16+08:00,FJ-01,1478,2.3,2.0,56.4,0.24,219.3
2026-09-18T16:56:16+08:00,FJ-01,1479,2.3,2.0,56.1,0.24,218.0
2026-09-18T16:57:16+08:00,FJ-01,1480,2.2,2.0,56.5,0.24,217.6
2026-09-18T16:58:16+08:00,FJ-01,1479,2.2,2.0,56.7,0.25,217.9
2026-09-18T16:59:16+08:00,FJ-01,1480,2.2,2.0,56.4,0.25,218.5
2026-09-18T17:00:16+08:00,FJ-01,1480,2.3,2.1,56.5,0.25,219.6
2026-09-18T17:01:16+08:00,FJ-01,1479,2.2,2.1,56.7,0.25,219.1
2026-09-18T17:02:16+08:00,FJ-01,1479,2.2,2.0,55.9,0.24,219.9
2026-09-18T17:03:16+08:00,FJ-01,1481,2.2,2.0,57.1,0.24,218.8
2026-09-18T17:04:16+08:00,FJ-01,1479,2.2,2.1,56.6,0.24,217.8
2026-09-18T17:05:16+08:00,FJ-01,1480,2.3,2.1,56.0,0.24,217.8
2026-09-18T17:06:16+08:00,FJ-01,1480,2.2,2.0,57.2,0.25,217.6
2026-09-18T17:07:16+08:00,FJ-01,1479,2.3,2.1,55.4,0.25,219.3
2026-09-18T17:08:16+08:00,FJ-01,1480,2.3,2.1,56.3,0.24,218.3
2026-09-18T17:09:16+08:00,FJ-01,1479,2.3,2.0,56.2,0.24,218.5
2026-09-18T17:10:16+08:00,FJ-01,1479,2.2,2.0,56.8,0.24,219.4
2026-09-18T17:11:16+08:00,FJ-01,1478,2.2,2.1,55.7,0.25,218.0
2026-09-18T17:12:16+08:00,FJ-01,1479,2.2,2.0,56.4,0.25,217.3
2026-09-18T17:13:16+08:00,FJ-01,1479,2.2,2.0,56.6,0.24,219.2
2026-09-18T17:14:16+08:00,FJ-01,1479,2.2,2.1,57.0,0.25,218.5
2026-09-18T17:15:16+08:00,FJ-01,1479,2.3,2.1,56.5,0.24,218.8
2026-09-18T17:16:16+08:00,FJ-01,1481,2.3,2.1,56.8,0.24,220.3
2026-09-18T17:17:16+08:00,FJ-01,1480,2.2,2.0,57.0,0.25,218.8
2026-09-18T17:18:16+08:00,FJ-01,1480,2.3,2.1,56.4,0.25,217.1
2026-09-18T17:19:16+08:00,FJ-01,1481,2.3,2.0,56.6,0.25,217.6
2026-09-18T17:20:16+08:00,FJ-01,1480,2.2,2.1,56.7,0.25,219.6
2026-09-18T17:21:16+08:00,FJ-01,1480,2.2,2.0,56.9,0.25,218.9
2026-09-18T17:22:16+08:00,FJ-01,1480,2.3,2.0,56.2,0.25,219.5
2026-09-18T17:23:16+08:00,FJ-01,1481,2.3,2.1,56.3,0.24,216.8
2026-09-18T17:24:16+08:00,FJ-01,1478,2.2,2.0,56.4,0.24,219.4
2026-09-18T17:25:16+08:00,FJ-01,1480,2.2,2.1,56.1,0.24,218.2
2026-09-18T17:26:16+08:00,FJ-01,1479,2.3,2.1,57.0,0.25,219.7
2026-09-18T17:27:16+08:00,FJ-01,1480,2.3,2.0,56.9,0.24,219.4
2026-09-18T17:28:16+08:00,FJ-01,1479,2.2,2.0,56.6,0.25,219.2
2026-09-18T17:29:16+08:00,FJ-01,1480,2.3,2.1,56.4,0.24,218.0
2026-09-18T17:30:16+08:00,FJ-01,1480,2.3,2.1,56.2,0.25,217.5
2026-09-18T17:31:16+08:00,FJ-01,1480,2.2,2.1,56.3,0.25,218.9
2026-09-18T17:32:16+08:00,FJ-01,1480,2.3,2.0,56.8,0.25,220.1
2026-09-18T17:33:16+08:00,FJ-01,1480,2.3,2.0,56.3,0.24,218.6
2026-09-18T17:34:16+08:00,FJ-01,1479,2.3,2.0,56.7,0.24,218.3
2026-09-18T17:35:16+08:00,FJ-01,1480,2.2,2.0,56.5,0.24,217.8
2026-09-18T17:36:16+08:00,FJ-01,1480,2.2,2.1,57.1,0.24,218.5
2026-09-18T17:37:16+08:00,FJ-01,1480,2.2,2.1,56.2,0.24,218.6
2026-09-18T17:38:16+08:00,FJ-01,1481,2.3,2.1,56.8,0.24,218.1
2026-09-18T17:39:16+08:00,FJ-01,1479,2.3,2.1,56.7,0.24,217.4
2026-09-18T17:40:16+08:00,FJ-01,1481,2.3,2.0,57.1,0.25,219.6
2026-09-18T17:41:16+08:00,FJ-01,1480,2.3,2.1,56.6,0.25,217.7
2026-09-18T17:42:16+08:00,FJ-01,1479,2.2,2.0,57.0,0.24,219.3
2026-09-18T17:43:16+08:00,FJ-01,1479,2.3,2.0,57.6,0.25,217.6
2026-09-18T17:44:16+08:00,FJ-01,1481,2.2,2.0,56.9,0.25,218.3
2026-09-18T17:45:16+08:00,FJ-01,1481,2.3,2.1,56.2,0.25,218.1
2026-09-18T17:46:16+08:00,FJ-01,1481,2.3,2.1,56.3,0.24,220.3
2026-09-18T17:47:16+08:00,FJ-01,1481,2.3,2.1,55.8,0.24,218.7
2026-09-18T17:48:16+08:00,FJ-01,1480,2.3,2.1,56.3,0.25,218.8
2026-09-18T17:49:16+08:00,FJ-01,1480,2.3,2.1,57.2,0.25,217.9
2026-09-18T17:50:16+08:00,FJ-01,1479,2.3,2.0,56.7,0.24,216.9
2026-09-18T17:51:16+08:00,FJ-01,1479,2.2,2.0,55.9,0.25,218.8
2026-09-18T17:52:16+08:00,FJ-01,1480,2.2,2.1,55.7,0.25,217.4
2026-09-18T17:53:16+08:00,FJ-01,1479,2.3,2.1,56.8,0.24,217.5
2026-09-18T17:54:16+08:00,FJ-01,1480,2.3,2.1,56.2,0.24,219.8
2026-09-18T17:55:16+08:00,FJ-01,1479,2.2,2.1,56.3,0.25,218.9
2026-09-18T17:56:16+08:00,FJ-01,1480,2.3,2.0,57.1,0.24,218.8
2026-09-18T17:57:16+08:00,FJ-01,1479,2.3,2.1,56.8,0.24,218.8
2026-09-18T17:58:16+08:00,FJ-01,1479,2.2,2.0,56.6,0.24,218.2
2026-09-18T17:59:16+08:00,FJ-01,1481,2.2,2.1,56.6,0.24,218.2
2026-09-18T18:00:16+08:00,FJ-01,1479,2.3,2.1,56.5,0.24,217.9
2026-09-18T18:01:16+08:00,FJ-01,1480,2.3,2.0,56.1,0.24,218.8
2026-09-18T18:02:16+08:00,FJ-01,1479,2.3,2.0,56.5,0.25,216.4
2026-09-18T18:03:16+08:00,FJ-01,1479,2.2,2.0,56.4,0.24,220.2
2026-09-18T18:04:16+08:00,FJ-01,1479,2.2,2.1,56.0,0.24,218.6
2026-09-18T18:05:16+08:00,FJ-01,1480,2.3,2.0,56.6,0.25,217.8
2026-09-18T18:06:16+08:00,FJ-01,1480,2.3,2.0,57.3,0.24,218.4
2026-09-18T18:07:16+08:00,FJ-01,1480,2.3,2.0,57.1,0.24,218.1
2026-09-18T18:08:16+08:00,FJ-01,1481,2.3,2.1,56.7,0.25,219.3
2026-09-18T18:09:16+08:00,FJ-01,1479,2.2,2.0,57.6,0.24,218.0
2026-09-18T18:10:16+08:00,FJ-01,1481,2.2,2.1,56.1,0.24,218.7
2026-09-18T18:11:16+08:00,FJ-01,1480,2.3,2.1,56.5,0.25,218.0
2026-09-18T18:12:16+08:00,FJ-01,1480,2.3,2.1,56.3,0.24,218.7
2026-09-18T18:13:16+08:00,FJ-01,1480,2.2,2.0,55.9,0.25,217.8
2026-09-18T18:14:16+08:00,FJ-01,1480,2.3,2.1,56.9,0.24,218.4
2026-09-18T18:15:16+08:00,FJ-01,1480,2.3,2.0,56.9,0.24,217.7
2026-09-18T18:16:16+08:00,FJ-01,1480,2.2,2.0,57.2,0.24,217.5
2026-09-18T18:17:16+08:00,FJ-01,1480,2.2,2.1,56.6,0.24,218.8
2026-09-18T18:18:16+08:00,FJ-01,1480,2.3,2.1,56.5,0.24,218.7
2026-09-18T18:19:16+08:00,FJ-01,1480,2.3,2.0,57.2,0.25,217.6
2026-09-18T18:20:16+08:00,FJ-01,1479,2.2,2.0,57.2,0.25,218.6
2026-09-18T18:21:16+08:00,FJ-01,1479,2.3,2.0,56.7,0.25,219.8
2026-09-18T18:22:16+08:00,FJ-01,1480,2.2,2.1,56.7,0.25,218.4
2026-09-18T18:23:16+08:00,FJ-01,1479,2.2,2.1,57.7,0.24,219.1
2026-09-18T18:24:16+08:00,FJ-01,1479,2.3,2.1,56.7,0.25,219.2
2026-09-18T18:25:16+08:00,FJ-01,1477,2.3,2.2,56.7,0.24,218.3
2026-09-18T18:26:16+08:00,FJ-01,1480,2.3,2.1,57.0,0.25,218.3
2026-09-18T18:27:16+08:00,FJ-01,1480,2.4,2.0,56.5,0.25,219.8
2026-09-18T18:28:16+08:00,FJ-01,1480,2.2,2.0,56.9,0.24,219.1
2026-09-18T18:29:16+08:00,FJ-01,1480,2.3,2.1,57.1,0.25,218.3
2026-09-18T18:30:16+08:00,FJ-01,1479,2.3,2.0,57.1,0.24,218.6
2026-09-18T18:31:16+08:00,FJ-01,1480,2.2,2.1,56.5,0.24,219.6
2026-09-18T18:32:16+08:00,FJ-01,1479,2.3,2.1,57.4,0.24,219.4
2026-09-18T18:33:16+08:00,FJ-01,1481,2.3,2.0,56.2,0.25,219.5
2026-09-18T18:34:16+08:00,FJ-01,1481,2.3,2.0,55.6,0.24,219.1
2026-09-18T18:35:16+08:00,FJ-01,1479,2.2,2.1,56.8,0.24,216.9
2026-09-18T18:36:16+08:00,FJ-01,1479,2.2,2.1,56.0,0.25,219.3
2026-09-18T18:37:16+08:00,FJ-01,1480,2.2,2.1,56.2,0.24,219.2
2026-09-18T18:38:16+08:00,FJ-01,1480,2.2,2.0,56.7,0.24,217.1
2026-09-18T18:39:16+08:00,FJ-01,1480,2.2,2.0,56.6,0.24,218.2
2026-09-18T18:40:16+08:00,FJ-01,1480,2.2,2.0,56.8,0.25,218.6
2026-09-18T18:41:16+08:00,FJ-01,1479,2.2,2.1,56.6,0.25,219.0
2026-09-18T18:42:16+08:00,FJ-01,1480,2.3,2.1,57.1,0.24,217.8
2026-09-18T18:43:16+08:00,FJ-01,1481,2.3,2.1,56.3,0.24,219.5
2026-09-18T18:44:16+08:00,FJ-01,1480,2.2,2.1,56.1,0.24,217.9
2026-09-18T18:45:16+08:00,FJ-01,1480,2.3,2.1,57.3,0.24,218.2
2026-09-18T18:46:16+08:00,FJ-01,1480,2.3,2.0,57.3,0.24,218.1
2026-09-18T18:47:16+08:00,FJ-01,1481,2.3,2.1,57.0,0.24,218.7
2026-09-18T18:48:16+08:00,FJ-01,1480,2.3,2.0,56.8,0.24,217.6
2026-09-18T18:49:16+08:00,FJ-01,1479,2.2,2.1,56.9,0.24,219.4
2026-09-18T18:50:16+08:00,FJ-01,1479,2.3,2.1,56.5,0.24,217.9
2026-09-18T18:51:16+08:00,FJ-01,1479,2.3,2.1,56.0,0.25,219.2
2026-09-18T18:52:16+08:00,FJ-01,1479,2.3,2.1,56.6,0.24,219.6
2026-09-18T18:53:16+08:00,FJ-01,1480,2.3,2.1,55.3,0.24,219.2
2026-09-18T18:54:16+08:00,FJ-01,1480,2.3,2.1,57.2,0.24,219.3
2026-09-18T18:55:16+08:00,FJ-01,1480,2.2,2.1,57.0,0.25,220.2
2026-09-18T18:56:16+08:00,FJ-01,1482,2.3,2.0,56.9,0.24,219.3
2026-09-18T18:57:16+08:00,FJ-01,1480,2.2,2.0,56.3,0.24,219.1
2026-09-18T18:58:16+08:00,FJ-01,1481,2.2,2.1,56.0,0.24,218.5
2026-09-18T18:59:16+08:00,FJ-01,1480,2.3,2.0,56.7,0.24,218.9
2026-09-18T19:00:16+08:00,FJ-01,1479,2.2,2.1,55.8,0.25,218.6
2026-09-18T19:01:16+08:00,FJ-01,1479,2.2,2.1,57.3,0.24,217.6
2026-09-18T19:02:16+08:00,FJ-01,1480,2.3,2.1,56.6,0.24,218.0
2026-09-18T19:03:16+08:00,FJ-01,1480,2.3,2.1,56.5,0.25,218.1
2026-09-18T19:04:16+08:00,FJ-01,1480,2.3,2.0,56.3,0.24,218.9
2026-09-18T19:05:16+08:00,FJ-01,1480,2.2,2.0,56.4,0.25,218.9
2026-09-18T19:06:16+08:00,FJ-01,1480,2.3,2.1,57.1,0.24,218.2
2026-09-18T19:07:16+08:00,FJ-01,1480,2.2,2.1,56.1,0.25,220.0
2026-09-18T19:08:16+08:00,FJ-01,1479,2.2,2.1,56.6,0.24,218.1
2026-09-18T19:09:16+08:00,FJ-01,1480,2.3,2.0,56.5,0.24,220.2
2026-09-18T19:10:16+08:00,FJ-01,1480,2.3,2.0,56.5,0.24,219.5
2026-09-18T19:11:16+08:00,FJ-01,1481,2.2,2.0,57.6,0.24,218.7
2026-09-18T19:12:16+08:00,FJ-01,1481,2.3,2.0,57.5,0.24,219.1
2026-09-18T19:13:16+08:00,FJ-01,1479,2.3,2.1,55.9,0.25,219.6
2026-09-18T19:14:16+08:00,FJ-01,1479,2.3,2.1,56.8,0.24,218.0
2026-09-18T19:15:16+08:00,FJ-01,1480,2.3,2.1,55.9,0.25,217.8
2026-09-18T19:16:16+08:00,FJ-01,1481,2.3,2.1,56.5,0.25,217.3
2026-09-18T19:17:16+08:00,FJ-01,1480,2.3,2.0,56.7,0.24,219.1
2026-09-18T19:18:16+08:00,FJ-01,1480,2.3,2.1,56.2,0.24,219.0
2026-09-18T19:19:16+08:00,FJ-01,1479,2.3,2.0,57.2,0.24,219.8
2026-09-18T19:20:16+08:00,FJ-01,1481,2.3,2.1,56.7,0.25,219.9
2026-09-18T19:21:16+08:00,FJ-01,1480,2.3,2.0,57.2,0.24,219.6
2026-09-18T19:22:16+08:00,FJ-01,1480,2.3,2.0,56.6,0.25,219.0
2026-09-18T19:23:16+08:00,FJ-01,1479,2.3,2.1,56.2,0.25,218.6
2026-09-18T19:24:16+08:00,FJ-01,1479,2.2,2.1,56.4,0.24,219.7
2026-09-18T19:25:16+08:00,FJ-01,1480,2.3,2.0,56.4,0.24,220.0
2026-09-18T19:26:16+08:00,FJ-01,1480,2.3,2.1,56.3,0.24,217.9
2026-09-18T19:27:16+08:00,FJ-01,1480,2.3,2.1,56.9,0.25,219.0
2026-09-18T19:28:16+08:00,FJ-01,1479,2.2,2.1,57.1,0.24,218.8
2026-09-18T19:29:16+08:00,FJ-01,1480,2.2,2.1,56.0,0.24,220.1
2026-09-18T19:30:16+08:00,FJ-01,1481,2.2,2.1,56.4,0.24,218.9
2026-09-18T19:31:16+08:00,FJ-01,1479,2.3,2.1,56.3,0.24,218.5
2026-09-18T19:32:16+08:00,FJ-01,1480,2.3,2.0,56.9,0.25,219.0
2026-09-18T19:33:16+08:00,FJ-01,1481,2.2,2.1,56.7,0.25,218.9
2026-09-18T19:34:16+08:00,FJ-01,1480,2.2,2.0,56.6,0.24,217.7
2026-09-18T19:35:16+08:00,FJ-01,1478,2.2,2.1,56.1,0.25,217.2
2026-09-18T19:36:16+08:00,FJ-01,1481,2.3,2.0,55.8,0.24,217.3
2026-09-18T19:37:16+08:00,FJ-01,1479,2.3,2.0,56.9,0.24,217.5
2026-09-18T19:38:16+08:00,FJ-01,1481,2.3,2.0,57.0,0.24,217.3
2026-09-18T19:39:16+08:00,FJ-01,1480,2.3,2.1,56.6,0.24,218.6
2026-09-18T19:40:16+08:00,FJ-01,1480,2.3,2.1,56.9,0.24,218.1
2026-09-18T19:41:16+08:00,FJ-01,1479,2.3,2.1,56.1,0.24,220.0
2026-09-18T19:42:16+08:00,FJ-01,1480,2.2,2.1,56.4,0.24,218.9
2026-09-18T19:43:16+08:00,FJ-01,1479,2.2,2.1,56.1,0.25,218.5
2026-09-18T19:44:16+08:00,FJ-01,1480,2.3,2.1,57.0,0.24,219.0
2026-09-18T19:45:16+08:00,FJ-01,1480,2.3,2.1,56.8,0.25,218.2
2026-09-18T19:46:16+08:00,FJ-01,1480,2.2,2.0,56.9,0.24,217.9
2026-09-18T19:47:16+08:00,FJ-01,1479,2.3,2.1,57.0,0.25,218.4
2026-09-18T19:48:16+08:00,FJ-01,1481,2.3,2.1,56.4,0.24,218.3
2026-09-18T19:49:16+08:00,FJ-01,1479,2.3,2.1,56.3,0.25,220.9
2026-09-18T19:50:16+08:00,FJ-01,1480,2.2,2.1,56.8,0.24,218.7
2026-09-18T19:51:16+08:00,FJ-01,1480,2.2,2.1,56.3,0.25,218.2
2026-09-18T19:52:16+08:00,FJ-01,1478,2.3,2.0,58.2,0.25,219.3
2026-09-18T19:53:16+08:00,FJ-01,1479,2.3,2.1,56.5,0.24,218.1
2026-09-18T19:54:16+08:00,FJ-01,1480,2.3,2.0,56.5,0.25,219.7
2026-09-18T19:55:16+08:00,FJ-01,1480,2.3,2.1,55.9,0.24,218.1
2026-09-18T19:56:16+08:00,FJ-01,1480,2.3,2.1,57.5,0.25,218.4
2026-09-18T19:57:16+08:00,FJ-01,1480,2.2,2.1,56.5,0.25,219.5
2026-09-18T19:58:16+08:00,FJ-01,1480,2.3,2.1,56.5,0.24,220.0
2026-09-18T19:59:16+08:00,FJ-01,1479,2.3,2.1,56.8,0.25,218.6
2026-09-18T20:00:16+08:00,FJ-01,1479,2.3,2.0,56.6,0.25,218.9
2026-09-18T20:01:16+08:00,FJ-01,1482,2.3,2.1,56.9,0.25,218.6
2026-09-18T20:02:16+08:00,FJ-01,1479,2.3,2.0,56.3,0.24,219.6
2026-09-18T20:03:16+08:00,FJ-01,1480,2.3,2.0,56.3,0.24,217.9
2026-09-18T20:04:16+08:00,FJ-01,1479,2.3,2.1,56.4,0.24,219.1
2026-09-18T20:05:16+08:00,FJ-01,1480,2.3,2.1,56.7,0.24,219.7
2026-09-18T20:06:16+08:00,FJ-01,1480,2.3,2.1,57.2,0.24,220.6
2026-09-18T20:07:16+08:00,FJ-01,1479,2.2,2.0,56.3,0.24,218.3
2026-09-18T20:08:16+08:00,FJ-01,1479,2.3,2.0,56.2,0.25,219.1
2026-09-18T20:09:16+08:00,FJ-01,1480,2.3,2.1,56.9,0.25,218.9
2026-09-18T20:10:16+08:00,FJ-01,1480,2.2,2.0,57.1,0.24,218.8
2026-09-18T20:11:16+08:00,FJ-01,1479,2.2,2.0,56.4,0.25,219.8
2026-09-18T20:12:16+08:00,FJ-01,1480,2.3,2.1,57.3,0.25,218.4
2026-09-18T20:13:16+08:00,FJ-01,1480,2.2,2.1,56.2,0.24,218.4
2026-09-18T20:14:16+08:00,FJ-01,1480,2.2,2.1,56.6,0.24,219.6
2026-09-18T20:15:16+08:00,FJ-01,1480,2.3,2.1,57.1,0.25,219.4
2026-09-18T20:16:16+08:00,FJ-01,1479,2.3,2.1,57.0,0.25,218.7
2026-09-18T20:17:16+08:00,FJ-01,1481,2.2,2.0,57.2,0.25,218.7
2026-09-18T20:18:16+08:00,FJ-01,1480,2.2,2.1,56.7,0.24,219.6
2026-09-18T20:19:16+08:00,FJ-01,1481,2.3,2.0,56.5,0.24,219.2
2026-09-18T20:20:16+08:00,FJ-01,1481,2.3,2.1,56.8,0.25,219.7
2026-09-18T20:21:16+08:00,FJ-01,1479,2.2,2.1,56.4,0.25,218.4
2026-09-18T20:22:16+08:00,FJ-01,1480,2.2,2.1,56.4,0.24,220.4
2026-09-18T20:23:16+08:00,FJ-01,1482,2.3,2.0,56.7,0.24,218.7
2026-09-18T20:24:16+08:00,FJ-01,1480,2.3,2.0,57.5,0.24,217.4
2026-09-18T20:25:16+08:00,FJ-01,1481,2.3,2.1,57.2,0.25,217.3
2026-09-18T20:26:16+08:00,FJ-01,1480,2.3,2.1,56.1,0.24,219.1
2026-09-18T20:27:16+08:00,FJ-01,1480,2.3,2.1,56.6,0.25,218.5
2026-09-18T20:28:16+08:00,FJ-01,1480,2.2,2.1,57.0,0.24,217.6
2026-09-18T20:29:16+08:00,FJ-01,1480,2.3,2.1,56.8,0.24,218.1
2026-09-18T20:30:16+08:00,FJ-01,1480,2.2,2.1,57.1,0.24,218.8
2026-09-18T20:31:16+08:00,FJ-01,1482,2.3,2.1,56.9,0.25,218.7
2026-09-18T20:32:16+08:00,FJ-01,1480,2.3,2.0,56.8,0.25,217.9
2026-09-18T20:33:16+08:00,FJ-01,1480,2.2,2.1,56.8,0.25,218.8
2026-09-18T20:34:16+08:00,FJ-01,1479,2.2,2.1,56.2,0.25,217.0
2026-09-18T20:35:16+08:00,FJ-01,1479,2.3,2.1,56.4,0.24,218.1
2026-09-18T20:36:16+08:00,FJ-01,1480,2.3,2.0,57.0,0.25,218.7
2026-09-18T20:37:16+08:00,FJ-01,1481,2.3,2.1,57.1,0.24,218.1
2026-09-18T20:38:16+08:00,FJ-01,1481,2.3,2.1,56.2,0.25,218.1
2026-09-18T20:39:16+08:00,FJ-01,1478,2.3,2.0,57.0,0.24,218.0
2026-09-18T20:40:16+08:00,FJ-01,1481,2.3,2.1,57.1,0.24,219.7
2026-09-18T20:41:16+08:00,FJ-01,1481,2.2,2.0,57.1,0.24,219.9
2026-09-18T20:42:16+08:00,FJ-01,1481,2.2,2.0,56.5,0.25,217.7
2026-09-18T20:43:16+08:00,FJ-01,1480,2.2,2.1,56.7,0.25,219.1
2026-09-18T20:44:16+08:00,FJ-01,1481,2.3,2.1,56.0,0.25,218.3
2026-09-18T20:45:16+08:00,FJ-01,1480,2.2,2.1,56.6,0.24,218.9
2026-09-18T20:46:16+08:00,FJ-01,1478,2.3,2.1,57.4,0.25,220.1
2026-09-18T20:47:16+08:00,FJ-01,1479,2.3,2.0,56.9,0.25,217.4
2026-09-18T20:48:16+08:00,FJ-01,1480,2.2,2.0,56.2,0.25,218.3
2026-09-18T20:49:16+08:00,FJ-01,1480,2.3,2.1,56.1,0.24,219.7
2026-09-18T20:50:16+08:00,FJ-01,1480,2.3,2.1,57.3,0.24,220.0
2026-09-18T20:51:16+08:00,FJ-01,1481,2.2,2.1,56.6,0.25,219.5
2026-09-18T20:52:16+08:00,FJ-01,1481,2.2,2.0,56.4,0.24,218.6
2026-09-18T20:53:16+08:00,FJ-01,1480,2.2,2.1,57.0,0.25,218.2
2026-09-18T20:54:16+08:00,FJ-01,1480,2.3,2.0,56.6,0.25,218.6
2026-09-18T20:55:16+08:00,FJ-01,1481,2.2,2.1,56.4,0.24,218.7
2026-09-18T20:56:16+08:00,FJ-01,1481,2.3,2.1,56.8,0.24,218.2
2026-09-18T20:57:16+08:00,FJ-01,1478,2.3,2.1,56.6,0.25,219.9
2026-09-18T20:58:16+08:00,FJ-01,1480,2.3,2.1,56.7,0.24,217.8
2026-09-18T20:59:16+08:00,FJ-01,1479,2.3,2.0,56.5,0.25,217.9
2026-09-18T21:00:16+08:00,FJ-01,1479,2.2,2.1,56.6,0.24,216.6
2026-09-18T21:01:16+08:00,FJ-01,1480,2.2,2.0,57.3,0.25,218.5
2026-09-18T21:02:16+08:00,FJ-01,1479,2.3,2.1,57.3,0.25,218.8
2026-09-18T21:03:16+08:00,FJ-01,1480,2.3,2.1,56.6,0.24,218.8
2026-09-18T21:04:16+08:00,FJ-01,1479,2.3,2.0,56.3,0.24,217.7
2026-09-18T21:05:16+08:00,FJ-01,1478,2.2,2.0,56.8,0.25,219.2
2026-09-18T21:06:16+08:00,FJ-01,1479,2.3,2.1,56.6,0.24,218.4
2026-09-18T21:07:16+08:00,FJ-01,1481,2.3,2.1,56.5,0.24,218.5
2026-09-18T21:08:16+08:00,FJ-01,1480,2.2,2.1,56.5,0.24,217.9
2026-09-18T21:09:16+08:00,FJ-01,1479,2.2,2.1,56.6,0.24,219.1
2026-09-18T21:10:16+08:00,FJ-01,1480,2.2,2.0,56.3,0.25,218.7
2026-09-18T21:11:16+08:00,FJ-01,1479,2.3,2.1,56.7,0.24,218.0
2026-09-18T21:12:16+08:00,FJ-01,1480,2.3,2.1,56.6,0.24,218.6
2026-09-18T21:13:16+08:00,FJ-01,1480,2.2,2.0,56.3,0.25,219.3
2026-09-18T21:14:16+08:00,FJ-01,1479,2.2,2.1,56.8,0.25,218.5
2026-09-18T21:15:16+08:00,FJ-01,1481,2.3,2.0,57.0,0.25,219.4
2026-09-18T21:16:16+08:00,FJ-01,1481,2.3,2.0,55.9,0.24,218.8
2026-09-18T21:17:16+08:00,FJ-01,1479,2.3,2.1,56.6,0.24,220.0
2026-09-18T21:18:16+08:00,FJ-01,1480,2.3,2.0,56.0,0.25,219.1
2026-09-18T21:19:16+08:00,FJ-01,1481,2.3,2.1,56.7,0.24,219.0
2026-09-18T21:20:16+08:00,FJ-01,1481,2.2,2.1,55.9,0.25,219.9
2026-09-18T21:21:16+08:00,FJ-01,1480,2.3,2.0,57.4,0.25,218.3
2026-09-18T21:22:16+08:00,FJ-01,1478,2.2,2.0,55.9,0.25,219.2
2026-09-18T21:23:16+08:00,FJ-01,1480,2.3,2.1,56.8,0.25,218.3
2026-09-18T21:24:16+08:00,FJ-01,1480,2.2,2.1,57.0,0.25,219.7
2026-09-18T21:25:16+08:00,FJ-01,1481,2.2,2.0,55.8,0.25,217.9
2026-09-18T21:26:16+08:00,FJ-01,1481,2.2,2.0,57.0,0.25,219.5
2026-09-18T21:27:16+08:00,FJ-01,1480,2.3,2.1,57.4,0.25,219.6
2026-09-18T21:28:16+08:00,FJ-01,1479,2.3,2.1,56.3,0.25,218.2
2026-09-18T21:29:16+08:00,FJ-01,1480,2.3,2.0,56.6,0.24,219.7
2026-09-18T21:30:16+08:00,FJ-01,1479,2.2,2.0,57.0,0.25,219.5
2026-09-18T21:31:16+08:00,FJ-01,1479,2.3,2.1,56.5,0.24,219.0
2026-09-18T21:32:16+08:00,FJ-01,1480,2.3,2.0,56.5,0.24,221.2
2026-09-18T21:33:16+08:00,FJ-01,1480,2.2,2.1,56.2,0.25,219.4
2026-09-18T21:34:16+08:00,FJ-01,1480,2.3,2.1,56.4,0.24,217.8
2026-09-18T21:35:16+08:00,FJ-01,1480,2.3,2.1,56.9,0.25,218.8
2026-09-18T21:36:16+08:00,FJ-01,1481,2.2,2.1,56.2,0.25,219.5
2026-09-18T21:37:16+08:00,FJ-01,1479,2.2,2.1,57.3,0.25,218.1
2026-09-18T21:38:16+08:00,FJ-01,1480,2.3,2.1,57.2,0.25,219.0
2026-09-18T21:39:16+08:00,FJ-01,1480,2.3,2.1,56.7,0.25,220.3
2026-09-18T21:40:16+08:00,FJ-01,1481,2.2,2.1,56.6,0.24,220.0
2026-09-18T21:41:16+08:00,FJ-01,1480,2.3,2.1,57.3,0.25,218.3
2026-09-18T21:42:16+08:00,FJ-01,1479,2.2,2.1,56.5,0.25,218.0
2026-09-18T21:43:16+08:00,FJ-01,1480,2.3,2.0,56.9,0.24,220.6
2026-09-18T21:44:16+08:00,FJ-01,1480,2.2,2.0,56.4,0.24,219.6
2026-09-18T21:45:16+08:00,FJ-01,1479,2.3,2.1,57.3,0.25,220.0
2026-09-18T21:46:16+08:00,FJ-01,1479,2.3,2.0,57.5,0.24,220.1
2026-09-18T21:47:16+08:00,FJ-01,1481,2.3,2.0,56.6,0.24,218.7
2026-09-18T21:48:16+08:00,FJ-01,1481,2.3,2.1,56.0,0.24,218.6
2026-09-18T21:49:16+08:00,FJ-01,1482,2.4,2.1,56.7,0.25,220.4
2026-09-18T21:50:16+08:00,FJ-01,1481,2.3,2.1,56.4,0.24,218.3
2026-09-18T21:51:16+08:00,FJ-01,1481,2.3,2.1,56.9,0.24,218.4
2026-09-18T21:52:16+08:00,FJ-01,1480,2.3,2.0,56.3,0.24,220.5
2026-09-18T21:53:16+08:00,FJ-01,1481,2.3,2.1,57.2,0.24,219.2
2026-09-18T21:54:16+08:00,FJ-01,1480,2.3,2.1,56.9,0.24,218.2
2026-09-18T21:55:16+08:00,FJ-01,1480,2.3,2.1,57.2,0.24,218.7
2026-09-18T21:56:16+08:00,FJ-01,1480,2.3,2.1,56.3,0.24,218.6
2026-09-18T21:57:16+08:00,FJ-01,1481,2.3,2.1,56.9,0.25,219.2
2026-09-18T21:58:16+08:00,FJ-01,1479,2.3,2.1,56.1,0.25,219.3
2026-09-18T21:59:16+08:00,FJ-01,1479,2.2,2.1,57.0,0.25,217.9
2026-09-18T22:00:16+08:00,FJ-01,1480,2.2,2.0,56.4,0.24,217.7
2026-09-18T22:01:16+08:00,FJ-01,1479,2.2,2.1,56.7,0.25,218.7
2026-09-18T22:02:16+08:00,FJ-01,1479,2.3,2.1,57.2,0.25,220.8
2026-09-18T22:03:16+08:00,FJ-01,1482,2.3,2.1,56.8,0.25,218.5
2026-09-18T22:04:16+08:00,FJ-01,1479,2.3,2.0,56.6,0.24,219.8
2026-09-18T22:05:16+08:00,FJ-01,1479,2.3,2.0,56.9,0.24,218.0
2026-09-18T22:06:16+08:00,FJ-01,1479,2.3,2.1,57.1,0.24,218.4
2026-09-18T22:07:16+08:00,FJ-01,1480,2.3,2.1,57.5,0.24,218.0
2026-09-18T22:08:16+08:00,FJ-01,1481,2.2,2.1,56.3,0.24,218.5
2026-09-18T22:09:16+08:00,FJ-01,1480,2.3,2.1,56.4,0.25,217.7
2026-09-18T22:10:16+08:00,FJ-01,1480,2.3,2.1,57.2,0.25,219.6
2026-09-18T22:11:16+08:00,FJ-01,1479,2.3,2.0,56.9,0.24,219.7
2026-09-18T22:12:16+08:00,FJ-01,1480,2.3,2.1,56.6,0.24,219.7
2026-09-18T22:13:16+08:00,FJ-01,1480,2.3,2.0,56.9,0.25,220.3
2026-09-18T22:14:16+08:00,FJ-01,1479,2.3,2.0,56.3,0.25,218.1
2026-09-18T22:15:16+08:00,FJ-01,1480,2.3,2.1,56.8,0.25,219.4
2026-09-18T22:16:16+08:00,FJ-01,1479,2.3,2.1,56.9,0.25,220.4
2026-09-18T22:17:16+08:00,FJ-01,1479,2.3,2.0,56.3,0.24,219.1
2026-09-18T22:18:16+08:00,FJ-01,1480,2.3,2.0,56.4,0.25,219.6
2026-09-18T22:19:16+08:00,FJ-01,1479,2.3,2.1,57.1,0.24,219.3
2026-09-18T22:20:16+08:00,FJ-01,1479,2.2,2.1,56.6,0.25,219.6
2026-09-18T22:21:16+08:00,FJ-01,1480,2.3,2.0,57.0,0.25,219.1
2026-09-18T22:22:16+08:00,FJ-01,1479,2.2,2.1,56.5,0.25,220.5
2026-09-18T22:23:16+08:00,FJ-01,1482,2.3,2.0,56.4,0.25,218.8
2026-09-18T22:24:16+08:00,FJ-01,1480,2.3,2.1,57.1,0.25,221.0
2026-09-18T22:25:16+08:00,FJ-01,1480,2.2,2.1,56.6,0.24,217.0
2026-09-18T22:26:16+08:00,FJ-01,1481,2.3,2.1,56.7,0.25,218.4
2026-09-18T22:27:16+08:00,FJ-01,1481,2.3,2.1,57.0,0.24,218.7
2026-09-18T22:28:16+08:00,FJ-01,1478,2.3,2.1,56.8,0.24,219.7
2026-09-18T22:29:16+08:00,FJ-01,1480,2.3,2.1,56.0,0.24,219.0
2026-09-18T22:30:16+08:00,FJ-01,1480,2.3,2.1,56.6,0.24,218.8
2026-09-18T22:31:16+08:00,FJ-01,1479,2.3,2.1,56.8,0.24,217.8
2026-09-18T22:32:16+08:00,FJ-01,1479,2.3,2.1,56.2,0.24,219.3
2026-09-18T22:33:16+08:00,FJ-01,1481,2.3,2.0,56.6,0.24,220.7
2026-09-18T22:34:16+08:00,FJ-01,1480,2.3,2.1,56.4,0.24,218.9
2026-09-18T22:35:16+08:00,FJ-01,1481,2.2,2.1,56.8,0.24,219.3
2026-09-18T22:36:16+08:00,FJ-01,1480,2.2,2.1,56.7,0.25,219.1
2026-09-18T22:37:16+08:00,FJ-01,1481,2.2,2.1,57.2,0.25,218.3
2026-09-18T22:38:16+08:00,FJ-01,1481,2.2,2.1,56.9,0.24,218.4
2026-09-18T22:39:16+08:00,FJ-01,1480,2.3,2.1,57.3,0.25,219.0
2026-09-18T22:40:16+08:00,FJ-01,1480,2.3,2.1,56.9,0.24,218.8
2026-09-18T22:41:16+08:00,FJ-01,1481,2.4,2.1,56.6,0.24,220.1
2026-09-18T22:42:16+08:00,FJ-01,1480,2.3,2.1,56.8,0.25,219.4
2026-09-18T22:43:16+08:00,FJ-01,1481,2.3,2.1,56.6,0.24,218.6
2026-09-18T22:44:16+08:00,FJ-01,1480,2.3,2.1,56.7,0.24,218.1
2026-09-18T22:45:16+08:00,FJ-01,1479,2.2,2.1,57.1,0.25,217.8
2026-09-18T22:46:16+08:00,FJ-01,1479,2.3,2.1,56.7,0.24,218.7
2026-09-18T22:47:16+08:00,FJ-01,1481,2.3,2.1,56.2,0.25,218.7
2026-09-18T22:48:16+08:00,FJ-01,1480,2.2,2.1,56.8,0.25,219.5
2026-09-18T22:49:16+08:00,FJ-01,1481,2.3,2.1,56.2,0.25,219.2
2026-09-18T22:50:16+08:00,FJ-01,1480,2.2,2.1,56.3,0.24,219.0
2026-09-18T22:51:16+08:00,FJ-01,1479,2.4,2.1,57.2,0.25,219.2
2026-09-18T22:52:16+08:00,FJ-01,1479,2.3,2.1,56.4,0.25,218.8
2026-09-18T22:53:16+08:00,FJ-01,1481,2.3,2.1,57.3,0.24,219.0
2026-09-18T22:54:16+08:00,FJ-01,1480,2.3,2.1,56.7,0.24,219.0
2026-09-18T22:55:16+08:00,FJ-01,1480,2.2,2.1,57.2,0.25,219.3
2026-09-18T22:56:16+08:00,FJ-01,1480,2.3,2.1,56.8,0.24,219.4
2026-09-18T22:57:16+08:00,FJ-01,1481,2.3,2.1,57.2,0.24,218.1
2026-09-18T22:58:16+08:00,FJ-01,1480,2.3,2.1,56.7,0.25,218.9
2026-09-18T22:59:16+08:00,FJ-01,1480,2.3,2.1,57.0,0.25,218.5
2026-09-18T23:00:16+08:00,FJ-01,1480,2.3,2.1,57.0,0.24,218.1
2026-09-18T23:01:16+08:00,FJ-01,1480,2.3,2.1,57.0,0.24,217.5
2026-09-18T23:02:16+08:00,FJ-01,1480,2.2,2.1,56.7,0.24,219.2
2026-09-18T23:03:16+08:00,FJ-01,1480,2.3,2.1,57.5,0.24,220.6
2026-09-18T23:04:16+08:00,FJ-01,1481,2.3,2.0,56.6,0.24,219.4
2026-09-18T23:05:16+08:00,FJ-01,1480,2.3,2.0,56.0,0.25,220.0
2026-09-18T23:06:16+08:00,FJ-01,1480,2.3,2.0,56.8,0.25,219.1
2026-09-18T23:07:16+08:00,FJ-01,1481,2.3,2.1,56.6,0.24,219.0
2026-09-18T23:08:16+08:00,FJ-01,1482,2.2,2.1,57.2,0.25,217.6
2026-09-18T23:09:16+08:00,FJ-01,1480,2.3,2.1,56.6,0.25,220.1
2026-09-18T23:10:16+08:00,FJ-01,1479,2.3,2.1,56.8,0.24,219.7
2026-09-18T23:11:16+08:00,FJ-01,1481,2.3,2.0,56.6,0.24,217.4
2026-09-18T23:12:16+08:00,FJ-01,1480,2.3,2.1,56.1,0.25,220.3
2026-09-18T23:13:16+08:00,FJ-01,1480,2.3,2.0,57.1,0.25,219.0
2026-09-18T23:14:16+08:00,FJ-01,1480,2.3,2.0,56.2,0.25,219.4
2026-09-18T23:15:16+08:00,FJ-01,1480,2.3,2.0,56.4,0.24,218.2
2026-09-18T23:16:16+08:00,FJ-01,1480,2.3,2.1,57.4,0.24,219.1
2026-09-18T23:17:16+08:00,FJ-01,1481,2.3,2.1,57.3,0.24,218.7
2026-09-18T23:18:16+08:00,FJ-01,1479,2.3,2.0,56.6,0.24,218.4
2026-09-18T23:19:16+08:00,FJ-01,1479,2.3,2.1,56.8,0.24,218.6
2026-09-18T23:20:16+08:00,FJ-01,1480,2.3,2.1,56.5,0.25,219.1
2026-09-18T23:21:16+08:00,FJ-01,1481,2.3,2.1,56.6,0.25,216.9
2026-09-18T23:22:16+08:00,FJ-01,1480,2.3,2.1,56.3,0.24,218.7
2026-09-18T23:23:16+08:00,FJ-01,1479,2.2,2.1,57.4,0.25,218.2
2026-09-18T23:24:16+08:00,FJ-01,1481,2.3,2.1,57.0,0.24,218.2
2026-09-18T23:25:16+08:00,FJ-01,1481,2.3,2.1,56.9,0.25,219.6
2026-09-18T23:26:16+08:00,FJ-01,1481,2.3,2.0,56.8,0.25,217.8
2026-09-18T23:27:16+08:00,FJ-01,1481,2.3,2.0,56.8,0.24,218.1
2026-09-18T23:28:16+08:00,FJ-01,1481,2.3,2.1,57.3,0.25,219.1
2026-09-18T23:29:16+08:00,FJ-01,1479,2.3,2.1,56.6,0.25,220.0
2026-09-18T23:30:16+08:00,FJ-01,1481,2.2,2.1,57.3,0.24,219.0
2026-09-18T23:31:16+08:00,FJ-01,1480,2.3,2.1,57.1,0.24,219.4
2026-09-18T23:32:16+08:00,FJ-01,1480,2.3,2.0,56.4,0.24,219.0
2026-09-18T23:33:16+08:00,FJ-01,1480,2.3,2.1,56.1,0.25,218.6
2026-09-18T23:34:16+08:00,FJ-01,1479,2.3,2.1,56.2,0.25,218.1
2026-09-18T23:35:16+08:00,FJ-01,1480,2.3,2.0,56.4,0.25,218.6
2026-09-18T23:36:16+08:00,FJ-01,1479,2.3,2.1,57.0,0.24,219.8
2026-09-18T23:37:16+08:00,FJ-01,1480,2.2,2.0,56.9,0.25,217.2
2026-09-18T23:38:16+08:00,FJ-01,1479,2.3,2.1,56.2,0.25,218.9
2026-09-18T23:39:16+08:00,FJ-01,1480,2.3,2.1,56.8,0.25,219.1
2026-09-18T23:40:16+08:00,FJ-01,1481,2.3,2.1,55.8,0.25,219.5
2026-09-18T23:41:16+08:00,FJ-01,1479,2.2,2.1,56.4,0.24,220.2
2026-09-18T23:42:16+08:00,FJ-01,1480,2.3,2.1,56.9,0.24,219.5
2026-09-18T23:43:16+08:00,FJ-01,1482,2.3,2.1,57.2,0.25,218.6
2026-09-18T23:44:16+08:00,FJ-01,1481,2.2,2.1,56.9,0.24,218.2
2026-09-18T23:45:16+08:00,FJ-01,1481,2.2,2.1,56.8,0.24,218.9
2026-09-18T23:46:16+08:00,FJ-01,1480,2.3,2.0,57.0,0.25,219.2
2026-09-18T23:47:16+08:00,FJ-01,1480,2.3,2.2,56.8,0.24,217.4
2026-09-18T23:48:16+08:00,FJ-01,1481,2.2,2.1,56.5,0.24,220.2
2026-09-18T23:49:16+08:00,FJ-01,1481,2.3,2.1,56.1,0.25,219.0
2026-09-18T23:50:16+08:00,FJ-01,1479,2.3,2.0,56.5,0.25,217.8
2026-09-18T23:51:16+08:00,FJ-01,1480,2.2,2.1,57.0,0.25,218.1
2026-09-18T23:52:16+08:00,FJ-01,1479,2.3,2.1,56.3,0.24,220.1
2026-09-18T23:53:16+08:00,FJ-01,1479,2.3,2.0,57.6,0.25,218.6
2026-09-18T23:54:16+08:00,FJ-01,1479,2.2,2.1,56.4,0.25,219.0
2026-09-18T23:55:16+08:00,FJ-01,1480,2.3,2.1,56.5,0.24,219.4
2026-09-18T23:56:16+08:00,FJ-01,1479,2.2,2.0,57.5,0.25,219.0
2026-09-18T23:57:16+08:00,FJ-01,1479,2.3,2.1,56.0,0.24,218.1
2026-09-18T23:58:16+08:00,FJ-01,1480,2.2,2.0,57.2,0.25,217.4
2026-09-18T23:59:16+08:00,FJ-01,1479,2.3,2.1,56.6,0.24,218.5
2026-09-19T00:00:16+08:00,FJ-01,1480,2.2,2.1,56.3,0.24,220.4
2026-09-19T00:01:16+08:00,FJ-01,1479,2.3,2.0,56.7,0.25,219.8
2026-09-19T00:02:16+08:00,FJ-01,1479,2.3,2.1,57.1,0.24,219.5
2026-09-19T00:03:16+08:00,FJ-01,1480,2.3,2.1,56.8,0.24,219.0
2026-09-19T00:04:16+08:00,FJ-01,1480,2.3,2.1,56.7,0.24,219.9
2026-09-19T00:05:16+08:00,FJ-01,1480,2.3,2.1,56.7,0.25,219.1
2026-09-19T00:06:16+08:00,FJ-01,1481,2.3,2.1,56.9,0.25,218.8
2026-09-19T00:07:16+08:00,FJ-01,1480,2.3,2.1,56.5,0.24,219.4
2026-09-19T00:08:16+08:00,FJ-01,1479,2.3,2.0,56.9,0.25,219.3
2026-09-19T00:09:16+08:00,FJ-01,1481,2.3,2.1,56.9,0.25,218.5
2026-09-19T00:10:16+08:00,FJ-01,1480,2.3,2.1,56.3,0.24,220.8
2026-09-19T00:11:16+08:00,FJ-01,1480,2.3,2.1,56.9,0.25,218.6
2026-09-19T00:12:16+08:00,FJ-01,1480,2.3,2.1,56.2,0.25,218.7
2026-09-19T00:13:16+08:00,FJ-01,1480,2.3,2.1,56.8,0.24,220.4
2026-09-19T00:14:16+08:00,FJ-01,1480,2.3,2.1,56.8,0.25,220.2
2026-09-19T00:15:16+08:00,FJ-01,1480,2.2,2.0,56.9,0.24,219.4
2026-09-19T00:16:16+08:00,FJ-01,1479,2.3,2.1,56.7,0.24,218.4
2026-09-19T00:17:16+08:00,FJ-01,1478,2.3,2.1,57.0,0.24,219.8
2026-09-19T00:18:16+08:00,FJ-01,1480,2.3,2.1,56.6,0.24,219.1
2026-09-19T00:19:16+08:00,FJ-01,1480,2.2,2.1,56.4,0.25,219.2
2026-09-19T00:20:16+08:00,FJ-01,1479,2.3,2.1,56.5,0.24,219.5
2026-09-19T00:21:16+08:00,FJ-01,1480,2.3,2.1,57.3,0.25,218.7
2026-09-19T00:22:16+08:00,FJ-01,1479,2.3,2.1,56.7,0.24,218.9
2026-09-19T00:23:16+08:00,FJ-01,1480,2.3,2.1,56.8,0.24,218.8
2026-09-19T00:24:16+08:00,FJ-01,1481,2.3,2.1,56.7,0.24,220.1
2026-09-19T00:25:16+08:00,FJ-01,1481,2.2,2.1,57.0,0.24,218.6
2026-09-19T00:26:16+08:00,FJ-01,1477,2.3,2.1,57.0,0.25,219.7
2026-09-19T00:27:16+08:00,FJ-01,1480,2.3,2.1,56.7,0.25,219.4
2026-09-19T00:28:16+08:00,FJ-01,1480,2.3,2.1,57.0,0.25,219.9
2026-09-19T00:29:16+08:00,FJ-01,1480,2.3,2.1,56.6,0.25,218.3
2026-09-19T00:30:16+08:00,FJ-01,1480,2.3,2.0,56.9,0.25,219.6
2026-09-19T00:31:16+08:00,FJ-01,1479,2.2,2.1,56.6,0.25,219.8
2026-09-19T00:32:16+08:00,FJ-01,1480,2.3,2.0,56.7,0.24,218.9
2026-09-19T00:33:16+08:00,FJ-01,1480,2.2,2.1,57.0,0.25,219.4
2026-09-19T00:34:16+08:00,FJ-01,1479,2.3,2.1,56.7,0.24,217.5
2026-09-19T00:35:16+08:00,FJ-01,1479,2.3,2.1,56.3,0.25,219.9
2026-09-19T00:36:16+08:00,FJ-01,1480,2.2,2.0,56.3,0.25,220.0
2026-09-19T00:37:16+08:00,FJ-01,1480,2.3,2.1,56.8,0.25,219.2
2026-09-19T00:38:16+08:00,FJ-01,1480,2.3,2.1,56.5,0.24,219.7
2026-09-19T00:39:16+08:00,FJ-01,1481,2.2,2.1,57.3,0.24,219.7
2026-09-19T00:40:16+08:00,FJ-01,1481,2.3,2.0,57.3,0.24,218.0
2026-09-19T00:41:16+08:00,FJ-01,1481,2.3,2.1,56.4,0.24,219.2
2026-09-19T00:42:16+08:00,FJ-01,1479,2.3,2.0,56.7,0.25,219.7
2026-09-19T00:43:16+08:00,FJ-01,1480,2.3,2.0,56.8,0.25,218.1
2026-09-19T00:44:16+08:00,FJ-01,1479,2.3,2.1,57.5,0.24,219.0
2026-09-19T00:45:16+08:00,FJ-01,1480,2.3,2.0,56.2,0.25,218.8
2026-09-19T00:46:16+08:00,FJ-01,1480,2.3,2.1,56.4,0.24,218.9
2026-09-19T00:47:16+08:00,FJ-01,1480,2.2,2.1,57.4,0.25,218.3
2026-09-19T00:48:16+08:00,FJ-01,1480,2.3,2.1,56.6,0.24,218.4
2026-09-19T00:49:16+08:00,FJ-01,1480,2.3,2.1,57.3,0.24,219.0
2026-09-19T00:50:16+08:00,FJ-01,1480,2.3,2.1,56.6,0.25,219.1
2026-09-19T00:51:16+08:00,FJ-01,1481,2.4,2.1,56.6,0.25,219.1
2026-09-19T00:52:16+08:00,FJ-01,1480,2.3,2.1,56.9,0.24,220.1
2026-09-19T00:53:16+08:00,FJ-01,1479,2.3,2.1,56.9,0.25,219.8
2026-09-19T00:54:16+08:00,FJ-01,1480,2.3,2.1,56.5,0.24,218.9
2026-09-19T00:55:16+08:00,FJ-01,1480,2.2,2.1,56.6,0.25,218.5
2026-09-19T00:56:16+08:00,FJ-01,1481,2.3,2.1,56.6,0.24,219.4
2026-09-19T00:57:16+08:00,FJ-01,1479,2.2,2.1,57.3,0.25,218.7
2026-09-19T00:58:16+08:00,FJ-01,1479,2.3,2.1,57.5,0.25,218.7
2026-09-19T00:59:16+08:00,FJ-01,1479,2.2,2.1,57.2,0.25,219.1
2026-09-19T01:00:16+08:00,FJ-01,1480,2.3,2.1,56.6,0.24,219.3
2026-09-19T01:01:16+08:00,FJ-01,1480,2.3,2.1,57.0,0.24,220.1
2026-09-19T01:02:16+08:00,FJ-01,1479,2.3,2.1,57.0,0.25,219.8
2026-09-19T01:03:16+08:00,FJ-01,1479,2.3,2.0,57.2,0.24,219.8
2026-09-19T01:04:16+08:00,FJ-01,1480,2.4,2.0,56.8,0.24,219.0
2026-09-19T01:05:16+08:00,FJ-01,1479,2.3,2.1,56.3,0.24,220.0
2026-09-19T01:06:16+08:00,FJ-01,1479,2.2,2.0,57.3,0.25,219.8
2026-09-19T01:07:16+08:00,FJ-01,1480,2.3,2.1,57.1,0.24,218.6
2026-09-19T01:08:16+08:00,FJ-01,1482,2.3,2.1,57.4,0.24,219.6
2026-09-19T01:09:16+08:00,FJ-01,1479,2.3,2.1,57.1,0.24,217.4
2026-09-19T01:10:16+08:00,FJ-01,1481,2.3,2.1,57.2,0.25,219.1
2026-09-19T01:11:16+08:00,FJ-01,1481,2.3,2.1,56.4,0.25,217.7
2026-09-19T01:12:16+08:00,FJ-01,1481,2.3,2.1,56.6,0.25,219.0
2026-09-19T01:13:16+08:00,FJ-01,1480,2.3,2.2,57.3,0.24,219.3
2026-09-19T01:14:16+08:00,FJ-01,1480,2.3,2.1,56.7,0.24,220.1
2026-09-19T01:15:16+08:00,FJ-01,1480,2.3,2.1,57.0,0.25,217.2
2026-09-19T01:16:16+08:00,FJ-01,1481,2.3,2.0,56.5,0.25,218.8
2026-09-19T01:17:16+08:00,FJ-01,1480,2.3,2.1,56.7,0.25,220.0
2026-09-19T01:18:16+08:00,FJ-01,1480,2.3,2.0,57.0,0.24,218.7
2026-09-19T01:19:16+08:00,FJ-01,1481,2.3,2.2,56.9,0.25,218.2
2026-09-19T01:20:16+08:00,FJ-01,1481,2.3,2.1,56.9,0.25,219.3
2026-09-19T01:21:16+08:00,FJ-01,1481,2.3,2.1,56.4,0.24,219.8
2026-09-19T01:22:16+08:00,FJ-01,1480,2.3,2.1,57.4,0.25,218.9
2026-09-19T01:23:16+08:00,FJ-01,1480,2.3,2.0,57.0,0.24,218.4
2026-09-19T01:24:16+08:00,FJ-01,1479,2.3,2.0,56.7,0.25,218.9
2026-09-19T01:25:16+08:00,FJ-01,1479,2.2,2.1,56.2,0.24,219.1
2026-09-19T01:26:16+08:00,FJ-01,1479,2.3,2.1,56.6,0.24,218.7
2026-09-19T01:27:16+08:00,FJ-01,1480,2.3,2.1,57.0,0.24,219.7
2026-09-19T01:28:16+08:00,FJ-01,1480,2.3,2.0,57.0,0.25,220.5
2026-09-19T01:29:16+08:00,FJ-01,1480,2.2,2.1,56.6,0.25,219.3
2026-09-19T01:30:16+08:00,FJ-01,1480,2.3,2.0,56.9,0.24,219.5
2026-09-19T01:31:16+08:00,FJ-01,1479,2.3,2.2,57.1,0.25,218.1
2026-09-19T01:32:16+08:00,FJ-01,1480,2.3,2.0,56.9,0.24,218.5
2026-09-19T01:33:16+08:00,FJ-01,1479,2.3,2.0,56.8,0.25,218.5
2026-09-19T01:34:16+08:00,FJ-01,1479,2.3,2.1,57.7,0.25,221.3
2026-09-19T01:35:16+08:00,FJ-01,1481,2.3,2.1,56.9,0.25,220.1
2026-09-19T01:36:16+08:00,FJ-01,1481,2.3,2.1,56.4,0.24,218.7
2026-09-19T01:37:16+08:00,FJ-01,1481,2.3,2.1,57.1,0.24,219.3
2026-09-19T01:38:16+08:00,FJ-01,1481,2.3,2.1,56.3,0.25,220.1
2026-09-19T01:39:16+08:00,FJ-01,1481,2.3,2.1,56.5,0.24,218.6
2026-09-19T01:40:16+08:00,FJ-01,1481,2.3,2.1,57.0,0.24,219.3
2026-09-19T01:41:16+08:00,FJ-01,1479,2.4,2.1,57.3,0.24,219.9
2026-09-19T01:42:16+08:00,FJ-01,1481,2.3,2.1,57.7,0.25,219.2
2026-09-19T01:43:16+08:00,FJ-01,1480,2.3,2.1,56.8,0.24,219.6
2026-09-19T01:44:16+08:00,FJ-01,1481,2.3,2.1,57.0,0.25,218.5
2026-09-19T01:45:16+08:00,FJ-01,1482,2.3,2.1,56.7,0.24,218.6
2026-09-19T01:46:16+08:00,FJ-01,1480,2.3,2.1,56.4,0.24,217.9
2026-09-19T01:47:16+08:00,FJ-01,1479,2.3,2.1,56.2,0.25,220.7
2026-09-19T01:48:16+08:00,FJ-01,1479,2.3,2.1,56.7,0.25,218.8
2026-09-19T01:49:16+08:00,FJ-01,1481,2.3,2.1,56.5,0.25,218.3
2026-09-19T01:50:16+08:00,FJ-01,1480,2.3,2.1,56.7,0.25,219.5
2026-09-19T01:51:16+08:00,FJ-01,1479,2.3,2.1,56.4,0.24,219.5
2026-09-19T01:52:16+08:00,FJ-01,1481,2.3,2.1,56.8,0.24,220.8
2026-09-19T01:53:16+08:00,FJ-01,1479,2.3,2.1,57.2,0.25,219.6
2026-09-19T01:54:16+08:00,FJ-01,1481,2.3,2.1,56.5,0.25,218.9
2026-09-19T01:55:16+08:00,FJ-01,1479,2.3,2.1,57.4,0.25,219.6
2026-09-19T01:56:16+08:00,FJ-01,1480,2.3,2.1,56.9,0.25,219.1
2026-09-19T01:57:16+08:00,FJ-01,1479,2.3,2.2,57.4,0.25,218.1
2026-09-19T01:58:16+08:00,FJ-01,1480,2.3,2.1,57.0,0.25,219.1
2026-09-19T01:59:16+08:00,FJ-01,1479,2.2,2.1,57.2,0.25,219.6
2026-09-19T02:00:16+08:00,FJ-01,1480,2.3,2.0,56.2,0.24,218.2
2026-09-19T02:01:16+08:00,FJ-01,1480,2.3,2.0,57.6,0.25,219.9
2026-09-19T02:02:16+08:00,FJ-01,1479,2.3,2.1,56.6,0.25,219.7
2026-09-19T02:03:16+08:00,FJ-01,1480,2.3,2.1,56.7,0.24,218.5
2026-09-19T02:04:16+08:00,FJ-01,1482,2.3,2.1,56.3,0.25,218.5
2026-09-19T02:05:16+08:00,FJ-01,1479,2.3,2.1,56.5,0.25,218.7
2026-09-19T02:06:16+08:00,FJ-01,1481,2.3,2.1,57.1,0.25,219.6
2026-09-19T02:07:16+08:00,FJ-01,1481,2.3,2.1,57.0,0.24,219.4
2026-09-19T02:08:16+08:00,FJ-01,1481,2.3,2.1,56.4,0.24,218.4
2026-09-19T02:09:16+08:00,FJ-01,1481,2.3,2.1,56.7,0.24,218.2
2026-09-19T02:10:16+08:00,FJ-01,1480,2.3,2.1,56.9,0.25,219.5
2026-09-19T02:11:16+08:00,FJ-01,1482,2.3,2.1,57.1,0.24,219.3
2026-09-19T02:12:16+08:00,FJ-01,1479,2.3,2.1,57.0,0.24,221.1
2026-09-19T02:13:16+08:00,FJ-01,1479,2.3,2.1,56.6,0.25,219.1
2026-09-19T02:14:16+08:00,FJ-01,1480,2.2,2.1,57.1,0.25,219.2
2026-09-19T02:15:16+08:00,FJ-01,1481,2.3,2.0,56.2,0.25,218.5
2026-09-19T02:16:16+08:00,FJ-01,1479,2.3,2.0,56.4,0.25,218.5
2026-09-19T02:17:16+08:00,FJ-01,1481,2.3,2.1,56.4,0.25,219.9
2026-09-19T02:18:16+08:00,FJ-01,1479,2.2,2.0,56.8,0.25,217.6
2026-09-19T02:19:16+08:00,FJ-01,1479,2.3,2.0,57.2,0.25,218.4
2026-09-19T02:20:16+08:00,FJ-01,1480,2.2,2.0,56.7,0.25,219.4
2026-09-19T02:21:16+08:00,FJ-01,1479,2.3,2.1,56.4,0.25,218.0
2026-09-19T02:22:16+08:00,FJ-01,1481,2.3,2.1,57.2,0.24,218.8
2026-09-19T02:23:16+08:00,FJ-01,1480,2.3,2.1,56.9,0.25,218.9
2026-09-19T02:24:16+08:00,FJ-01,1480,2.3,2.2,57.1,0.24,219.5
2026-09-19T02:25:16+08:00,FJ-01,1478,2.3,2.1,56.6,0.25,218.3
2026-09-19T02:26:16+08:00,FJ-01,1479,2.3,2.1,56.6,0.24,218.7
2026-09-19T02:27:16+08:00,FJ-01,1480,2.3,2.1,56.8,0.24,218.7
2026-09-19T02:28:16+08:00,FJ-01,1481,2.3,2.1,56.8,0.24,220.1
2026-09-19T02:29:16+08:00,FJ-01,1480,2.3,2.1,57.1,0.25,219.2
2026-09-19T02:30:16+08:00,FJ-01,1481,2.3,2.1,57.4,0.24,218.5
2026-09-19T02:31:16+08:00,FJ-01,1481,2.3,2.1,57.0,0.25,219.0
2026-09-19T02:32:16+08:00,FJ-01,1479,2.3,2.2,57.3,0.25,218.1
2026-09-19T02:33:16+08:00,FJ-01,1481,2.3,2.1,56.2,0.25,218.6
2026-09-19T02:34:16+08:00,FJ-01,1481,2.3,2.1,57.3,0.25,218.4
2026-09-19T02:35:16+08:00,FJ-01,1481,2.3,2.1,57.0,0.25,218.5
2026-09-19T02:36:16+08:00,FJ-01,1480,2.3,2.1,56.6,0.25,218.7
2026-09-19T02:37:16+08:00,FJ-01,1481,2.3,2.1,56.9,0.24,220.1
2026-09-19T02:38:16+08:00,FJ-01,1480,2.3,2.1,56.8,0.24,219.9
2026-09-19T02:39:16+08:00,FJ-01,1479,2.3,2.1,57.2,0.25,218.8
2026-09-19T02:40:16+08:00,FJ-01,1481,2.3,2.1,56.2,0.25,220.3
2026-09-19T02:41:16+08:00,FJ-01,1480,2.3,2.1,56.6,0.25,218.5
2026-09-19T02:42:16+08:00,FJ-01,1480,2.3,2.1,57.0,0.25,219.3
2026-09-19T02:43:16+08:00,FJ-01,1482,2.3,2.1,56.5,0.25,217.5
2026-09-19T02:44:16+08:00,FJ-01,1480,2.3,2.1,56.4,0.24,219.1
2026-09-19T02:45:16+08:00,FJ-01,1481,2.3,2.1,56.9,0.24,220.2
2026-09-19T02:46:16+08:00,FJ-01,1482,2.3,2.1,57.2,0.25,218.7
2026-09-19T02:47:16+08:00,FJ-01,1480,2.3,2.1,57.9,0.25,219.8
2026-09-19T02:48:16+08:00,FJ-01,1480,2.3,2.1,57.2,0.25,219.7
2026-09-19T02:49:16+08:00,FJ-01,1481,2.3,2.1,57.0,0.25,219.2
2026-09-19T02:50:16+08:00,FJ-01,1480,2.2,2.1,56.6,0.25,218.7
2026-09-19T02:51:16+08:00,FJ-01,1481,2.3,2.1,57.6,0.25,219.8
2026-09-19T02:52:16+08:00,FJ-01,1480,2.3,2.1,57.6,0.24,219.0
2026-09-19T02:53:16+08:00,FJ-01,1481,2.2,2.0,56.7,0.24,218.7
2026-09-19T02:54:16+08:00,FJ-01,1479,2.3,2.1,56.5,0.25,219.8
2026-09-19T02:55:16+08:00,FJ-01,1479,2.3,2.1,57.0,0.25,220.1
2026-09-19T02:56:16+08:00,FJ-01,1480,2.3,2.0,56.9,0.24,220.1
2026-09-19T02:57:16+08:00,FJ-01,1480,2.3,2.0,56.6,0.25,219.5
2026-09-19T02:58:16+08:00,FJ-01,1479,2.3,2.1,56.5,0.25,219.4
2026-09-19T02:59:16+08:00,FJ-01,1480,2.3,2.2,56.7,0.24,219.2
2026-09-19T03:00:16+08:00,FJ-01,1481,2.3,2.1,57.6,0.25,218.8
2026-09-19T03:01:16+08:00,FJ-01,1480,2.3,2.1,57.5,0.25,220.2
2026-09-19T03:02:16+08:00,FJ-01,1480,2.3,2.0,56.4,0.24,219.9
2026-09-19T03:03:16+08:00,FJ-01,1480,2.3,2.0,57.2,0.24,219.3
2026-09-19T03:04:16+08:00,FJ-01,1480,2.3,2.1,57.1,0.25,220.4
2026-09-19T03:05:16+08:00,FJ-01,1481,2.3,2.1,57.0,0.25,219.3
2026-09-19T03:06:16+08:00,FJ-01,1480,2.2,2.1,57.1,0.25,219.0
2026-09-19T03:07:16+08:00,FJ-01,1479,2.2,2.1,56.8,0.25,219.7
2026-09-19T03:08:16+08:00,FJ-01,1481,2.3,2.1,56.1,0.24,220.0
2026-09-19T03:09:16+08:00,FJ-01,1479,2.2,2.1,57.0,0.24,218.9
2026-09-19T03:10:16+08:00,FJ-01,1479,2.3,2.1,56.4,0.24,219.4
2026-09-19T03:11:16+08:00,FJ-01,1480,2.3,2.1,57.0,0.25,217.8
2026-09-19T03:12:16+08:00,FJ-01,1480,2.2,2.1,57.1,0.24,220.0
2026-09-19T03:13:16+08:00,FJ-01,1481,2.3,2.0,57.0,0.25,219.7
2026-09-19T03:14:16+08:00,FJ-01,1480,2.3,2.1,57.6,0.25,217.6
2026-09-19T03:15:16+08:00,FJ-01,1480,2.3,2.1,57.0,0.25,218.2
2026-09-19T03:16:16+08:00,FJ-01,1478,2.4,2.0,56.7,0.25,219.8
2026-09-19T03:17:16+08:00,FJ-01,1480,2.3,2.1,57.4,0.24,219.3
2026-09-19T03:18:16+08:00,FJ-01,1480,2.3,2.1,56.8,0.25,219.0
2026-09-19T03:19:16+08:00,FJ-01,1480,2.4,2.2,56.6,0.24,218.5
2026-09-19T03:20:16+08:00,FJ-01,1481,2.3,2.1,56.9,0.25,219.1
2026-09-19T03:21:16+08:00,FJ-01,1480,2.2,2.1,56.9,0.25,219.7
2026-09-19T03:22:16+08:00,FJ-01,1480,2.3,2.1,57.6,0.24,218.8
2026-09-19T03:23:16+08:00,FJ-01,1479,2.2,2.1,56.7,0.24,220.1
2026-09-19T03:24:16+08:00,FJ-01,1481,2.3,2.1,56.6,0.25,218.4
2026-09-19T03:25:16+08:00,FJ-01,1479,2.3,2.0,56.7,0.25,220.4
2026-09-19T03:26:16+08:00,FJ-01,1480,2.4,2.1,57.3,0.25,219.3
2026-09-19T03:27:16+08:00,FJ-01,1479,2.2,2.1,57.0,0.25,218.8
2026-09-19T03:28:16+08:00,FJ-01,1481,2.3,2.1,56.7,0.25,219.3
2026-09-19T03:29:16+08:00,FJ-01,1481,2.2,2.2,57.4,0.24,219.1
2026-09-19T03:30:16+08:00,FJ-01,1480,2.3,2.1,56.0,0.25,220.3
2026-09-19T03:31:16+08:00,FJ-01,1480,2.3,2.1,56.2,0.25,218.9
2026-09-19T03:32:16+08:00,FJ-01,1482,2.3,2.1,56.8,0.24,219.3
2026-09-19T03:33:16+08:00,FJ-01,1480,2.3,2.1,56.0,0.25,218.3
2026-09-19T03:34:16+08:00,FJ-01,1481,2.3,2.1,56.8,0.24,218.9
2026-09-19T03:35:16+08:00,FJ-01,1480,2.3,2.1,57.0,0.25,218.9
2026-09-19T03:36:16+08:00,FJ-01,1480,2.3,2.0,57.1,0.25,219.6
2026-09-19T03:37:16+08:00,FJ-01,1480,2.3,2.1,56.2,0.25,218.6
2026-09-19T03:38:16+08:00,FJ-01,1480,2.2,2.1,57.2,0.25,219.5
2026-09-19T03:39:16+08:00,FJ-01,1481,2.3,2.1,57.0,0.25,219.6
2026-09-19T03:40:16+08:00,FJ-01,1479,2.3,2.1,56.7,0.24,218.1
2026-09-19T03:41:16+08:00,FJ-01,1481,2.3,2.1,56.6,0.25,219.1
2026-09-19T03:42:16+08:00,FJ-01,1480,2.3,2.1,56.4,0.24,218.9
2026-09-19T03:43:16+08:00,FJ-01,1480,2.3,2.1,56.5,0.24,220.4
2026-09-19T03:44:16+08:00,FJ-01,1481,2.3,2.1,56.7,0.24,220.7
2026-09-19T03:45:16+08:00,FJ-01,1480,2.3,2.0,56.6,0.25,219.6
2026-09-19T03:46:16+08:00,FJ-01,1480,2.2,2.1,56.5,0.24,220.1
2026-09-19T03:47:16+08:00,FJ-01,1480,2.2,2.1,57.0,0.25,218.4
2026-09-19T03:48:16+08:00,FJ-01,1480,2.3,2.1,56.5,0.25,219.8
2026-09-19T03:49:16+08:00,FJ-01,1481,2.3,2.1,57.1,0.24,218.9
2026-09-19T03:50:16+08:00,FJ-01,1481,2.3,2.1,56.7,0.25,218.2
2026-09-19T03:51:16+08:00,FJ-01,1481,2.3,2.1,57.1,0.24,219.1
2026-09-19T03:52:16+08:00,FJ-01,1480,2.3,2.0,55.8,0.25,219.6
2026-09-19T03:53:16+08:00,FJ-01,1480,2.3,2.1,56.8,0.25,219.2
2026-09-19T03:54:16+08:00,FJ-01,1480,2.3,2.1,56.4,0.25,219.6
2026-09-19T03:55:16+08:00,FJ-01,1480,2.3,2.1,56.4,0.24,220.4
2026-09-19T03:56:16+08:00,FJ-01,1480,2.2,2.1,55.7,0.24,220.5
2026-09-19T03:57:16+08:00,FJ-01,1480,2.3,2.1,57.2,0.25,220.2
2026-09-19T03:58:16+08:00,FJ-01,1481,2.3,2.1,56.8,0.24,219.2
2026-09-19T03:59:16+08:00,FJ-01,1481,2.3,2.1,57.5,0.25,219.6
2026-09-19T04:00:16+08:00,FJ-01,1481,2.3,2.1,57.0,0.25,219.4
2026-09-19T04:01:16+08:00,FJ-01,1480,2.3,2.1,57.2,0.24,219.3
2026-09-19T04:02:16+08:00,FJ-01,1479,2.3,2.1,57.1,0.25,220.0
2026-09-19T04:03:16+08:00,FJ-01,1480,2.3,2.0,57.5,0.25,218.6
2026-09-19T04:04:16+08:00,FJ-01,1481,2.3,2.1,56.8,0.25,220.2
2026-09-19T04:05:16+08:00,FJ-01,1481,2.3,2.0,56.4,0.25,219.5
2026-09-19T04:06:16+08:00,FJ-01,1479,2.2,2.1,56.8,0.25,219.6
2026-09-19T04:07:16+08:00,FJ-01,1481,2.3,2.0,57.4,0.25,220.1
2026-09-19T04:08:16+08:00,FJ-01,1480,2.3,2.1,56.7,0.25,219.0
2026-09-19T04:09:16+08:00,FJ-01,1481,2.3,2.1,56.7,0.24,220.3
2026-09-19T04:10:16+08:00,FJ-01,1480,2.3,2.1,57.1,0.25,219.9
2026-09-19T04:11:16+08:00,FJ-01,1480,2.3,2.1,57.4,0.24,218.3
2026-09-19T04:12:16+08:00,FJ-01,1480,2.3,2.1,57.3,0.25,218.7
2026-09-19T04:13:16+08:00,FJ-01,1480,2.2,2.1,57.3,0.25,219.1
2026-09-19T04:14:16+08:00,FJ-01,1481,2.2,2.1,58.0,0.24,219.9
2026-09-19T04:15:16+08:00,FJ-01,1480,2.2,2.1,56.8,0.24,219.7
2026-09-19T04:16:16+08:00,FJ-01,1480,2.3,2.1,56.6,0.25,219.0
2026-09-19T04:17:16+08:00,FJ-01,1480,2.3,2.1,57.2,0.25,220.1
2026-09-19T04:18:16+08:00,FJ-01,1479,2.3,2.0,56.9,0.25,218.1
2026-09-19T04:19:16+08:00,FJ-01,1479,2.3,2.1,56.9,0.25,219.3
2026-09-19T04:20:16+08:00,FJ-01,1481,2.3,2.1,56.8,0.25,219.2
2026-09-19T04:21:16+08:00,FJ-01,1480,2.3,2.1,56.7,0.25,219.1
2026-09-19T04:22:16+08:00,FJ-01,1480,2.3,2.1,56.7,0.24,220.6
2026-09-19T04:23:16+08:00,FJ-01,1480,2.3,2.1,57.1,0.25,220.0
2026-09-19T04:24:16+08:00,FJ-01,1479,2.3,2.1,56.4,0.24,219.1
2026-09-19T04:25:16+08:00,FJ-01,1479,2.3,2.1,57.2,0.24,219.8
2026-09-19T04:26:16+08:00,FJ-01,1480,2.4,2.1,56.4,0.25,218.9
2026-09-19T04:27:16+08:00,FJ-01,1479,2.3,2.1,56.6,0.24,220.0
2026-09-19T04:28:16+08:00,FJ-01,1479,2.3,2.0,56.7,0.25,219.4
2026-09-19T04:29:16+08:00,FJ-01,1481,2.4,2.1,56.9,0.25,220.3
2026-09-19T04:30:16+08:00,FJ-01,1480,2.3,2.0,56.4,0.25,220.2
2026-09-19T04:31:16+08:00,FJ-01,1479,2.3,2.1,57.3,0.25,219.4
2026-09-19T04:32:16+08:00,FJ-01,1480,2.3,2.1,56.9,0.25,220.2
2026-09-19T04:33:16+08:00,FJ-01,1480,2.3,2.1,57.1,0.25,219.6
2026-09-19T04:34:16+08:00,FJ-01,1479,2.3,2.1,57.4,0.25,220.2
2026-09-19T04:35:16+08:00,FJ-01,1479,2.3,2.0,56.6,0.24,219.7
2026-09-19T04:36:16+08:00,FJ-01,1480,2.2,2.1,56.6,0.25,219.8
2026-09-19T04:37:16+08:00,FJ-01,1480,2.3,2.2,57.4,0.24,218.0
2026-09-19T04:38:16+08:00,FJ-01,1480,2.3,2.0,57.3,0.25,218.5
2026-09-19T04:39:16+08:00,FJ-01,1480,2.3,2.1,57.0,0.24,220.0
2026-09-19T04:40:16+08:00,FJ-01,1481,2.3,2.1,57.1,0.25,219.3
2026-09-19T04:41:16+08:00,FJ-01,1481,2.3,2.1,56.9,0.25,220.2
2026-09-19T04:42:16+08:00,FJ-01,1480,2.3,2.1,56.9,0.25,220.2
2026-09-19T04:43:16+08:00,FJ-01,1480,2.3,2.1,57.1,0.25,221.1
2026-09-19T04:44:16+08:00,FJ-01,1479,2.3,2.1,56.9,0.24,219.0
2026-09-19T04:45:16+08:00,FJ-01,1481,2.3,2.0,56.6,0.24,217.9
2026-09-19T04:46:16+08:00,FJ-01,1480,2.3,2.1,56.9,0.24,220.4
2026-09-19T04:47:16+08:00,FJ-01,1481,2.2,2.1,56.6,0.25,221.0
2026-09-19T04:48:16+08:00,FJ-01,1481,2.3,2.1,56.9,0.25,220.6
2026-09-19T04:49:16+08:00,FJ-01,1480,2.3,2.1,57.2,0.25,219.3
2026-09-19T04:50:16+08:00,FJ-01,1481,2.3,2.1,56.9,0.25,219.7
2026-09-19T04:51:16+08:00,FJ-01,1478,2.3,2.1,56.5,0.25,220.9
2026-09-19T04:52:16+08:00,FJ-01,1479,2.3,2.0,56.5,0.24,220.0
2026-09-19T04:53:16+08:00,FJ-01,1481,2.2,2.1,56.3,0.24,218.4
2026-09-19T04:54:16+08:00,FJ-01,1480,2.2,2.1,56.2,0.25,220.0
2026-09-19T04:55:16+08:00,FJ-01,1481,2.3,2.1,56.7,0.24,219.3
2026-09-19T04:56:16+08:00,FJ-01,1480,2.3,2.1,56.1,0.24,218.9
2026-09-19T04:57:16+08:00,FJ-01,1481,2.2,2.1,56.8,0.25,218.2
2026-09-19T04:58:16+08:00,FJ-01,1480,2.4,2.1,56.5,0.24,218.7
2026-09-19T04:59:16+08:00,FJ-01,1481,2.3,2.1,57.0,0.25,220.4
2026-09-19T05:00:16+08:00,FJ-01,1479,2.3,2.1,56.6,0.25,220.0
2026-09-19T05:01:16+08:00,FJ-01,1478,2.3,2.1,57.5,0.24,220.5
2026-09-19T05:02:16+08:00,FJ-01,1481,2.3,2.1,56.7,0.24,218.6
2026-09-19T05:03:16+08:00,FJ-01,1482,2.3,2.1,57.0,0.24,220.2
2026-09-19T05:04:16+08:00,FJ-01,1479,2.2,2.1,56.7,0.25,219.6
2026-09-19T05:05:16+08:00,FJ-01,1481,2.2,2.0,57.3,0.24,219.4
2026-09-19T05:06:16+08:00,FJ-01,1480,2.3,2.1,56.8,0.24,220.4
2026-09-19T05:07:16+08:00,FJ-01,1481,2.3,2.0,56.7,0.25,220.4
2026-09-19T05:08:16+08:00,FJ-01,1481,2.3,2.1,56.6,0.24,221.0
2026-09-19T05:09:16+08:00,FJ-01,1481,2.3,2.1,56.6,0.25,220.3
2026-09-19T05:10:16+08:00,FJ-01,1480,2.2,2.1,57.8,0.25,218.3
2026-09-19T05:11:16+08:00,FJ-01,1481,2.3,2.1,57.0,0.24,219.4
2026-09-19T05:12:16+08:00,FJ-01,1481,2.3,2.1,57.0,0.25,219.4
2026-09-19T05:13:16+08:00,FJ-01,1480,2.3,2.1,57.5,0.25,218.2
2026-09-19T05:14:16+08:00,FJ-01,1482,2.3,2.1,57.1,0.25,219.2
2026-09-19T05:15:16+08:00,FJ-01,1480,2.3,2.1,56.8,0.24,219.8
2026-09-19T05:16:16+08:00,FJ-01,1480,2.3,2.1,56.7,0.24,219.7
2026-09-19T05:17:16+08:00,FJ-01,1480,2.3,2.1,57.0,0.24,219.5
2026-09-19T05:18:16+08:00,FJ-01,1480,2.3,2.1,56.5,0.25,220.1
2026-09-19T05:19:16+08:00,FJ-01,1481,2.3,2.1,56.7,0.24,219.4
2026-09-19T05:20:16+08:00,FJ-01,1481,2.3,2.1,56.2,0.25,218.4
2026-09-19T05:21:16+08:00,FJ-01,1478,2.3,2.2,57.2,0.25,219.8
2026-09-19T05:22:16+08:00,FJ-01,1480,2.3,2.1,56.9,0.24,219.6
2026-09-19T05:23:16+08:00,FJ-01,1481,2.4,2.0,57.7,0.25,221.2
2026-09-19T05:24:16+08:00,FJ-01,1479,2.3,2.1,56.8,0.25,222.1
2026-09-19T05:25:16+08:00,FJ-01,1481,2.3,2.1,57.1,0.24,219.9
2026-09-19T05:26:16+08:00,FJ-01,1479,2.3,2.1,56.9,0.24,219.7
2026-09-19T05:27:16+08:00,FJ-01,1481,2.3,2.1,57.4,0.25,218.9
2026-09-19T05:28:16+08:00,FJ-01,1480,2.3,2.1,56.7,0.25,219.4
2026-09-19T05:29:16+08:00,FJ-01,1481,2.3,2.2,57.2,0.24,219.8
2026-09-19T05:30:16+08:00,FJ-01,1481,2.3,2.1,56.3,0.24,220.1
2026-09-19T05:31:16+08:00,FJ-01,1482,2.3,2.1,56.5,0.24,219.4
2026-09-19T05:32:16+08:00,FJ-01,1482,2.3,2.1,56.3,0.25,218.9
2026-09-19T05:33:16+08:00,FJ-01,1480,2.3,2.1,57.4,0.25,219.4
2026-09-19T05:34:16+08:00,FJ-01,1479,2.3,2.0,57.0,0.24,219.2
2026-09-19T05:35:16+08:00,FJ-01,1479,2.3,2.1,56.6,0.25,218.4
2026-09-19T05:36:16+08:00,FJ-01,1481,2.3,2.1,57.1,0.25,220.8
2026-09-19T05:37:16+08:00,FJ-01,1480,2.3,2.1,56.4,0.25,218.7
2026-09-19T05:38:16+08:00,FJ-01,1479,2.2,2.0,57.1,0.24,220.6
2026-09-19T05:39:16+08:00,FJ-01,1480,2.3,2.1,56.7,0.25,218.8
2026-09-19T05:40:16+08:00,FJ-01,1481,2.3,2.2,57.4,0.25,220.5
2026-09-19T05:41:16+08:00,FJ-01,1480,2.3,2.1,56.9,0.25,219.4
2026-09-19T05:42:16+08:00,FJ-01,1479,2.4,2.1,56.7,0.24,219.8
2026-09-19T05:43:16+08:00,FJ-01,1481,2.3,2.1,56.9,0.24,219.2
2026-09-19T05:44:16+08:00,FJ-01,1479,2.3,2.1,56.9,0.24,218.8
2026-09-19T05:45:16+08:00,FJ-01,1480,2.3,2.1,56.8,0.25,219.5
2026-09-19T05:46:16+08:00,FJ-01,1481,2.4,2.1,57.1,0.25,219.8
2026-09-19T05:47:16+08:00,FJ-01,1480,2.2,2.0,56.7,0.24,218.8
2026-09-19T05:48:16+08:00,FJ-01,1480,2.3,2.1,57.6,0.24,220.6
2026-09-19T05:49:16+08:00,FJ-01,1479,2.3,2.1,56.7,0.24,219.8
2026-09-19T05:50:16+08:00,FJ-01,1479,2.3,2.1,56.7,0.24,219.8
2026-09-19T05:51:16+08:00,FJ-01,1481,2.4,2.1,57.2,0.25,220.8
2026-09-19T05:52:16+08:00,FJ-01,1480,2.3,2.1,56.8,0.25,217.5
2026-09-19T05:53:16+08:00,FJ-01,1481,2.3,2.1,56.9,0.24,219.4
2026-09-19T05:54:16+08:00,FJ-01,1481,2.3,2.1,56.7,0.25,219.1
2026-09-19T05:55:16+08:00,FJ-01,1481,2.3,2.1,56.8,0.25,218.1
2026-09-19T05:56:16+08:00,FJ-01,1479,2.3,2.1,57.0,0.24,218.3
2026-09-19T05:57:16+08:00,FJ-01,1479,2.3,2.1,56.6,0.25,218.6
2026-09-19T05:58:16+08:00,FJ-01,1479,2.3,2.1,57.4,0.25,219.8
2026-09-19T05:59:16+08:00,FJ-01,1481,2.4,2.1,57.6,0.25,219.0
2026-09-19T06:00:16+08:00,FJ-01,1481,2.3,2.1,57.1,0.25,220.7
2026-09-19T06:01:16+08:00,FJ-01,1480,2.3,2.1,58.0,0.24,218.4
2026-09-19T06:02:16+08:00,FJ-01,1481,2.2,2.1,56.7,0.25,219.2
2026-09-19T06:03:16+08:00,FJ-01,1481,2.3,2.1,57.2,0.25,220.8
2026-09-19T06:04:16+08:00,FJ-01,1481,2.3,2.1,56.3,0.25,219.4
2026-09-19T06:05:16+08:00,FJ-01,1481,2.3,2.1,56.9,0.25,219.4
2026-09-19T06:06:16+08:00,FJ-01,1480,2.3,2.1,56.6,0.25,220.5
2026-09-19T06:07:16+08:00,FJ-01,1481,2.3,2.1,56.6,0.25,219.7
2026-09-19T06:08:16+08:00,FJ-01,1478,2.3,2.1,56.8,0.25,219.6
2026-09-19T06:09:16+08:00,FJ-01,1479,2.3,2.1,56.7,0.25,220.6
2026-09-19T06:10:16+08:00,FJ-01,1481,2.3,2.1,56.9,0.25,219.4
2026-09-19T06:11:16+08:00,FJ-01,1479,2.3,2.1,57.1,0.24,218.6
2026-09-19T06:12:16+08:00,FJ-01,1480,2.3,2.1,56.8,0.25,220.2
2026-09-19T06:13:16+08:00,FJ-01,1480,2.3,2.1,57.2,0.25,218.8
2026-09-19T06:14:16+08:00,FJ-01,1481,2.3,2.0,57.1,0.24,219.5
2026-09-19T06:15:16+08:00,FJ-01,1479,2.3,2.2,57.3,0.25,221.1
2026-09-19T06:16:16+08:00,FJ-01,1480,2.3,2.2,57.6,0.25,219.4
2026-09-19T06:17:16+08:00,FJ-01,1480,2.3,2.0,56.3,0.25,220.3
2026-09-19T06:18:16+08:00,FJ-01,1480,2.3,2.1,56.8,0.24,219.7
2026-09-19T06:19:16+08:00,FJ-01,1481,2.3,2.0,56.9,0.24,220.0
2026-09-19T06:20:16+08:00,FJ-01,1481,2.3,2.1,56.3,0.25,219.7
2026-09-19T06:21:16+08:00,FJ-01,1480,2.4,2.0,57.0,0.24,219.9
2026-09-19T06:22:16+08:00,FJ-01,1480,2.3,2.1,57.0,0.24,220.7
2026-09-19T06:23:16+08:00,FJ-01,1480,2.3,2.1,57.4,0.25,219.3
2026-09-19T06:24:16+08:00,FJ-01,1480,2.3,2.1,56.8,0.25,221.0
2026-09-19T06:25:16+08:00,FJ-01,1482,2.3,2.1,56.6,0.25,220.0
2026-09-19T06:26:16+08:00,FJ-01,1481,2.2,2.2,57.2,0.24,220.0
2026-09-19T06:27:16+08:00,FJ-01,1480,2.3,2.1,56.9,0.25,218.4
2026-09-19T06:28:16+08:00,FJ-01,1481,2.2,2.1,56.9,0.25,219.6
2026-09-19T06:29:16+08:00,FJ-01,1481,2.3,2.1,56.6,0.25,219.9
2026-09-19T06:30:16+08:00,FJ-01,1480,2.4,2.1,56.9,0.24,218.2
2026-09-19T06:31:16+08:00,FJ-01,1479,2.3,2.2,56.0,0.25,220.5
2026-09-19T06:32:16+08:00,FJ-01,1480,2.3,2.1,56.8,0.25,219.7
2026-09-19T06:33:16+08:00,FJ-01,1480,2.3,2.1,56.8,0.24,220.0
2026-09-19T06:34:16+08:00,FJ-01,1481,2.3,2.1,56.8,0.24,219.2
2026-09-19T06:35:16+08:00,FJ-01,1480,2.3,2.1,57.1,0.25,220.8
2026-09-19T06:36:16+08:00,FJ-01,1481,2.3,2.1,57.2,0.25,219.6
2026-09-19T06:37:16+08:00,FJ-01,1480,2.3,2.1,57.5,0.25,219.6
2026-09-19T06:38:16+08:00,FJ-01,1481,2.3,2.1,57.0,0.24,220.0
2026-09-19T06:39:16+08:00,FJ-01,1481,2.3,2.1,57.6,0.24,220.5
2026-09-19T06:40:16+08:00,FJ-01,1479,2.3,2.2,56.3,0.24,220.6
2026-09-19T06:41:16+08:00,FJ-01,1479,2.3,2.1,56.6,0.25,219.0
2026-09-19T06:42:16+08:00,FJ-01,1480,2.3,2.1,56.9,0.24,219.8
2026-09-19T06:43:16+08:00,FJ-01,1480,2.3,2.1,56.8,0.25,218.4
2026-09-19T06:44:16+08:00,FJ-01,1481,2.3,2.2,56.8,0.25,219.3
2026-09-19T06:45:16+08:00,FJ-01,1481,2.3,2.1,56.8,0.25,218.0
2026-09-19T06:46:16+08:00,FJ-01,1481,2.3,2.1,56.5,0.24,219.0
2026-09-19T06:47:16+08:00,FJ-01,1480,2.3,2.1,57.2,0.24,218.6
2026-09-19T06:48:16+08:00,FJ-01,1480,2.3,2.1,56.8,0.24,219.4
2026-09-19T06:49:16+08:00,FJ-01,1479,2.3,2.1,56.5,0.25,219.2
2026-09-19T06:50:16+08:00,FJ-01,1480,2.3,2.1,56.8,0.25,220.2
2026-09-19T06:51:16+08:00,FJ-01,1481,2.2,2.1,56.6,0.25,220.4
2026-09-19T06:52:16+08:00,FJ-01,1481,2.2,2.1,57.1,0.25,219.9
2026-09-19T06:53:16+08:00,FJ-01,1481,2.3,2.1,56.8,0.24,219.5
2026-09-19T06:54:16+08:00,FJ-01,1481,2.3,2.1,56.8,0.24,219.1
2026-09-19T06:55:16+08:00,FJ-01,1481,2.3,2.1,57.6,0.25,219.3
2026-09-19T06:56:16+08:00,FJ-01,1480,2.3,2.1,56.2,0.24,219.5
2026-09-19T06:57:16+08:00,FJ-01,1481,2.3,2.1,56.8,0.25,219.0
2026-09-19T06:58:16+08:00,FJ-01,1479,2.3,2.1,56.9,0.25,220.9
2026-09-19T06:59:16+08:00,FJ-01,1480,2.3,2.1,57.0,0.24,219.0
2026-09-19T07:00:16+08:00,FJ-01,1482,2.3,2.1,55.6,0.25,219.1
2026-09-19T07:01:16+08:00,FJ-01,1480,2.3,2.1,56.7,0.25,218.2
2026-09-19T07:02:16+08:00,FJ-01,1480,2.3,2.2,57.3,0.25,220.1
2026-09-19T07:03:16+08:00,FJ-01,1480,2.2,2.1,57.0,0.25,220.5
2026-09-19T07:04:16+08:00,FJ-01,1480,2.2,2.1,56.8,0.25,219.7
2026-09-19T07:05:16+08:00,FJ-01,1479,2.3,2.1,56.8,0.24,219.3
2026-09-19T07:06:16+08:00,FJ-01,1481,2.3,2.1,57.1,0.24,219.5
2026-09-19T07:07:16+08:00,FJ-01,1481,2.3,2.1,57.1,0.25,220.1
2026-09-19T07:08:16+08:00,FJ-01,1481,2.3,2.1,56.6,0.24,219.9
2026-09-19T07:09:16+08:00,FJ-01,1481,2.3,2.1,56.8,0.25,220.2
2026-09-19T07:10:16+08:00,FJ-01,1481,2.3,2.1,57.5,0.24,220.1
2026-09-19T07:11:16+08:00,FJ-01,1479,2.2,2.1,56.1,0.25,220.7
2026-09-19T07:12:16+08:00,FJ-01,1480,2.3,2.1,56.8,0.24,220.5
2026-09-19T07:13:16+08:00,FJ-01,1480,2.3,2.1,56.5,0.25,219.3
2026-09-19T07:14:16+08:00,FJ-01,1480,2.3,2.1,57.2,0.25,218.5
2026-09-19T07:15:16+08:00,FJ-01,1480,2.3,2.1,57.1,0.24,217.7
2026-09-19T07:16:16+08:00,FJ-01,1481,2.3,2.1,57.6,0.24,219.0
2026-09-19T07:17:16+08:00,FJ-01,1479,2.4,2.1,56.3,0.25,220.2
2026-09-19T07:18:16+08:00,FJ-01,1479,2.3,2.1,57.6,0.24,219.4
2026-09-19T07:19:16+08:00,FJ-01,1480,2.3,2.1,57.0,0.25,219.6
2026-09-19T07:20:16+08:00,FJ-01,1480,2.3,2.1,57.3,0.24,220.2
2026-09-19T07:21:16+08:00,FJ-01,1481,2.3,2.2,57.2,0.25,218.8
2026-09-19T07:22:16+08:00,FJ-01,1483,2.3,2.1,56.9,0.24,220.0
2026-09-19T07:23:16+08:00,FJ-01,1480,2.3,2.1,57.2,0.25,220.2
2026-09-19T07:24:16+08:00,FJ-01,1481,2.3,2.1,57.0,0.25,220.1
2026-09-19T07:25:16+08:00,FJ-01,1480,2.4,2.1,56.8,0.25,221.3
2026-09-19T07:26:16+08:00,FJ-01,1481,2.3,2.1,56.8,0.25,219.0
2026-09-19T07:27:16+08:00,FJ-01,1480,2.3,2.0,56.4,0.24,220.2
2026-09-19T07:28:16+08:00,FJ-01,1481,2.3,2.1,57.7,0.25,220.0
2026-09-19T07:29:16+08:00,FJ-01,1479,2.3,2.1,57.0,0.24,219.9
2026-09-19T07:30:16+08:00,FJ-01,1480,2.3,2.2,57.5,0.25,220.5
2026-09-19T07:31:16+08:00,FJ-01,1481,2.3,2.1,56.3,0.25,219.7
2026-09-19T07:32:16+08:00,FJ-01,1482,2.3,2.1,56.5,0.25,220.2
2026-09-19T07:33:16+08:00,FJ-01,1480,2.3,2.1,57.4,0.24,219.4
2026-09-19T07:34:16+08:00,FJ-01,1481,2.3,2.1,57.1,0.25,219.9
2026-09-19T07:35:16+08:00,FJ-01,1481,2.3,2.1,57.1,0.25,219.9
2026-09-19T07:36:16+08:00,FJ-01,1480,2.3,2.1,57.2,0.25,220.2
2026-09-19T07:37:16+08:00,FJ-01,1480,2.3,2.1,57.4,0.25,219.2
2026-09-19T07:38:16+08:00,FJ-01,1480,2.3,2.1,56.9,0.24,219.5
2026-09-19T07:39:16+08:00,FJ-01,1480,2.3,2.1,57.2,0.25,219.8
2026-09-19T07:40:16+08:00,FJ-01,1481,2.3,2.1,56.3,0.25,220.5
2026-09-19T07:41:16+08:00,FJ-01,1481,2.2,2.1,57.2,0.24,220.0
2026-09-19T07:42:16+08:00,FJ-01,1480,2.3,2.1,56.8,0.25,218.6
2026-09-19T07:43:16+08:00,FJ-01,1480,2.3,2.1,57.0,0.24,220.0
2026-09-19T07:44:16+08:00,FJ-01,1480,2.3,2.1,56.3,0.25,220.0
2026-09-19T07:45:16+08:00,FJ-01,1480,2.3,2.1,57.1,0.24,218.8
2026-09-19T07:46:16+08:00,FJ-01,1478,2.3,2.2,57.3,0.25,218.1
2026-09-19T07:47:16+08:00,FJ-01,1480,2.3,2.1,57.0,0.25,219.7
2026-09-19T07:48:16+08:00,FJ-01,1480,2.3,2.1,56.7,0.25,219.1
2026-09-19T07:49:16+08:00,FJ-01,1481,2.2,2.1,56.9,0.24,218.2
2026-09-19T07:50:16+08:00,FJ-01,1479,2.3,2.1,57.6,0.24,218.4
2026-09-19T07:51:16+08:00,FJ-01,1479,2.3,2.1,57.4,0.25,220.0
2026-09-19T07:52:16+08:00,FJ-01,1480,2.3,2.1,57.2,0.25,220.3
2026-09-19T07:53:16+08:00,FJ-01,1481,2.3,2.1,57.6,0.25,219.5
2026-09-19T07:54:16+08:00,FJ-01,1479,2.3,2.2,56.4,0.25,219.8
2026-09-19T07:55:16+08:00,FJ-01,1480,2.2,2.1,57.4,0.25,219.6
2026-09-19T07:56:16+08:00,FJ-01,1481,2.3,2.0,57.0,0.24,219.6
2026-09-19T07:57:16+08:00,FJ-01,1480,2.3,2.1,57.5,0.25,220.0
2026-09-19T07:58:16+08:00,FJ-01,1480,2.3,2.2,56.7,0.25,219.2
2026-09-19T07:59:16+08:00,FJ-01,1480,2.4,2.1,56.5,0.24,218.8
2026-09-19T08:00:16+08:00,FJ-01,1480,2.3,2.1,57.2,0.25,219.4
2026-09-19T08:01:16+08:00,FJ-01,1480,2.3,2.0,56.3,0.25,219.3
2026-09-19T08:02:16+08:00,FJ-01,1481,2.2,2.2,56.9,0.25,219.3
2026-09-19T08:03:16+08:00,FJ-01,1481,2.4,2.0,57.3,0.24,220.5
2026-09-19T08:04:16+08:00,FJ-01,1481,2.3,2.1,57.2,0.25,219.8
2026-09-19T08:05:16+08:00,FJ-01,1481,2.4,2.1,57.2,0.24,219.9
2026-09-19T08:06:16+08:00,FJ-01,1482,2.3,2.1,56.7,0.25,220.3
2026-09-19T08:07:16+08:00,FJ-01,1481,2.3,2.1,57.2,0.25,219.0
2026-09-19T08:08:16+08:00,FJ-01,1479,2.3,2.1,56.8,0.25,219.5
2026-09-19T08:09:16+08:00,FJ-01,1480,2.3,2.2,56.8,0.25,218.8
2026-09-19T08:10:16+08:00,FJ-01,1480,2.3,2.1,57.6,0.25,221.1
2026-09-19T08:11:16+08:00,FJ-01,1480,2.3,2.1,57.2,0.25,219.1
2026-09-19T08:12:16+08:00,FJ-01,1481,2.3,2.1,56.7,0.24,219.5
2026-09-19T08:13:16+08:00,FJ-01,1480,2.3,2.1,56.8,0.25,218.8
2026-09-19T08:14:16+08:00,FJ-01,1480,2.3,2.1,56.4,0.25,219.2
2026-09-19T08:15:16+08:00,FJ-01,1480,2.4,2.1,57.3,0.25,220.8
2026-09-19T08:16:16+08:00,FJ-01,1481,2.3,2.1,57.2,0.25,219.8
2026-09-19T08:17:16+08:00,FJ-01,1481,2.3,2.1,57.0,0.25,218.3
2026-09-19T08:18:16+08:00,FJ-01,1479,2.3,2.1,57.4,0.24,219.1
2026-09-19T08:19:16+08:00,FJ-01,1480,2.3,2.1,57.0,0.24,218.7
2026-09-19T08:20:16+08:00,FJ-01,1481,2.3,2.0,57.2,0.25,218.9
2026-09-19T08:21:16+08:00,FJ-01,1480,2.3,2.1,57.0,0.25,220.3
2026-09-19T08:22:16+08:00,FJ-01,1481,2.3,2.1,56.4,0.24,220.8
2026-09-19T08:23:16+08:00,FJ-01,1479,2.3,2.2,57.1,0.25,219.4
2026-09-19T08:24:16+08:00,FJ-01,1481,2.4,2.1,56.8,0.25,219.7
2026-09-19T08:25:16+08:00,FJ-01,1480,2.4,2.1,57.3,0.25,219.6
2026-09-19T08:26:16+08:00,FJ-01,1481,2.4,2.1,57.4,0.25,220.1
2026-09-19T08:27:16+08:00,FJ-01,1481,2.3,2.1,57.1,0.25,219.9
2026-09-19T08:28:16+08:00,FJ-01,1480,2.3,2.2,57.3,0.24,219.9
2026-09-19T08:29:16+08:00,FJ-01,1480,2.2,2.1,57.3,0.24,219.4
2026-09-19T08:30:16+08:00,FJ-01,1480,2.3,2.2,56.9,0.25,219.1
2026-09-19T08:31:16+08:00,FJ-01,1480,2.3,2.1,57.2,0.24,219.5
2026-09-19T08:32:16+08:00,FJ-01,1481,2.2,2.1,56.4,0.24,218.4
2026-09-19T08:33:16+08:00,FJ-01,1479,2.3,2.0,56.9,0.25,221.9
2026-09-19T08:34:16+08:00,FJ-01,1479,2.3,2.0,57.4,0.24,220.2
2026-09-19T08:35:16+08:00,FJ-01,1481,2.3,2.1,57.3,0.24,220.9
2026-09-19T08:36:16+08:00,FJ-01,1481,2.3,2.1,56.5,0.25,220.2
2026-09-19T08:37:16+08:00,FJ-01,1480,2.3,2.1,56.7,0.25,219.1
2026-09-19T08:38:16+08:00,FJ-01,1481,2.3,2.1,56.9,0.25,218.9
2026-09-19T08:39:16+08:00,FJ-01,1480,2.2,2.1,57.4,0.24,220.4
2026-09-19T08:40:16+08:00,FJ-01,1481,2.3,2.1,57.5,0.25,220.1
2026-09-19T08:41:16+08:00,FJ-01,1481,2.3,2.1,56.8,0.25,220.5
2026-09-19T08:42:16+08:00,FJ-01,1480,2.3,2.1,57.4,0.24,220.9
2026-09-19T08:43:16+08:00,FJ-01,1481,2.3,2.1,56.9,0.25,219.8
2026-09-19T08:44:16+08:00,FJ-01,1480,2.3,2.2,57.1,0.25,220.6
2026-09-19T08:45:16+08:00,FJ-01,1479,2.4,2.1,57.8,0.24,219.2
2026-09-19T08:46:16+08:00,FJ-01,1480,2.3,2.1,57.8,0.25,219.6
2026-09-19T08:47:16+08:00,FJ-01,1481,2.4,2.1,57.6,0.25,218.8
2026-09-19T08:48:16+08:00,FJ-01,1481,2.3,2.1,57.4,0.25,220.1
2026-09-19T08:49:16+08:00,FJ-01,1480,2.3,2.1,57.2,0.24,218.7
2026-09-19T08:50:16+08:00,FJ-01,1481,2.3,2.1,57.4,0.25,219.5
2026-09-19T08:51:16+08:00,FJ-01,1479,2.3,2.1,56.7,0.24,220.6
2026-09-19T08:52:16+08:00,FJ-01,1480,2.3,2.1,57.2,0.25,219.4
2026-09-19T08:53:16+08:00,FJ-01,1479,2.4,2.0,57.1,0.24,219.6
2026-09-19T08:54:16+08:00,FJ-01,1480,2.3,2.1,56.0,0.25,219.9
2026-09-19T08:55:16+08:00,FJ-01,1479,2.3,2.1,55.9,0.25,221.0
2026-09-19T08:56:16+08:00,FJ-01,1481,2.3,2.1,56.9,0.25,219.7
2026-09-19T08:57:16+08:00,FJ-01,1481,2.3,2.1,57.1,0.25,220.3
2026-09-19T08:58:16+08:00,FJ-01,1480,2.3,2.1,56.2,0.25,220.1
2026-09-19T08:59:16+08:00,FJ-01,1480,2.4,2.1,57.1,0.24,220.7
2026-09-19T09:00:16+08:00,FJ-01,1479,2.3,2.2,57.2,0.25,219.6
2026-09-19T09:01:16+08:00,FJ-01,1480,2.3,2.1,57.1,0.25,220.5
2026-09-19T09:02:16+08:00,FJ-01,1480,2.3,2.1,56.8,0.25,217.8
2026-09-19T09:03:16+08:00,FJ-01,1481,2.3,2.1,57.2,0.24,220.7
2026-09-19T09:04:16+08:00,FJ-01,1480,2.3,2.1,57.9,0.25,221.0
2026-09-19T09:05:16+08:00,FJ-01,1481,2.4,2.1,57.3,0.24,218.9
2026-09-19T09:06:16+08:00,FJ-01,1481,2.3,2.1,56.6,0.25,220.3
2026-09-19T09:07:16+08:00,FJ-01,1480,2.3,2.1,57.4,0.24,218.8
2026-09-19T09:08:16+08:00,FJ-01,1480,2.3,2.1,56.7,0.25,220.2
2026-09-19T09:09:16+08:00,FJ-01,1481,2.3,2.1,56.5,0.25,220.4
2026-09-19T09:10:16+08:00,FJ-01,1480,2.3,2.1,57.2,0.24,220.8
2026-09-19T09:11:16+08:00,FJ-01,1481,2.3,2.1,56.8,0.25,218.9
2026-09-19T09:12:16+08:00,FJ-01,1481,2.3,2.1,57.9,0.25,219.7
2026-09-19T09:13:16+08:00,FJ-01,1481,2.3,2.1,56.5,0.24,219.7
2026-09-19T09:14:16+08:00,FJ-01,1480,2.3,2.1,57.9,0.25,219.2
2026-09-19T09:15:16+08:00,FJ-01,1481,2.3,2.2,56.6,0.25,220.7
2026-09-19T09:16:16+08:00,FJ-01,1481,2.3,2.1,57.0,0.25,220.3
2026-09-19T09:17:16+08:00,FJ-01,1481,2.4,2.1,57.1,0.24,218.6
2026-09-19T09:18:16+08:00,FJ-01,1481,2.3,2.1,57.6,0.25,220.5
2026-09-19T09:19:16+08:00,FJ-01,1479,2.3,2.1,56.6,0.25,218.9
2026-09-19T09:20:16+08:00,FJ-01,1479,2.3,2.1,57.1,0.25,219.0
2026-09-19T09:21:16+08:00,FJ-01,1483,2.4,2.1,57.6,0.25,220.5
2026-09-19T09:22:16+08:00,FJ-01,1480,2.3,2.1,57.4,0.25,219.9
2026-09-19T09:23:16+08:00,FJ-01,1480,2.3,2.1,56.7,0.25,220.5
2026-09-19T09:24:16+08:00,FJ-01,1482,2.3,2.1,56.7,0.25,220.3
2026-09-19T09:25:16+08:00,FJ-01,1480,2.3,2.2,56.9,0.24,219.0
2026-09-19T09:26:16+08:00,FJ-01,1479,2.4,2.2,56.9,0.25,219.7
2026-09-19T09:27:16+08:00,FJ-01,1480,2.3,2.0,56.7,0.25,220.2
2026-09-19T09:28:16+08:00,FJ-01,1480,2.3,2.1,57.9,0.25,220.0
2026-09-19T09:29:16+08:00,FJ-01,1480,2.3,2.2,57.7,0.24,219.8
2026-09-19T09:30:16+08:00,FJ-01,1480,2.3,2.1,56.7,0.25,219.9
2026-09-19T09:31:16+08:00,FJ-01,1481,2.3,2.1,57.6,0.24,221.6
2026-09-19T09:32:16+08:00,FJ-01,1480,2.4,2.2,56.9,0.25,219.6
2026-09-19T09:33:16+08:00,FJ-01,1480,2.3,2.1,57.2,0.25,218.3
2026-09-19T09:34:16+08:00,FJ-01,1480,2.3,2.1,57.9,0.24,219.1
2026-09-19T09:35:16+08:00,FJ-01,1480,2.3,2.1,57.8,0.25,220.0
2026-09-19T09:36:16+08:00,FJ-01,1480,2.3,2.1,57.6,0.25,219.2
2026-09-19T09:37:16+08:00,FJ-01,1480,2.3,2.1,57.1,0.25,219.1
2026-09-19T09:38:16+08:00,FJ-01,1481,2.3,2.1,57.2,0.25,220.0
2026-09-19T09:39:16+08:00,FJ-01,1481,2.3,2.1,57.2,0.25,217.7
2026-09-19T09:40:16+08:00,FJ-01,1480,2.3,2.1,56.6,0.25,220.5
2026-09-19T09:41:16+08:00,FJ-01,1481,2.3,2.1,56.7,0.25,219.8
2026-09-19T09:42:16+08:00,FJ-01,1480,2.3,2.1,57.3,0.25,220.3
2026-09-19T09:43:16+08:00,FJ-01,1479,2.3,2.1,56.9,0.24,219.0
2026-09-19T09:44:16+08:00,FJ-01,1479,2.3,2.1,56.9,0.25,219.6
2026-09-19T09:45:16+08:00,FJ-01,1479,2.3,2.1,56.6,0.25,220.0
2026-09-19T09:46:16+08:00,FJ-01,1481,2.3,2.1,57.7,0.24,219.1
2026-09-19T09:47:16+08:00,FJ-01,1481,2.3,2.2,57.8,0.25,221.1
2026-09-19T09:48:16+08:00,FJ-01,1480,2.3,2.1,56.7,0.24,219.2
2026-09-19T09:49:16+08:00,FJ-01,1480,2.3,2.2,57.0,0.25,219.9
2026-09-19T09:50:16+08:00,FJ-01,1481,2.3,2.1,57.2,0.24,220.1
2026-09-19T09:51:16+08:00,FJ-01,1480,2.4,2.1,57.2,0.25,218.7
2026-09-19T09:52:16+08:00,FJ-01,1481,2.3,2.1,56.7,0.25,220.6
2026-09-19T09:53:16+08:00,FJ-01,1481,2.3,2.1,57.7,0.24,218.8
2026-09-19T09:54:16+08:00,FJ-01,1480,2.3,2.2,57.9,0.24,220.8
2026-09-19T09:55:16+08:00,FJ-01,1479,2.3,2.2,56.5,0.25,221.2
2026-09-19T09:56:16+08:00,FJ-01,1480,2.3,2.1,56.8,0.25,220.8
2026-09-19T09:57:16+08:00,FJ-01,1481,2.3,2.1,56.9,0.25,219.5
2026-09-19T09:58:16+08:00,FJ-01,1481,2.3,2.1,56.6,0.25,220.0
2026-09-19T09:59:16+08:00,FJ-01,1481,2.3,2.2,56.7,0.24,220.9
2026-09-19T10:00:16+08:00,FJ-01,1480,2.3,2.2,57.7,0.24,220.0
2026-09-19T10:01:16+08:00,FJ-01,1481,2.4,2.1,57.7,0.25,219.8
2026-09-19T10:02:16+08:00,FJ-01,1481,2.3,2.2,56.9,0.25,221.0
2026-09-19T10:03:16+08:00,FJ-01,1480,2.3,2.1,57.4,0.24,221.1
2026-09-19T10:04:16+08:00,FJ-01,1482,2.3,2.1,57.5,0.25,220.2
2026-09-19T10:05:16+08:00,FJ-01,1479,2.3,2.1,57.1,0.24,218.9
2026-09-19T10:06:16+08:00,FJ-01,1479,2.3,2.1,57.0,0.25,219.6
2026-09-19T10:07:16+08:00,FJ-01,1480,2.3,2.2,56.7,0.25,221.4
2026-09-19T10:08:16+08:00,FJ-01,1480,2.3,2.1,57.0,0.25,220.0
2026-09-19T10:09:16+08:00,FJ-01,1480,2.3,2.2,57.2,0.25,221.1
2026-09-19T10:10:16+08:00,FJ-01,1481,2.3,2.1,57.1,0.24,219.6
2026-09-19T10:11:16+08:00,FJ-01,1480,2.4,2.1,57.5,0.24,220.1
2026-09-19T10:12:16+08:00,FJ-01,1479,2.3,2.1,57.2,0.25,221.9
2026-09-19T10:13:16+08:00,FJ-01,1480,2.3,2.1,56.1,0.25,219.0
2026-09-19T10:14:16+08:00,FJ-01,1481,2.3,2.1,56.4,0.25,220.8
2026-09-19T10:15:16+08:00,FJ-01,1480,2.3,2.1,57.3,0.24,220.7
2026-09-19T10:16:16+08:00,FJ-01,1480,2.3,2.1,57.5,0.24,221.9
2026-09-19T10:17:16+08:00,FJ-01,1481,2.3,2.1,57.3,0.25,219.5
2026-09-19T10:18:16+08:00,FJ-01,1481,2.3,2.1,57.1,0.25,220.9
2026-09-19T10:19:16+08:00,FJ-01,1481,2.3,2.1,57.6,0.26,219.7
2026-09-19T10:20:16+08:00,FJ-01,1482,2.3,2.1,57.1,0.25,219.8
2026-09-19T10:21:16+08:00,FJ-01,1481,2.4,2.1,56.6,0.25,219.3
2026-09-19T10:22:16+08:00,FJ-01,1480,2.3,2.1,57.5,0.24,220.1
2026-09-19T10:23:16+08:00,FJ-01,1481,2.3,2.1,56.9,0.24,220.5
2026-09-19T10:24:16+08:00,FJ-01,1480,2.3,2.1,56.7,0.24,219.7
2026-09-19T10:25:16+08:00,FJ-01,1480,2.3,2.1,57.2,0.25,218.7
2026-09-19T10:26:16+08:00,FJ-01,1479,2.3,2.1,57.2,0.25,220.7
2026-09-19T10:27:16+08:00,FJ-01,1481,2.3,2.1,57.1,0.25,220.5
2026-09-19T10:28:16+08:00,FJ-01,1481,2.3,2.2,57.3,0.25,220.1
2026-09-19T10:29:16+08:00,FJ-01,1480,2.3,2.1,57.9,0.25,219.4
2026-09-19T10:30:16+08:00,FJ-01,1481,2.3,2.1,57.1,0.25,220.6
2026-09-19T10:31:16+08:00,FJ-01,1480,2.4,2.0,56.8,0.25,220.1
2026-09-19T10:32:16+08:00,FJ-01,1479,2.3,2.1,57.1,0.25,220.3
2026-09-19T10:33:16+08:00,FJ-01,1480,2.3,2.2,56.4,0.24,218.9
2026-09-19T10:34:16+08:00,FJ-01,1480,2.4,2.1,57.1,0.25,221.9
2026-09-19T10:35:16+08:00,FJ-01,1479,2.3,2.1,56.4,0.24,220.2
2026-09-19T10:36:16+08:00,FJ-01,1481,2.3,2.1,56.9,0.25,220.0
2026-09-19T10:37:16+08:00,FJ-01,1480,2.3,2.1,57.2,0.25,219.6
2026-09-19T10:38:16+08:00,FJ-01,1482,2.3,2.2,57.2,0.25,219.9
2026-09-19T10:39:16+08:00,FJ-01,1479,2.4,2.1,56.8,0.24,219.9
2026-09-19T10:40:16+08:00,FJ-01,1480,2.3,2.1,57.0,0.25,218.9
2026-09-19T10:41:16+08:00,FJ-01,1481,2.3,2.1,56.6,0.25,219.8
2026-09-19T10:42:16+08:00,FJ-01,1480,2.3,2.1,57.5,0.25,220.5
2026-09-19T10:43:16+08:00,FJ-01,1481,2.3,2.2,57.0,0.24,219.4
2026-09-19T10:44:16+08:00,FJ-01,1480,2.3,2.2,56.8,0.25,220.3
2026-09-19T10:45:16+08:00,FJ-01,1480,2.3,2.2,57.3,0.25,220.9
2026-09-19T10:46:16+08:00,FJ-01,1480,2.4,2.1,56.2,0.24,219.1
2026-09-19T10:47:16+08:00,FJ-01,1480,2.4,2.1,57.1,0.25,220.0
2026-09-19T10:48:16+08:00,FJ-01,1480,2.3,2.1,57.0,0.25,220.4
2026-09-19T10:49:16+08:00,FJ-01,1479,2.3,2.1,57.3,0.24,220.4
2026-09-19T10:50:16+08:00,FJ-01,1481,2.3,2.1,57.5,0.25,220.2
2026-09-19T10:51:16+08:00,FJ-01,1481,2.4,2.1,56.9,0.25,219.3
2026-09-19T10:52:16+08:00,FJ-01,1481,2.3,2.1,57.0,0.25,220.4
2026-09-19T10:53:16+08:00,FJ-01,1479,2.3,2.1,57.2,0.25,219.0
2026-09-19T10:54:16+08:00,FJ-01,1481,2.3,2.1,57.4,0.25,219.8
2026-09-19T10:55:16+08:00,FJ-01,1480,2.3,2.2,57.8,0.25,221.1
2026-09-19T10:56:16+08:00,FJ-01,1482,2.3,2.1,57.3,0.25,219.9
2026-09-19T10:57:16+08:00,FJ-01,1481,2.3,2.2,56.5,0.25,220.5
2026-09-19T10:58:16+08:00,FJ-01,1480,2.3,2.1,57.3,0.25,219.8
2026-09-19T10:59:16+08:00,FJ-01,1480,2.3,2.1,56.4,0.25,220.6
2026-09-19T11:00:16+08:00,FJ-01,1480,2.3,2.1,57.3,0.25,220.1
2026-09-19T11:01:16+08:00,FJ-01,1481,2.3,2.1,57.4,0.25,221.1
2026-09-19T11:02:16+08:00,FJ-01,1480,2.3,2.0,57.6,0.25,220.8
2026-09-19T11:03:16+08:00,FJ-01,1480,2.3,2.1,57.9,0.25,219.0
2026-09-19T11:04:16+08:00,FJ-01,1481,2.3,2.1,56.7,0.24,220.5
2026-09-19T11:05:16+08:00,FJ-01,1480,2.3,2.1,57.5,0.25,220.5
2026-09-19T11:06:16+08:00,FJ-01,1480,2.4,2.1,56.7,0.25,219.6
2026-09-19T11:07:16+08:00,FJ-01,1480,2.3,2.2,57.5,0.25,220.5
2026-09-19T11:08:16+08:00,FJ-01,1479,2.3,2.1,57.0,0.24,219.8
2026-09-19T11:09:16+08:00,FJ-01,1481,2.3,2.1,56.7,0.25,219.4
2026-09-19T11:10:16+08:00,FJ-01,1481,2.3,2.1,57.2,0.24,219.9
2026-09-19T11:11:16+08:00,FJ-01,1480,2.3,2.2,57.3,0.24,219.3
2026-09-19T11:12:16+08:00,FJ-01,1479,2.3,2.1,57.7,0.25,220.5
2026-09-19T11:13:16+08:00,FJ-01,1480,2.4,2.1,57.4,0.25,221.0
2026-09-19T11:14:16+08:00,FJ-01,1480,2.3,2.0,57.6,0.24,220.8
2026-09-19T11:15:16+08:00,FJ-01,1480,2.3,2.2,57.6,0.25,220.0
2026-09-19T11:16:16+08:00,FJ-01,1480,2.3,2.2,56.9,0.25,220.4
2026-09-19T11:17:16+08:00,FJ-01,1480,2.3,2.1,57.0,0.25,219.6
2026-09-19T11:18:16+08:00,FJ-01,1480,2.3,2.1,57.0,0.25,220.4
2026-09-19T11:19:16+08:00,FJ-01,1481,2.3,2.1,57.7,0.25,219.3
2026-09-19T11:20:16+08:00,FJ-01,1480,2.4,2.1,55.2,0.24,221.4
2026-09-19T11:21:16+08:00,FJ-01,1481,2.3,2.2,55.4,0.25,220.1
2026-09-19T11:22:16+08:00,FJ-01,1480,2.4,2.2,56.1,0.25,219.1
2026-09-19T11:23:16+08:00,FJ-01,1480,2.4,2.1,55.7,0.25,219.0
2026-09-19T11:24:16+08:00,FJ-01,1481,2.4,2.1,55.7,0.25,218.5
2026-09-19T11:25:16+08:00,FJ-01,1481,2.3,2.1,57.0,0.25,219.5
2026-09-19T11:26:16+08:00,FJ-01,1481,2.4,2.2,56.3,0.24,219.7
2026-09-19T11:27:16+08:00,FJ-01,1481,2.4,2.2,56.0,0.25,218.3
2026-09-19T11:28:16+08:00,FJ-01,1479,2.3,2.2,55.7,0.24,219.9
2026-09-19T11:29:16+08:00,FJ-01,1480,2.4,2.2,56.0,0.25,221.2
2026-09-19T11:30:16+08:00,FJ-01,1480,2.3,2.2,56.3,0.25,219.7
2026-09-19T11:31:16+08:00,FJ-01,1480,2.4,2.2,56.2,0.24,220.6
2026-09-19T11:32:16+08:00,FJ-01,1481,2.4,2.2,56.1,0.25,220.5
2026-09-19T11:33:16+08:00,FJ-01,1481,2.4,2.2,55.5,0.25,219.4
2026-09-19T11:34:16+08:00,FJ-01,1480,2.4,2.2,55.8,0.24,218.6
2026-09-19T11:35:16+08:00,FJ-01,1479,2.4,2.1,55.3,0.25,219.9
2026-09-19T11:36:16+08:00,FJ-01,1479,2.4,2.1,55.7,0.25,220.7
2026-09-19T11:37:16+08:00,FJ-01,1480,2.4,2.1,56.3,0.25,220.6
2026-09-19T11:38:16+08:00,FJ-01,1480,2.4,2.2,56.2,0.25,219.9
2026-09-19T11:39:16+08:00,FJ-01,1481,2.4,2.2,56.4,0.24,219.9
2026-09-19T11:40:16+08:00,FJ-01,1480,2.5,2.1,56.2,0.25,220.4
2026-09-19T11:41:16+08:00,FJ-01,1481,2.4,2.3,55.9,0.24,220.9
2026-09-19T11:42:16+08:00,FJ-01,1480,2.4,2.2,56.2,0.24,219.8
2026-09-19T11:43:16+08:00,FJ-01,1480,2.4,2.2,56.2,0.25,219.4
2026-09-19T11:44:16+08:00,FJ-01,1481,2.4,2.2,56.2,0.25,220.5
2026-09-19T11:45:16+08:00,FJ-01,1480,2.4,2.2,56.3,0.25,219.6
2026-09-19T11:46:16+08:00,FJ-01,1478,2.4,2.2,56.0,0.25,220.4
2026-09-19T11:47:16+08:00,FJ-01,1480,2.4,2.2,55.9,0.24,219.2
2026-09-19T11:48:16+08:00,FJ-01,1482,2.4,2.2,56.4,0.24,221.2
2026-09-19T11:49:16+08:00,FJ-01,1480,2.4,2.1,56.3,0.24,221.0
2026-09-19T11:50:16+08:00,FJ-01,1481,2.4,2.2,56.6,0.25,220.0
2026-09-19T11:51:16+08:00,FJ-01,1479,2.4,2.2,56.4,0.24,221.3
2026-09-19T11:52:16+08:00,FJ-01,1480,2.3,2.2,56.1,0.24,219.7
2026-09-19T11:53:16+08:00,FJ-01,1482,2.4,2.2,56.2,0.25,220.7
2026-09-19T11:54:16+08:00,FJ-01,1480,2.4,2.1,55.4,0.25,219.5
2026-09-19T11:55:16+08:00,FJ-01,1482,2.4,2.2,55.5,0.25,219.7
2026-09-19T11:56:16+08:00,FJ-01,1482,2.4,2.1,56.6,0.25,220.6
2026-09-19T11:57:16+08:00,FJ-01,1480,2.4,2.1,56.3,0.25,220.7
2026-09-19T11:58:16+08:00,FJ-01,1481,2.3,2.2,56.0,0.25,219.3
2026-09-19T11:59:16+08:00,FJ-01,1480,2.4,2.2,56.1,0.25,220.3
2026-09-19T12:00:16+08:00,FJ-01,1480,2.4,2.2,55.9,0.25,220.2
2026-09-19T12:01:16+08:00,FJ-01,1481,2.4,2.1,56.5,0.24,220.4
2026-09-19T12:02:16+08:00,FJ-01,1480,2.5,2.2,56.3,0.25,220.1
2026-09-19T12:03:16+08:00,FJ-01,1481,2.5,2.2,56.0,0.25,218.7
2026-09-19T12:04:16+08:00,FJ-01,1481,2.4,2.3,56.6,0.24,220.9
2026-09-19T12:05:16+08:00,FJ-01,1480,2.4,2.1,56.5,0.25,219.7
2026-09-19T12:06:16+08:00,FJ-01,1481,2.4,2.2,55.8,0.25,219.9
2026-09-19T12:07:16+08:00,FJ-01,1481,2.4,2.2,55.5,0.25,221.3
2026-09-19T12:08:16+08:00,FJ-01,1480,2.4,2.2,56.4,0.25,220.0
2026-09-19T12:09:16+08:00,FJ-01,1481,2.5,2.2,56.3,0.25,221.2
2026-09-19T12:10:16+08:00,FJ-01,1481,2.4,2.3,56.1,0.25,218.5
2026-09-19T12:11:16+08:00,FJ-01,1481,2.4,2.2,56.0,0.24,221.4
2026-09-19T12:12:16+08:00,FJ-01,1480,2.3,2.2,55.8,0.24,219.0
2026-09-19T12:13:16+08:00,FJ-01,1479,2.5,2.2,56.5,0.25,220.0
2026-09-19T12:14:16+08:00,FJ-01,1480,2.4,2.2,56.3,0.25,218.9
2026-09-19T12:15:16+08:00,FJ-01,1480,2.5,2.3,56.0,0.25,219.9
2026-09-19T12:16:16+08:00,FJ-01,1481,2.4,2.2,56.0,0.25,221.1
2026-09-19T12:17:16+08:00,FJ-01,1480,2.4,2.2,56.3,0.25,219.5
2026-09-19T12:18:16+08:00,FJ-01,1481,2.5,2.2,56.3,0.24,218.5
2026-09-19T12:19:16+08:00,FJ-01,1481,2.5,2.2,55.4,0.25,219.7
2026-09-19T12:20:16+08:00,FJ-01,1482,2.5,2.2,55.9,0.24,220.6
2026-09-19T12:21:16+08:00,FJ-01,1480,2.5,2.1,55.9,0.24,221.3
2026-09-19T12:22:16+08:00,FJ-01,1481,2.5,2.2,57.3,0.25,219.7
2026-09-19T12:23:16+08:00,FJ-01,1482,2.4,2.2,56.2,0.25,219.4
2026-09-19T12:24:16+08:00,FJ-01,1481,2.5,2.2,56.1,0.24,219.6
2026-09-19T12:25:16+08:00,FJ-01,1480,2.6,2.2,55.7,0.25,219.9
2026-09-19T12:26:16+08:00,FJ-01,1479,2.5,2.2,56.7,0.25,221.2
2026-09-19T12:27:16+08:00,FJ-01,1481,2.6,2.3,56.5,0.24,220.3
2026-09-19T12:28:16+08:00,FJ-01,1481,2.4,2.2,56.9,0.25,219.2
2026-09-19T12:29:16+08:00,FJ-01,1481,2.4,2.2,56.3,0.25,218.6
2026-09-19T12:30:16+08:00,FJ-01,1481,2.5,2.2,56.0,0.25,219.6
2026-09-19T12:31:16+08:00,FJ-01,1480,2.5,2.2,55.5,0.25,219.6
2026-09-19T12:32:16+08:00,FJ-01,1481,2.5,2.3,56.5,0.25,218.7
2026-09-19T12:33:16+08:00,FJ-01,1481,2.6,2.3,56.4,0.25,219.6
2026-09-19T12:34:16+08:00,FJ-01,1480,2.5,2.2,55.6,0.24,219.4
2026-09-19T12:35:16+08:00,FJ-01,1480,2.5,2.2,56.3,0.25,220.8
2026-09-19T12:36:16+08:00,FJ-01,1480,2.5,2.2,56.2,0.25,220.5
2026-09-19T12:37:16+08:00,FJ-01,1480,2.4,2.2,56.7,0.25,220.3
2026-09-19T12:38:16+08:00,FJ-01,1481,2.5,2.2,56.5,0.25,219.8
2026-09-19T12:39:16+08:00,FJ-01,1480,2.6,2.2,56.2,0.24,220.9
2026-09-19T12:40:16+08:00,FJ-01,1480,2.4,2.1,56.2,0.24,219.7
2026-09-19T12:41:16+08:00,FJ-01,1480,2.6,2.2,55.7,0.25,220.6
2026-09-19T12:42:16+08:00,FJ-01,1480,2.5,2.2,57.2,0.25,220.5
2026-09-19T12:43:16+08:00,FJ-01,1480,2.5,2.2,56.5,0.24,219.9
2026-09-19T12:44:16+08:00,FJ-01,1481,2.6,2.2,56.4,0.25,219.4
2026-09-19T12:45:16+08:00,FJ-01,1480,2.5,2.2,57.3,0.25,220.6
2026-09-19T12:46:16+08:00,FJ-01,1482,2.5,2.2,56.3,0.25,220.5
2026-09-19T12:47:16+08:00,FJ-01,1481,2.5,2.2,56.7,0.25,219.2
2026-09-19T12:48:16+08:00,FJ-01,1479,2.5,2.3,56.8,0.25,219.7
2026-09-19T12:49:16+08:00,FJ-01,1480,2.6,2.3,56.5,0.24,220.5
2026-09-19T12:50:16+08:00,FJ-01,1480,2.6,2.3,56.4,0.24,219.1
2026-09-19T12:51:16+08:00,FJ-01,1481,2.4,2.2,56.9,0.24,221.1
2026-09-19T12:52:16+08:00,FJ-01,1482,2.5,2.3,56.4,0.24,221.1
2026-09-19T12:53:16+08:00,FJ-01,1480,2.5,2.2,56.0,0.24,219.7
2026-09-19T12:54:16+08:00,FJ-01,1481,2.5,2.3,56.6,0.25,219.8
2026-09-19T12:55:16+08:00,FJ-01,1480,2.5,2.2,56.0,0.24,219.4
2026-09-19T12:56:16+08:00,FJ-01,1481,2.6,2.3,56.0,0.25,220.4
2026-09-19T12:57:16+08:00,FJ-01,1480,2.6,2.3,56.9,0.25,219.6
2026-09-19T12:58:16+08:00,FJ-01,1479,2.5,2.2,55.9,0.25,219.7
2026-09-19T12:59:16+08:00,FJ-01,1480,2.5,2.3,57.0,0.25,219.1
2026-09-19T13:00:16+08:00,FJ-01,1480,2.5,2.3,56.1,0.25,219.5
2026-09-19T13:01:16+08:00,FJ-01,1479,2.6,2.2,56.5,0.25,221.4
2026-09-19T13:02:16+08:00,FJ-01,1481,2.5,2.3,56.7,0.25,219.0
2026-09-19T13:03:16+08:00,FJ-01,1480,2.5,2.2,55.8,0.25,220.0
2026-09-19T13:04:16+08:00,FJ-01,1481,2.6,2.3,56.5,0.24,220.4
2026-09-19T13:05:16+08:00,FJ-01,1482,2.6,2.2,56.8,0.24,219.9
2026-09-19T13:06:16+08:00,FJ-01,1480,2.6,2.2,56.7,0.25,219.5
2026-09-19T13:07:16+08:00,FJ-01,1481,2.6,2.2,55.9,0.25,220.3
2026-09-19T13:08:16+08:00,FJ-01,1481,2.6,2.2,56.9,0.25,219.4
2026-09-19T13:09:16+08:00,FJ-01,1479,2.6,2.2,56.3,0.25,220.4
2026-09-19T13:10:16+08:00,FJ-01,1480,2.5,2.3,57.0,0.25,221.0
2026-09-19T13:11:16+08:00,FJ-01,1479,2.5,2.2,56.7,0.25,220.5
2026-09-19T13:12:16+08:00,FJ-01,1481,2.6,2.1,56.9,0.25,219.4
2026-09-19T13:13:16+08:00,FJ-01,1480,2.7,2.3,55.9,0.25,218.4
2026-09-19T13:14:16+08:00,FJ-01,1480,2.6,2.2,56.5,0.24,218.9
2026-09-19T13:15:16+08:00,FJ-01,1480,2.6,2.3,56.1,0.25,220.9
2026-09-19T13:16:16+08:00,FJ-01,1481,2.6,2.1,57.0,0.25,219.7
2026-09-19T13:17:16+08:00,FJ-01,1481,2.6,2.3,56.1,0.25,221.4
2026-09-19T13:18:16+08:00,FJ-01,1481,2.5,2.2,57.5,0.25,220.0
2026-09-19T13:19:16+08:00,FJ-01,1480,2.6,2.2,56.3,0.25,218.8
2026-09-19T13:20:16+08:00,FJ-01,1479,2.6,2.3,57.1,0.25,217.9
2026-09-19T13:21:16+08:00,FJ-01,1480,2.5,2.3,56.3,0.25,221.5
2026-09-19T13:22:16+08:00,FJ-01,1481,2.5,2.3,56.2,0.25,219.4
2026-09-19T13:23:16+08:00,FJ-01,1481,2.6,2.3,56.3,0.25,221.6
2026-09-19T13:24:16+08:00,FJ-01,1481,2.6,2.2,56.5,0.25,220.0
2026-09-19T13:25:16+08:00,FJ-01,1481,2.6,2.3,56.4,0.25,221.4
2026-09-19T13:26:16+08:00,FJ-01,1480,2.7,2.3,56.2,0.25,222.1
2026-09-19T13:27:16+08:00,FJ-01,1480,2.5,2.2,56.8,0.24,221.6
2026-09-19T13:28:16+08:00,FJ-01,1481,2.6,2.1,57.1,0.25,221.1
2026-09-19T13:29:16+08:00,FJ-01,1482,2.7,2.3,56.6,0.24,220.7
2026-09-19T13:30:16+08:00,FJ-01,1482,2.6,2.3,56.4,0.24,219.3
2026-09-19T13:31:16+08:00,FJ-01,1480,2.6,2.3,57.4,0.25,220.4
2026-09-19T13:32:16+08:00,FJ-01,1481,2.6,2.3,57.2,0.25,218.7
2026-09-19T13:33:16+08:00,FJ-01,1480,2.6,2.3,55.8,0.25,219.9
2026-09-19T13:34:16+08:00,FJ-01,1480,2.6,2.3,56.1,0.25,218.9
2026-09-19T13:35:16+08:00,FJ-01,1481,2.6,2.3,56.9,0.25,221.4
2026-09-19T13:36:16+08:00,FJ-01,1480,2.7,2.3,56.7,0.25,218.4
2026-09-19T13:37:16+08:00,FJ-01,1480,2.6,2.3,56.4,0.25,221.3
2026-09-19T13:38:16+08:00,FJ-01,1480,2.5,2.3,56.6,0.25,221.1
2026-09-19T13:39:16+08:00,FJ-01,1479,2.7,2.2,56.3,0.24,221.0
2026-09-19T13:40:16+08:00,FJ-01,1479,2.6,2.3,56.5,0.25,219.7
2026-09-19T13:41:16+08:00,FJ-01,1481,2.6,2.3,56.6,0.25,219.2
2026-09-19T13:42:16+08:00,FJ-01,1480,2.6,2.3,57.1,0.25,221.1
2026-09-19T13:43:16+08:00,FJ-01,1480,2.7,2.3,57.0,0.24,220.6
2026-09-19T13:44:16+08:00,FJ-01,1481,2.6,2.4,56.5,0.25,220.5
2026-09-19T13:45:16+08:00,FJ-01,1481,2.7,2.3,56.6,0.24,219.7
2026-09-19T13:46:16+08:00,FJ-01,1480,2.6,2.3,57.1,0.25,220.9
2026-09-19T13:47:16+08:00,FJ-01,1481,2.6,2.3,56.7,0.25,219.8
2026-09-19T13:48:16+08:00,FJ-01,1480,2.7,2.3,56.9,0.24,221.1
2026-09-19T13:49:16+08:00,FJ-01,1480,2.6,2.4,56.5,0.25,221.8
2026-09-19T13:50:16+08:00,FJ-01,1482,2.7,2.3,57.0,0.25,220.4
2026-09-19T13:51:16+08:00,FJ-01,1481,2.7,2.3,56.8,0.25,219.1
2026-09-19T13:52:16+08:00,FJ-01,1480,2.7,2.3,56.6,0.25,219.5
2026-09-19T13:53:16+08:00,FJ-01,1481,2.6,2.3,56.9,0.25,221.0
2026-09-19T13:54:16+08:00,FJ-01,1481,2.7,2.4,56.7,0.24,220.2
2026-09-19T13:55:16+08:00,FJ-01,1480,2.6,2.3,56.7,0.25,219.4
2026-09-19T13:56:16+08:00,FJ-01,1480,2.7,2.4,56.7,0.25,219.8
2026-09-19T13:57:16+08:00,FJ-01,1480,2.7,2.4,56.3,0.24,220.9
2026-09-19T13:58:16+08:00,FJ-01,1481,2.6,2.3,56.2,0.25,220.7
2026-09-19T13:59:16+08:00,FJ-01,1481,2.7,2.3,56.6,0.25,220.6
2026-09-19T14:00:16+08:00,FJ-01,1479,2.6,2.3,56.5,0.25,219.8
2026-09-19T14:01:16+08:00,FJ-01,1480,2.6,2.4,57.3,0.25,220.5
2026-09-19T14:02:16+08:00,FJ-01,1482,2.7,2.3,56.5,0.25,220.8
2026-09-19T14:03:16+08:00,FJ-01,1480,2.7,2.3,56.2,0.24,220.5
2026-09-19T14:04:16+08:00,FJ-01,1481,2.7,2.3,56.3,0.24,218.5
2026-09-19T14:05:16+08:00,FJ-01,1481,2.6,2.3,56.3,0.24,220.1
2026-09-19T14:06:16+08:00,FJ-01,1480,2.6,2.4,56.7,0.24,219.1
2026-09-19T14:07:16+08:00,FJ-01,1481,2.7,2.3,57.1,0.25,219.8
2026-09-19T14:08:16+08:00,FJ-01,1481,2.6,2.2,56.6,0.25,219.0
2026-09-19T14:09:16+08:00,FJ-01,1480,2.7,2.3,55.9,0.25,219.3
2026-09-19T14:10:16+08:00,FJ-01,1481,2.7,2.3,56.5,0.25,220.3
2026-09-19T14:11:16+08:00,FJ-01,1480,2.7,2.3,56.7,0.25,220.5
2026-09-19T14:12:16+08:00,FJ-01,1480,2.7,2.3,56.9,0.25,219.8
2026-09-19T14:13:16+08:00,FJ-01,1482,2.7,2.3,56.4,0.24,220.4
2026-09-19T14:14:16+08:00,FJ-01,1479,2.8,2.3,56.1,0.25,221.8
2026-09-19T14:15:16+08:00,FJ-01,1480,2.6,2.3,56.6,0.25,220.7
2026-09-19T14:16:16+08:00,FJ-01,1481,2.7,2.3,56.5,0.25,220.5
2026-09-19T14:17:16+08:00,FJ-01,1481,2.7,2.3,56.3,0.24,219.6
2026-09-19T14:18:16+08:00,FJ-01,1481,2.8,2.3,56.6,0.25,219.7
2026-09-19T14:19:16+08:00,FJ-01,1481,2.7,2.2,57.0,0.24,220.7
2026-09-19T14:20:16+08:00,FJ-01,1480,2.7,2.3,56.4,0.25,219.9
2026-09-19T14:21:16+08:00,FJ-01,1481,2.7,2.4,57.5,0.25,220.8
2026-09-19T14:22:16+08:00,FJ-01,1480,2.7,2.4,56.9,0.25,220.3
2026-09-19T14:23:16+08:00,FJ-01,1482,2.8,2.4,57.4,0.24,221.2
2026-09-19T14:24:16+08:00,FJ-01,1482,2.7,2.4,57.6,0.25,221.2
2026-09-19T14:25:16+08:00,FJ-01,1481,2.8,2.2,56.2,0.25,221.0
2026-09-19T14:26:16+08:00,FJ-01,1481,2.7,2.4,57.0,0.25,220.6
2026-09-19T14:27:16+08:00,FJ-01,1480,2.7,2.3,55.8,0.25,219.6
2026-09-19T14:28:16+08:00,FJ-01,1481,2.7,2.3,57.2,0.24,220.2
2026-09-19T14:29:16+08:00,FJ-01,1480,2.8,2.4,56.6,0.24,221.0
2026-09-19T14:30:16+08:00,FJ-01,1479,2.7,2.4,57.1,0.25,219.6
2026-09-19T14:31:16+08:00,FJ-01,1480,2.8,2.3,57.4,0.24,219.6
2026-09-19T14:32:16+08:00,FJ-01,1482,2.6,2.4,56.3,0.25,219.7
2026-09-19T14:33:16+08:00,FJ-01,1481,2.8,2.3,57.0,0.24,220.2
2026-09-19T14:34:16+08:00,FJ-01,1480,2.6,2.3,57.2,0.25,220.6
2026-09-19T14:35:16+08:00,FJ-01,1480,2.8,2.4,56.5,0.25,220.0
2026-09-19T14:36:16+08:00,FJ-01,1480,2.7,2.3,56.4,0.24,221.0
2026-09-19T14:37:16+08:00,FJ-01,1482,2.7,2.4,56.8,0.25,219.8
2026-09-19T14:38:16+08:00,FJ-01,1481,2.7,2.4,56.3,0.24,220.8
2026-09-19T14:39:16+08:00,FJ-01,1480,2.8,2.3,56.6,0.25,219.4
2026-09-19T14:40:16+08:00,FJ-01,1480,2.7,2.4,57.0,0.24,218.1
2026-09-19T14:41:16+08:00,FJ-01,1481,2.9,2.4,57.1,0.25,220.0
2026-09-19T14:42:16+08:00,FJ-01,1480,2.8,2.4,57.1,0.25,220.7
2026-09-19T14:43:16+08:00,FJ-01,1481,2.7,2.3,56.9,0.25,220.9
2026-09-19T14:44:16+08:00,FJ-01,1479,2.8,2.4,56.9,0.24,220.5
2026-09-19T14:45:16+08:00,FJ-01,1481,2.7,2.4,57.2,0.24,220.5
2026-09-19T14:46:16+08:00,FJ-01,1480,2.7,2.3,56.6,0.24,220.7
2026-09-19T14:47:16+08:00,FJ-01,1479,2.7,2.2,57.1,0.25,221.4
2026-09-19T14:48:16+08:00,FJ-01,1480,2.8,2.4,56.2,0.25,220.5
2026-09-19T14:49:16+08:00,FJ-01,1479,2.7,2.4,57.2,0.25,220.9
2026-09-19T14:50:16+08:00,FJ-01,1480,2.7,2.4,56.2,0.24,220.9
2026-09-19T14:51:16+08:00,FJ-01,1481,2.8,2.4,56.8,0.24,220.2
2026-09-19T14:52:16+08:00,FJ-01,1480,2.8,2.4,57.2,0.25,218.8
2026-09-19T14:53:16+08:00,FJ-01,1480,2.8,2.4,56.8,0.25,220.7
2026-09-19T14:54:16+08:00,FJ-01,1480,2.7,2.4,56.5,0.25,220.9
2026-09-19T14:55:16+08:00,FJ-01,1481,2.8,2.4,57.2,0.25,220.3
2026-09-19T14:56:16+08:00,FJ-01,1481,2.8,2.3,57.0,0.25,220.5
2026-09-19T14:57:16+08:00,FJ-01,1480,2.7,2.3,57.0,0.24,220.5
2026-09-19T14:58:16+08:00,FJ-01,1480,2.7,2.3,57.0,0.25,220.8
2026-09-19T14:59:16+08:00,FJ-01,1482,2.9,2.3,57.4,0.25,221.5
2026-09-19T15:00:16+08:00,FJ-01,1480,2.6,2.3,56.8,0.25,219.5
2026-09-19T15:01:16+08:00,FJ-01,1480,2.8,2.3,57.1,0.25,221.3
2026-09-19T15:02:16+08:00,FJ-01,1480,2.8,2.4,56.5,0.25,218.3
2026-09-19T15:03:16+08:00,FJ-01,1479,2.8,2.2,57.1,0.25,220.2
2026-09-19T15:04:16+08:00,FJ-01,1481,2.8,2.3,57.2,0.25,220.4
2026-09-19T15:05:16+08:00,FJ-01,1480,2.8,2.4,57.2,0.25,222.1
2026-09-19T15:06:16+08:00,FJ-01,1480,2.8,2.4,56.8,0.25,220.6
2026-09-19T15:07:16+08:00,FJ-01,1479,2.9,2.4,57.4,0.25,219.6
2026-09-19T15:08:16+08:00,FJ-01,1480,2.8,2.4,57.5,0.25,221.5
2026-09-19T15:09:16+08:00,FJ-01,1480,2.8,2.3,57.4,0.25,220.5
2026-09-19T15:10:16+08:00,FJ-01,1481,2.8,2.3,57.0,0.25,221.4
2026-09-19T15:11:16+08:00,FJ-01,1480,2.8,2.4,57.1,0.24,220.4
2026-09-19T15:12:16+08:00,FJ-01,1479,2.8,2.3,56.5,0.25,219.9
2026-09-19T15:13:16+08:00,FJ-01,1482,2.7,2.3,57.2,0.25,220.4
2026-09-19T15:14:16+08:00,FJ-01,1481,2.7,2.4,56.8,0.25,221.6
2026-09-19T15:15:16+08:00,FJ-01,1481,2.8,2.3,56.4,0.24,218.7
2026-09-19T15:16:16+08:00,FJ-01,1481,2.7,2.4,56.7,0.25,219.8
2026-09-19T15:17:16+08:00,FJ-01,1480,2.9,2.3,56.2,0.24,220.1
2026-09-19T15:18:16+08:00,FJ-01,1480,2.8,2.4,57.4,0.25,220.2
2026-09-19T15:19:16+08:00,FJ-01,1480,2.8,2.4,57.2,0.25,219.7
2026-09-19T15:20:16+08:00,FJ-01,1479,2.9,2.4,57.3,0.25,220.5
2026-09-19T15:21:16+08:00,FJ-01,1480,2.8,2.4,57.2,0.25,220.7
2026-09-19T15:22:16+08:00,FJ-01,1480,2.9,2.4,57.7,0.25,219.8
2026-09-19T15:23:16+08:00,FJ-01,1481,2.7,2.4,56.6,0.25,219.9
2026-09-19T15:24:16+08:00,FJ-01,1481,2.8,2.4,57.1,0.25,219.4
2026-09-19T15:25:16+08:00,FJ-01,1481,2.9,2.4,56.9,0.25,221.1
2026-09-19T15:26:16+08:00,FJ-01,1480,2.9,2.4,56.8,0.25,221.0
2026-09-19T15:27:16+08:00,FJ-01,1480,2.8,2.4,57.0,0.25,220.2
2026-09-19T15:28:16+08:00,FJ-01,1481,2.8,2.4,57.0,0.25,220.2
2026-09-19T15:29:16+08:00,FJ-01,1481,2.9,2.4,57.0,0.25,219.6
2026-09-19T15:30:16+08:00,FJ-01,1480,2.9,2.4,56.9,0.25,221.0
2026-09-19T15:31:16+08:00,FJ-01,1479,2.9,2.4,57.4,0.25,219.4
2026-09-19T15:32:16+08:00,FJ-01,1481,2.9,2.4,56.8,0.24,220.4
2026-09-19T15:33:16+08:00,FJ-01,1481,2.8,2.4,56.8,0.25,220.7
2026-09-19T15:34:16+08:00,FJ-01,1481,2.8,2.3,56.9,0.25,221.1
2026-09-19T15:35:16+08:00,FJ-01,1480,2.9,2.5,57.3,0.24,221.3
2026-09-19T15:36:16+08:00,FJ-01,1480,2.8,2.5,57.0,0.25,220.0
2026-09-19T15:37:16+08:00,FJ-01,1479,2.9,2.5,56.6,0.25,220.2
2026-09-19T15:38:16+08:00,FJ-01,1482,2.8,2.4,57.1,0.24,220.2
2026-09-19T15:39:16+08:00,FJ-01,1479,2.9,2.5,57.6,0.25,222.2
2026-09-19T15:40:16+08:00,FJ-01,1481,2.8,2.5,57.1,0.24,219.2
2026-09-19T15:41:16+08:00,FJ-01,1480,2.9,2.4,57.9,0.25,218.9
2026-09-19T15:42:16+08:00,FJ-01,1480,2.9,2.4,57.2,0.25,219.9
2026-09-19T15:43:16+08:00,FJ-01,1481,2.9,2.4,56.3,0.24,219.7
2026-09-19T15:44:16+08:00,FJ-01,1479,2.8,2.4,57.2,0.25,219.8
2026-09-19T15:45:16+08:00,FJ-01,1479,2.9,2.5,57.5,0.25,220.4
2026-09-19T15:46:16+08:00,FJ-01,1480,2.8,2.4,57.8,0.25,219.7
2026-09-19T15:47:16+08:00,FJ-01,1481,3.0,2.4,57.1,0.25,219.7
2026-09-19T15:48:16+08:00,FJ-01,1480,2.8,2.4,57.4,0.25,220.0
2026-09-19T15:49:16+08:00,FJ-01,1479,2.8,2.4,57.9,0.25,220.7
2026-09-19T15:50:16+08:00,FJ-01,1481,2.8,2.4,56.9,0.25,219.8
2026-09-19T15:51:16+08:00,FJ-01,1481,2.9,2.3,56.6,0.25,219.2
2026-09-19T15:52:16+08:00,FJ-01,1479,2.9,2.3,56.6,0.24,220.0
2026-09-19T15:53:16+08:00,FJ-01,1481,3.0,2.4,58.3,0.25,221.8
2026-09-19T15:54:16+08:00,FJ-01,1482,2.8,2.5,57.4,0.25,219.0
2026-09-19T15:55:16+08:00,FJ-01,1479,2.9,2.4,56.8,0.25,221.5
2026-09-19T15:56:16+08:00,FJ-01,1482,2.8,2.4,56.8,0.25,220.3
2026-09-19T15:57:16+08:00,FJ-01,1481,2.9,2.5,57.4,0.25,221.5
2026-09-19T15:58:16+08:00,FJ-01,1480,2.9,2.4,58.4,0.25,220.7
2026-09-19T15:59:16+08:00,FJ-01,1481,2.9,2.4,57.2,0.25,220.6
2026-09-19T16:00:16+08:00,FJ-01,1481,2.8,2.5,57.3,0.25,220.7
2026-09-19T16:01:16+08:00,FJ-01,1480,2.8,2.4,57.0,0.24,221.4
2026-09-19T16:02:16+08:00,FJ-01,1482,3.0,2.4,57.7,0.25,220.2
2026-09-19T16:03:16+08:00,FJ-01,1481,2.9,2.5,57.0,0.24,219.8
2026-09-19T16:04:16+08:00,FJ-01,1482,2.9,2.4,57.5,0.25,220.2
2026-09-19T16:05:16+08:00,FJ-01,1480,2.9,2.5,57.5,0.25,221.3
2026-09-19T16:06:16+08:00,FJ-01,1481,3.0,2.5,57.4,0.25,221.2
2026-09-19T16:07:16+08:00,FJ-01,1480,3.0,2.3,57.4,0.25,221.3
2026-09-19T16:08:16+08:00,FJ-01,1479,2.9,2.4,56.5,0.25,219.6
2026-09-19T16:09:16+08:00,FJ-01,1482,2.9,2.4,57.1,0.25,220.8
2026-09-19T16:10:16+08:00,FJ-01,1482,2.9,2.4,56.9,0.26,222.2
2026-09-19T16:11:16+08:00,FJ-01,1479,2.9,2.5,57.3,0.24,220.1
2026-09-19T16:12:16+08:00,FJ-01,1481,2.9,2.6,57.3,0.25,220.4
2026-09-19T16:13:16+08:00,FJ-01,1480,2.9,2.4,57.4,0.25,220.4
2026-09-19T16:14:16+08:00,FJ-01,1480,2.9,2.3,57.9,0.25,221.1
2026-09-19T16:15:16+08:00,FJ-01,1480,2.9,2.5,56.4,0.24,219.6
2026-09-19T16:16:16+08:00,FJ-01,1481,2.9,2.4,56.5,0.25,220.4
2026-09-19T16:17:16+08:00,FJ-01,1481,2.9,2.5,57.5,0.25,220.3
2026-09-19T16:18:16+08:00,FJ-01,1481,2.9,2.4,57.4,0.24,219.8
2026-09-19T16:19:16+08:00,FJ-01,1480,2.9,2.4,57.9,0.25,219.0
2026-09-19T16:20:16+08:00,FJ-01,1481,3.0,2.5,57.3,0.24,220.5
2026-09-19T16:21:16+08:00,FJ-01,1481,3.0,2.5,57.6,0.26,219.8
2026-09-19T16:22:16+08:00,FJ-01,1481,2.9,2.5,57.3,0.25,219.1
2026-09-19T16:23:16+08:00,FJ-01,1481,3.0,2.5,57.1,0.25,220.4
2026-09-19T16:24:16+08:00,FJ-01,1479,2.9,2.4,56.6,0.25,220.3
2026-09-19T16:25:16+08:00,FJ-01,1481,2.9,2.5,56.9,0.25,220.1
2026-09-19T16:26:16+08:00,FJ-01,1480,2.9,2.4,57.2,0.25,220.3
2026-09-19T16:27:16+08:00,FJ-01,1481,3.0,2.5,57.2,0.25,220.7
2026-09-19T16:28:16+08:00,FJ-01,1480,3.1,2.4,57.3,0.25,220.0
2026-09-19T16:29:16+08:00,FJ-01,1482,3.0,2.4,57.0,0.25,221.1
2026-09-19T16:30:16+08:00,FJ-01,1482,3.0,2.4,57.9,0.25,219.3
2026-09-19T16:31:16+08:00,FJ-01,1481,2.8,2.4,57.4,0.24,221.4
2026-09-19T16:32:16+08:00,FJ-01,1481,3.0,2.5,56.9,0.25,220.2
2026-09-19T16:33:16+08:00,FJ-01,1480,3.0,2.4,57.1,0.24,220.7
2026-09-19T16:34:16+08:00,FJ-01,1480,2.9,2.5,57.6,0.25,219.7
2026-09-19T16:35:16+08:00,FJ-01,1481,3.0,2.5,57.1,0.25,220.9
2026-09-19T16:36:16+08:00,FJ-01,1480,3.0,2.5,57.2,0.25,221.3
2026-09-19T16:37:16+08:00,FJ-01,1482,2.9,2.4,57.3,0.25,221.0
2026-09-19T16:38:16+08:00,FJ-01,1480,3.1,2.5,56.8,0.24,221.2
2026-09-19T16:39:16+08:00,FJ-01,1481,3.0,2.5,57.7,0.24,219.7
2026-09-19T16:40:16+08:00,FJ-01,1481,3.0,2.5,57.3,0.25,220.2
2026-09-19T16:41:16+08:00,FJ-01,1482,3.0,2.5,58.2,0.25,220.3
2026-09-19T16:42:16+08:00,FJ-01,1481,3.0,2.6,57.4,0.25,220.4
2026-09-19T16:43:16+08:00,FJ-01,1479,3.1,2.5,57.3,0.25,220.6
2026-09-19T16:44:16+08:00,FJ-01,1481,3.0,2.4,57.3,0.25,220.7
2026-09-19T16:45:16+08:00,FJ-01,1481,3.0,2.5,57.8,0.25,220.7
2026-09-19T16:46:16+08:00,FJ-01,1480,3.0,2.5,57.4,0.25,217.6
2026-09-19T16:47:16+08:00,FJ-01,1481,3.1,2.5,57.7,0.25,220.5
2026-09-19T16:48:16+08:00,FJ-01,1480,3.0,2.4,58.1,0.25,219.3
2026-09-19T16:49:16+08:00,FJ-01,1480,3.0,2.5,56.6,0.25,221.4
2026-09-19T16:50:16+08:00,FJ-01,1481,2.9,2.4,57.4,0.25,220.0
2026-09-19T16:51:16+08:00,FJ-01,1480,3.1,2.5,57.3,0.25,221.9
2026-09-19T16:52:16+08:00,FJ-01,1481,3.0,2.4,57.3,0.25,221.0
2026-09-19T16:53:16+08:00,FJ-01,1480,2.9,2.4,57.2,0.25,220.5
2026-09-19T16:54:16+08:00,FJ-01,1479,3.1,2.6,56.9,0.25,220.4
2026-09-19T16:55:16+08:00,FJ-01,1482,2.9,2.6,57.4,0.25,220.6
2026-09-19T16:56:16+08:00,FJ-01,1481,2.9,2.6,57.3,0.24,220.0
2026-09-19T16:57:16+08:00,FJ-01,1482,3.1,2.5,56.9,0.25,219.8
2026-09-19T16:58:16+08:00,FJ-01,1480,3.0,2.6,57.6,0.24,221.2
2026-09-19T16:59:16+08:00,FJ-01,1482,3.1,2.5,57.3,0.25,220.5
2026-09-19T17:00:16+08:00,FJ-01,1480,3.1,2.6,57.6,0.25,219.6
2026-09-19T17:01:16+08:00,FJ-01,1479,3.0,2.5,56.9,0.25,220.6
2026-09-19T17:02:16+08:00,FJ-01,1481,3.0,2.6,57.2,0.24,221.2
2026-09-19T17:03:16+08:00,FJ-01,1481,3.1,2.5,57.7,0.25,221.5
2026-09-19T17:04:16+08:00,FJ-01,1480,3.0,2.5,57.4,0.25,221.5
2026-09-19T17:05:16+08:00,FJ-01,1480,3.1,2.5,57.0,0.25,221.0
2026-09-19T17:06:16+08:00,FJ-01,1481,3.0,2.6,57.3,0.25,220.4
2026-09-19T17:07:16+08:00,FJ-01,1481,3.1,2.4,57.6,0.25,220.3
2026-09-19T17:08:16+08:00,FJ-01,1482,3.0,2.5,58.0,0.25,220.8
2026-09-19T17:09:16+08:00,FJ-01,1481,3.0,2.4,57.8,0.25,219.7
2026-09-19T17:10:16+08:00,FJ-01,1481,3.0,2.5,57.2,0.24,219.9
2026-09-19T17:11:16+08:00,FJ-01,1481,3.0,2.5,56.7,0.25,220.8
2026-09-19T17:12:16+08:00,FJ-01,1481,3.0,2.5,57.3,0.25,220.1
2026-09-19T17:13:16+08:00,FJ-01,1479,3.0,2.5,57.1,0.24,220.2
2026-09-19T17:14:16+08:00,FJ-01,1480,3.1,2.4,57.1,0.24,220.2
2026-09-19T17:15:16+08:00,FJ-01,1480,3.0,2.6,57.7,0.25,219.7
2026-09-19T17:16:16+08:00,FJ-01,1480,3.0,2.5,57.5,0.25,219.8
2026-09-19T17:17:16+08:00,FJ-01,1481,3.1,2.5,57.5,0.25,220.7
2026-09-19T17:18:16+08:00,FJ-01,1482,3.1,2.6,57.9,0.25,220.0
2026-09-19T17:19:16+08:00,FJ-01,1480,3.0,2.5,57.5,0.24,220.5
2026-09-19T17:20:16+08:00,FJ-01,1481,3.0,2.5,58.3,0.25,222.0
2026-09-19T17:21:16+08:00,FJ-01,1481,3.0,2.6,57.1,0.25,220.6
2026-09-19T17:22:16+08:00,FJ-01,1480,3.1,2.5,58.0,0.24,219.9
2026-09-19T17:23:16+08:00,FJ-01,1481,3.1,2.5,57.1,0.25,220.7
2026-09-19T17:24:16+08:00,FJ-01,1481,3.1,2.6,58.7,0.25,220.4
2026-09-19T17:25:16+08:00,FJ-01,1479,3.1,2.5,58.0,0.24,219.7
2026-09-19T17:26:16+08:00,FJ-01,1481,3.1,2.5,57.6,0.24,220.3
2026-09-19T17:27:16+08:00,FJ-01,1481,3.0,2.5,57.9,0.25,222.3
2026-09-19T17:28:16+08:00,FJ-01,1480,3.1,2.6,56.9,0.25,223.1
2026-09-19T17:29:16+08:00,FJ-01,1481,3.1,2.6,57.2,0.25,218.6
2026-09-19T17:30:16+08:00,FJ-01,1480,3.1,2.5,57.4,0.25,220.1
2026-09-19T17:31:16+08:00,FJ-01,1481,3.1,2.6,57.2,0.24,219.1
2026-09-19T17:32:16+08:00,FJ-01,1481,3.1,2.5,57.7,0.25,220.8
2026-09-19T17:33:16+08:00,FJ-01,1481,3.2,2.5,57.9,0.25,220.6
2026-09-19T17:34:16+08:00,FJ-01,1480,3.0,2.5,57.9,0.25,221.5
2026-09-19T17:35:16+08:00,FJ-01,1481,3.2,2.5,57.8,0.25,220.0
2026-09-19T17:36:16+08:00,FJ-01,1480,3.0,2.4,57.6,0.25,220.0
2026-09-19T17:37:16+08:00,FJ-01,1481,3.2,2.5,57.9,0.25,221.7
2026-09-19T17:38:16+08:00,FJ-01,1481,3.1,2.4,57.7,0.24,221.4
2026-09-19T17:39:16+08:00,FJ-01,1481,3.1,2.6,57.9,0.25,220.0
2026-09-19T17:40:16+08:00,FJ-01,1481,3.1,2.6,57.5,0.25,221.8
2026-09-19T17:41:16+08:00,FJ-01,1480,3.0,2.6,57.0,0.24,221.0
2026-09-19T17:42:16+08:00,FJ-01,1480,3.2,2.6,57.5,0.25,220.1
2026-09-19T17:43:16+08:00,FJ-01,1479,3.0,2.5,57.0,0.24,220.4
2026-09-19T17:44:16+08:00,FJ-01,1480,3.0,2.5,57.6,0.25,220.8
2026-09-19T17:45:16+08:00,FJ-01,1482,3.1,2.6,57.5,0.24,221.5
2026-09-19T17:46:16+08:00,FJ-01,1481,3.1,2.5,57.7,0.25,219.9
2026-09-19T17:47:16+08:00,FJ-01,1481,3.1,2.5,57.6,0.25,220.7
2026-09-19T17:48:16+08:00,FJ-01,1481,3.1,2.6,56.7,0.25,220.6
2026-09-19T17:49:16+08:00,FJ-01,1481,3.1,2.5,57.3,0.25,221.2
2026-09-19T17:50:16+08:00,FJ-01,1479,3.1,2.5,58.1,0.25,220.8
2026-09-19T17:51:16+08:00,FJ-01,1481,3.0,2.5,58.1,0.25,221.1
2026-09-19T17:52:16+08:00,FJ-01,1480,3.1,2.5,57.5,0.25,221.2
2026-09-19T17:53:16+08:00,FJ-01,1481,3.2,2.5,58.2,0.25,220.6
2026-09-19T17:54:16+08:00,FJ-01,1480,3.2,2.5,56.7,0.25,220.0
2026-09-19T17:55:16+08:00,FJ-01,1481,3.2,2.6,58.0,0.25,219.5
2026-09-19T17:56:16+08:00,FJ-01,1480,3.2,2.6,57.6,0.24,220.0
2026-09-19T17:57:16+08:00,FJ-01,1479,3.1,2.6,57.4,0.25,218.2
2026-09-19T17:58:16+08:00,FJ-01,1481,3.2,2.5,58.2,0.25,220.0
2026-09-19T17:59:16+08:00,FJ-01,1481,3.1,2.6,57.0,0.25,221.0
2026-09-19T18:00:16+08:00,FJ-01,1480,3.0,2.5,57.8,0.25,220.6
2026-09-19T18:01:16+08:00,FJ-01,1480,3.1,2.6,56.7,0.25,220.8
2026-09-19T18:02:16+08:00,FJ-01,1480,3.3,2.5,57.6,0.24,219.3
2026-09-19T18:03:16+08:00,FJ-01,1481,3.1,2.5,58.0,0.25,222.3
2026-09-19T18:04:16+08:00,FJ-01,1480,3.2,2.5,57.4,0.25,219.5
2026-09-19T18:05:16+08:00,FJ-01,1479,3.1,2.5,56.9,0.25,221.3
2026-09-19T18:06:16+08:00,FJ-01,1479,3.1,2.6,58.0,0.25,219.6
2026-09-19T18:07:16+08:00,FJ-01,1481,3.1,2.6,58.3,0.24,219.3
2026-09-19T18:08:16+08:00,FJ-01,1480,3.1,2.5,57.2,0.25,220.6
2026-09-19T18:09:16+08:00,FJ-01,1481,3.2,2.6,57.1,0.25,220.4
2026-09-19T18:10:16+08:00,FJ-01,1481,3.2,2.6,57.7,0.25,220.6
2026-09-19T18:11:16+08:00,FJ-01,1481,3.1,2.5,58.3,0.24,221.0
2026-09-19T18:12:16+08:00,FJ-01,1481,3.2,2.6,57.8,0.24,219.1
2026-09-19T18:13:16+08:00,FJ-01,1481,3.3,2.6,57.0,0.24,219.3
2026-09-19T18:14:16+08:00,FJ-01,1481,3.2,2.6,58.4,0.25,221.1
2026-09-19T18:15:16+08:00,FJ-01,1480,3.2,2.6,57.2,0.25,220.6
2026-09-19T18:16:16+08:00,FJ-01,1479,3.2,2.5,57.8,0.24,221.9
2026-09-19T18:17:16+08:00,FJ-01,1480,3.1,2.5,58.0,0.25,222.0
2026-09-19T18:18:16+08:00,FJ-01,1482,3.2,2.5,58.0,0.25,219.9
2026-09-19T18:19:16+08:00,FJ-01,1483,3.1,2.6,58.2,0.24,220.1
2026-09-19T18:20:16+08:00,FJ-01,1480,3.2,2.5,57.4,0.25,219.9
2026-09-19T18:21:16+08:00,FJ-01,1479,3.1,2.6,57.8,0.25,220.2
2026-09-19T18:22:16+08:00,FJ-01,1481,3.2,2.6,57.4,0.25,219.1
2026-09-19T18:23:16+08:00,FJ-01,1482,3.1,2.5,58.0,0.25,220.3
2026-09-19T18:24:16+08:00,FJ-01,1479,3.2,2.6,58.0,0.25,218.9
2026-09-19T18:25:16+08:00,FJ-01,1481,3.2,2.7,57.8,0.24,219.5
2026-09-19T18:26:16+08:00,FJ-01,1480,3.2,2.5,58.0,0.25,220.7
2026-09-19T18:27:16+08:00,FJ-01,1482,3.3,2.5,58.6,0.25,220.0
2026-09-19T18:28:16+08:00,FJ-01,1481,3.1,2.6,57.5,0.24,220.7
2026-09-19T18:29:16+08:00,FJ-01,1481,3.2,2.7,58.0,0.25,220.0
2026-09-19T18:30:16+08:00,FJ-01,1480,3.2,2.6,57.7,0.25,220.5
2026-09-19T18:31:16+08:00,FJ-01,1480,3.2,2.6,58.2,0.25,220.6
2026-09-19T18:32:16+08:00,FJ-01,1481,3.2,2.6,57.8,0.24,221.5
2026-09-19T18:33:16+08:00,FJ-01,1480,3.2,2.5,57.6,0.25,220.4
2026-09-19T18:34:16+08:00,FJ-01,1480,3.2,2.6,58.2,0.25,220.2
2026-09-19T18:35:16+08:00,FJ-01,1479,3.2,2.6,58.1,0.25,221.0
2026-09-19T18:36:16+08:00,FJ-01,1481,3.2,2.7,58.3,0.25,220.7
2026-09-19T18:37:16+08:00,FJ-01,1480,3.2,2.6,58.3,0.25,218.2
2026-09-19T18:38:16+08:00,FJ-01,1481,3.3,2.6,58.6,0.25,221.3
2026-09-19T18:39:16+08:00,FJ-01,1481,3.2,2.6,57.8,0.24,221.7
2026-09-19T18:40:16+08:00,FJ-01,1481,3.2,2.6,58.5,0.24,220.8
2026-09-19T18:41:16+08:00,FJ-01,1481,3.2,2.5,57.1,0.25,220.7
2026-09-19T18:42:16+08:00,FJ-01,1479,3.3,2.6,58.4,0.25,221.4
2026-09-19T18:43:16+08:00,FJ-01,1481,3.2,2.7,57.7,0.25,219.8
2026-09-19T18:44:16+08:00,FJ-01,1478,3.2,2.6,57.3,0.25,220.5
2026-09-19T18:45:16+08:00,FJ-01,1481,3.2,2.7,57.8,0.25,220.0
2026-09-19T18:46:16+08:00,FJ-01,1481,3.3,2.6,58.4,0.25,221.3
2026-09-19T18:47:16+08:00,FJ-01,1480,3.2,2.6,58.1,0.25,221.5
2026-09-19T18:48:16+08:00,FJ-01,1481,3.2,2.6,58.5,0.25,220.1
2026-09-19T18:49:16+08:00,FJ-01,1480,3.3,2.5,57.9,0.24,220.5
2026-09-19T18:50:16+08:00,FJ-01,1480,3.3,2.6,58.7,0.25,220.0
2026-09-19T18:51:16+08:00,FJ-01,1480,3.3,2.5,58.7,0.25,219.7
2026-09-19T18:52:16+08:00,FJ-01,1479,3.3,2.5,58.1,0.25,220.0
2026-09-19T18:53:16+08:00,FJ-01,1481,3.3,2.6,58.1,0.25,221.4
2026-09-19T18:54:16+08:00,FJ-01,1480,3.2,2.6,57.6,0.25,221.2
2026-09-19T18:55:16+08:00,FJ-01,1480,3.3,2.7,58.1,0.25,219.8
2026-09-19T18:56:16+08:00,FJ-01,1481,3.3,2.6,57.9,0.25,219.9
2026-09-19T18:57:16+08:00,FJ-01,1481,3.2,2.5,57.7,0.25,220.9
2026-09-19T18:58:16+08:00,FJ-01,1481,3.3,2.6,58.3,0.24,220.7
2026-09-19T18:59:16+08:00,FJ-01,1481,3.2,2.6,58.2,0.25,222.0
2026-09-19T19:00:16+08:00,FJ-01,1480,3.2,2.6,57.8,0.25,220.6
2026-09-19T19:01:16+08:00,FJ-01,1481,3.3,2.5,57.9,0.25,222.2
2026-09-19T19:02:16+08:00,FJ-01,1481,3.2,2.5,57.6,0.25,220.4
2026-09-19T19:03:16+08:00,FJ-01,1480,3.2,2.6,57.8,0.25,220.1
2026-09-19T19:04:16+08:00,FJ-01,1481,3.3,2.7,57.7,0.24,221.2
2026-09-19T19:05:16+08:00,FJ-01,1481,3.4,2.6,58.5,0.25,220.2
2026-09-19T19:06:16+08:00,FJ-01,1481,3.3,2.5,57.7,0.25,221.2
2026-09-19T19:07:16+08:00,FJ-01,1481,3.4,2.6,58.8,0.25,221.0
2026-09-19T19:08:16+08:00,FJ-01,1482,3.3,2.6,58.1,0.24,221.4
2026-09-19T19:09:16+08:00,FJ-01,1481,3.3,2.5,58.6,0.25,219.3
2026-09-19T19:10:16+08:00,FJ-01,1480,3.3,2.7,58.0,0.24,219.1
2026-09-19T19:11:16+08:00,FJ-01,1480,3.2,2.6,57.5,0.25,221.5
2026-09-19T19:12:16+08:00,FJ-01,1481,3.2,2.6,57.4,0.25,220.4
2026-09-19T19:13:16+08:00,FJ-01,1480,3.3,2.5,57.8,0.24,220.3
2026-09-19T19:14:16+08:00,FJ-01,1481,3.3,2.6,57.6,0.25,221.1
2026-09-19T19:15:16+08:00,FJ-01,1481,3.3,2.6,58.5,0.25,220.3
2026-09-19T19:16:16+08:00,FJ-01,1481,3.4,2.7,58.1,0.24,220.6
2026-09-19T19:17:16+08:00,FJ-01,1481,3.3,2.6,59.9,0.25,219.1
2026-09-19T19:18:16+08:00,FJ-01,1481,3.2,2.7,57.5,0.25,221.9
2026-09-19T19:19:16+08:00,FJ-01,1481,3.3,2.6,57.1,0.25,219.9
2026-09-19T19:20:16+08:00,FJ-01,1482,3.3,2.6,57.3,0.25,221.7
2026-09-19T19:21:16+08:00,FJ-01,1481,3.3,2.7,57.7,0.25,221.2
2026-09-19T19:22:16+08:00,FJ-01,1481,3.2,2.7,57.9,0.25,219.1
2026-09-19T19:23:16+08:00,FJ-01,1481,3.3,2.6,57.6,0.25,220.3
2026-09-19T19:24:16+08:00,FJ-01,1480,3.2,2.6,58.5,0.25,221.5
2026-09-19T19:25:16+08:00,FJ-01,1480,3.3,2.6,58.2,0.25,221.2
2026-09-19T19:26:16+08:00,FJ-01,1481,3.3,2.7,58.5,0.25,221.0
2026-09-19T19:27:16+08:00,FJ-01,1480,3.3,2.6,57.7,0.25,219.7
2026-09-19T19:28:16+08:00,FJ-01,1480,3.3,2.7,57.9,0.25,220.3
2026-09-19T19:29:16+08:00,FJ-01,1481,3.3,2.7,58.2,0.24,221.8
2026-09-19T19:30:16+08:00,FJ-01,1480,3.4,2.7,58.3,0.25,221.6
2026-09-19T19:31:16+08:00,FJ-01,1481,3.4,2.6,57.9,0.25,222.2
2026-09-19T19:32:16+08:00,FJ-01,1480,3.3,2.7,58.1,0.24,220.0
2026-09-19T19:33:16+08:00,FJ-01,1479,3.4,2.7,57.4,0.25,220.9
2026-09-19T19:34:16+08:00,FJ-01,1481,3.3,2.6,58.0,0.25,220.1
2026-09-19T19:35:16+08:00,FJ-01,1480,3.4,2.6,58.0,0.25,220.4
2026-09-19T19:36:16+08:00,FJ-01,1482,3.3,2.7,58.7,0.24,221.1
2026-09-19T19:37:16+08:00,FJ-01,1481,3.3,2.7,57.9,0.25,219.7
2026-09-19T19:38:16+08:00,FJ-01,1480,3.3,2.5,57.6,0.25,220.4
2026-09-19T19:39:16+08:00,FJ-01,1480,3.3,2.6,58.4,0.25,222.0
2026-09-19T19:40:16+08:00,FJ-01,1481,3.4,2.6,57.6,0.25,219.9
2026-09-19T19:41:16+08:00,FJ-01,1479,3.4,2.7,57.8,0.24,221.2
2026-09-19T19:42:16+08:00,FJ-01,1480,3.3,2.6,57.9,0.25,221.3
2026-09-19T19:43:16+08:00,FJ-01,1480,3.3,2.7,57.7,0.25,220.1
2026-09-19T19:44:16+08:00,FJ-01,1479,3.3,2.7,58.6,0.24,220.5
2026-09-19T19:45:16+08:00,FJ-01,1480,3.4,2.7,58.2,0.25,221.3
2026-09-19T19:46:16+08:00,FJ-01,1481,3.3,2.7,57.7,0.25,221.6
2026-09-19T19:47:16+08:00,FJ-01,1481,3.3,2.5,58.6,0.25,220.5
2026-09-19T19:48:16+08:00,FJ-01,1481,3.3,2.7,58.5,0.25,219.7
2026-09-19T19:49:16+08:00,FJ-01,1481,3.4,2.8,59.3,0.24,221.3
2026-09-19T19:50:16+08:00,FJ-01,1482,3.4,2.7,58.4,0.25,221.0
2026-09-19T19:51:16+08:00,FJ-01,1480,3.3,2.6,57.6,0.25,219.1
2026-09-19T19:52:16+08:00,FJ-01,1481,3.4,2.6,58.0,0.25,221.1
2026-09-19T19:53:16+08:00,FJ-01,1480,3.3,2.6,58.2,0.25,218.9
2026-09-19T19:54:16+08:00,FJ-01,1479,3.4,2.6,57.9,0.25,220.5
2026-09-19T19:55:16+08:00,FJ-01,1481,3.4,2.7,58.8,0.25,220.2
2026-09-19T19:56:16+08:00,FJ-01,1481,3.4,2.7,58.0,0.24,219.9
2026-09-19T19:57:16+08:00,FJ-01,1480,3.4,2.7,58.0,0.25,220.9
2026-09-19T19:58:16+08:00,FJ-01,1480,3.4,2.7,58.7,0.25,219.0
2026-09-19T19:59:16+08:00,FJ-01,1480,3.4,2.7,58.6,0.25,220.6
2026-09-19T20:00:16+08:00,FJ-01,1481,3.4,2.7,58.3,0.25,221.5
2026-09-19T20:01:16+08:00,FJ-01,1481,3.4,2.7,57.9,0.25,220.8
2026-09-19T20:02:16+08:00,FJ-01,1480,3.3,2.6,58.6,0.25,220.3
2026-09-19T20:03:16+08:00,FJ-01,1481,3.4,2.8,58.2,0.24,221.8
2026-09-19T20:04:16+08:00,FJ-01,1481,3.4,2.7,58.5,0.25,220.1
2026-09-19T20:05:16+08:00,FJ-01,1481,3.5,2.6,57.6,0.25,220.5
2026-09-19T20:06:16+08:00,FJ-01,1481,3.3,2.7,58.2,0.24,219.4
2026-09-19T20:07:16+08:00,FJ-01,1480,3.5,2.6,58.1,0.25,220.8
2026-09-19T20:08:16+08:00,FJ-01,1482,3.4,2.8,58.5,0.25,220.9
2026-09-19T20:09:16+08:00,FJ-01,1481,3.4,2.6,58.3,0.25,222.5
2026-09-19T20:10:16+08:00,FJ-01,1481,3.4,2.8,58.1,0.24,220.6
2026-09-19T20:11:16+08:00,FJ-01,1479,3.4,2.7,58.2,0.25,221.3
2026-09-19T20:12:16+08:00,FJ-01,1480,3.4,2.7,57.8,0.25,220.9
2026-09-19T20:13:16+08:00,FJ-01,1480,3.4,2.7,57.7,0.25,220.7
2026-09-19T20:14:16+08:00,FJ-01,1479,3.4,2.6,57.7,0.25,222.3
2026-09-19T20:15:16+08:00,FJ-01,1480,3.4,2.8,58.5,0.25,221.2
2026-09-19T20:16:16+08:00,FJ-01,1481,3.4,2.7,58.3,0.24,220.7
2026-09-19T20:17:16+08:00,FJ-01,1481,3.4,2.7,57.6,0.25,219.8
2026-09-19T20:18:16+08:00,FJ-01,1480,3.5,2.7,58.5,0.25,220.7
2026-09-19T20:19:16+08:00,FJ-01,1480,3.4,2.7,58.1,0.25,221.9
2026-09-19T20:20:16+08:00,FJ-01,1481,3.4,2.7,58.9,0.24,222.2
2026-09-19T20:21:16+08:00,FJ-01,1479,3.5,2.7,58.4,0.25,221.4
2026-09-19T20:22:16+08:00,FJ-01,1480,3.4,2.7,58.4,0.25,221.7
2026-09-19T20:23:16+08:00,FJ-01,1481,3.5,2.7,57.7,0.24,219.8
2026-09-19T20:24:16+08:00,FJ-01,1480,3.6,2.7,57.5,0.25,221.6
2026-09-19T20:25:16+08:00,FJ-01,1480,3.4,2.7,57.9,0.24,219.5
2026-09-19T20:26:16+08:00,FJ-01,1481,3.5,2.8,58.0,0.25,220.0
2026-09-19T20:27:16+08:00,FJ-01,1481,3.4,2.7,58.2,0.25,221.2
2026-09-19T20:28:16+08:00,FJ-01,1481,3.5,2.7,58.3,0.25,220.6
2026-09-19T20:29:16+08:00,FJ-01,1481,3.3,2.7,58.5,0.25,220.7
2026-09-19T20:30:16+08:00,FJ-01,1480,3.4,2.7,58.1,0.25,220.1
2026-09-19T20:31:16+08:00,FJ-01,1480,3.4,2.7,57.9,0.25,221.1
2026-09-19T20:32:16+08:00,FJ-01,1481,3.5,2.7,58.2,0.25,220.7
2026-09-19T20:33:16+08:00,FJ-01,1480,3.5,2.7,57.8,0.24,221.5
2026-09-19T20:34:16+08:00,FJ-01,1481,3.4,2.7,58.9,0.25,221.5
2026-09-19T20:35:16+08:00,FJ-01,1482,3.4,2.7,57.6,0.24,219.9
2026-09-19T20:36:16+08:00,FJ-01,1479,3.4,2.7,58.5,0.25,219.6
2026-09-19T20:37:16+08:00,FJ-01,1481,3.4,2.7,58.7,0.25,221.1
2026-09-19T20:38:16+08:00,FJ-01,1481,3.4,2.7,58.7,0.24,220.8
2026-09-19T20:39:16+08:00,FJ-01,1480,3.4,2.7,58.5,0.25,220.9
2026-09-19T20:40:16+08:00,FJ-01,1480,3.6,2.6,58.2,0.25,220.5
2026-09-19T20:41:16+08:00,FJ-01,1480,3.4,2.9,59.1,0.25,220.6
2026-09-19T20:42:16+08:00,FJ-01,1481,3.5,2.8,58.5,0.25,220.9
2026-09-19T20:43:16+08:00,FJ-01,1481,3.4,2.8,58.0,0.25,220.8
2026-09-19T20:44:16+08:00,FJ-01,1481,3.5,2.7,58.0,0.24,220.0
2026-09-19T20:45:16+08:00,FJ-01,1480,3.4,2.7,58.5,0.25,221.8
2026-09-19T20:46:16+08:00,FJ-01,1482,3.5,2.7,57.9,0.25,221.5
2026-09-19T20:47:16+08:00,FJ-01,1481,3.4,2.7,58.7,0.25,221.6
2026-09-19T20:48:16+08:00,FJ-01,1481,3.5,2.7,58.8,0.25,219.7
2026-09-19T20:49:16+08:00,FJ-01,1481,3.5,2.8,58.7,0.25,223.1
2026-09-19T20:50:16+08:00,FJ-01,1480,3.5,2.7,58.5,0.25,220.3
2026-09-19T20:51:16+08:00,FJ-01,1481,3.5,2.6,58.5,0.25,220.0
2026-09-19T20:52:16+08:00,FJ-01,1481,3.5,2.7,58.7,0.25,220.8
2026-09-19T20:53:16+08:00,FJ-01,1482,3.5,2.7,58.4,0.25,219.7
2026-09-19T20:54:16+08:00,FJ-01,1481,3.5,2.7,58.0,0.25,220.4
2026-09-19T20:55:16+08:00,FJ-01,1479,3.6,2.8,58.5,0.25,220.6
2026-09-19T20:56:16+08:00,FJ-01,1481,3.5,2.8,58.9,0.25,219.8
2026-09-19T20:57:16+08:00,FJ-01,1481,3.5,2.7,57.8,0.25,219.0
2026-09-19T20:58:16+08:00,FJ-01,1480,3.5,2.8,58.5,0.26,220.8
2026-09-19T20:59:16+08:00,FJ-01,1481,3.5,2.8,58.8,0.25,221.7
2026-09-19T21:00:16+08:00,FJ-01,1482,3.5,2.8,58.6,0.24,220.6
2026-09-19T21:01:16+08:00,FJ-01,1482,3.5,2.7,58.6,0.25,221.2
2026-09-19T21:02:16+08:00,FJ-01,1482,3.4,2.7,58.9,0.25,219.5
2026-09-19T21:03:16+08:00,FJ-01,1480,3.5,2.8,59.4,0.25,221.6
2026-09-19T21:04:16+08:00,FJ-01,1480,3.5,2.6,57.4,0.25,220.9
2026-09-19T21:05:16+08:00,FJ-01,1481,3.6,2.7,59.2,0.25,221.5
2026-09-19T21:06:16+08:00,FJ-01,1482,3.6,2.8,58.5,0.25,220.9
2026-09-19T21:07:16+08:00,FJ-01,1481,3.5,2.7,58.7,0.24,221.1
2026-09-19T21:08:16+08:00,FJ-01,1481,3.5,2.8,58.7,0.25,220.4
2026-09-19T21:09:16+08:00,FJ-01,1481,3.5,2.8,58.1,0.25,220.3
2026-09-19T21:10:16+08:00,FJ-01,1479,3.4,2.8,58.8,0.25,222.0
2026-09-19T21:11:16+08:00,FJ-01,1480,3.5,2.8,58.4,0.25,220.2
2026-09-19T21:12:16+08:00,FJ-01,1480,3.5,2.7,58.9,0.25,220.6
2026-09-19T21:13:16+08:00,FJ-01,1481,3.6,2.7,59.3,0.24,221.7
2026-09-19T21:14:16+08:00,FJ-01,1480,3.5,2.7,58.7,0.25,220.8
2026-09-19T21:15:16+08:00,FJ-01,1480,3.5,2.7,58.4,0.25,220.6
2026-09-19T21:16:16+08:00,FJ-01,1480,3.6,2.8,59.4,0.25,221.3
2026-09-19T21:17:16+08:00,FJ-01,1480,3.6,2.7,58.5,0.25,220.5
2026-09-19T21:18:16+08:00,FJ-01,1481,3.6,2.8,58.6,0.25,221.4
2026-09-19T21:19:16+08:00,FJ-01,1480,3.4,2.8,57.0,0.25,222.1
2026-09-19T21:20:16+08:00,FJ-01,1478,3.5,2.8,57.8,0.25,221.0
2026-09-19T21:21:16+08:00,FJ-01,1479,3.5,2.8,58.7,0.25,220.6
2026-09-19T21:22:16+08:00,FJ-01,1480,3.5,2.8,58.5,0.25,219.7
2026-09-19T21:23:16+08:00,FJ-01,1481,3.5,2.8,59.2,0.25,221.2
2026-09-19T21:24:16+08:00,FJ-01,1480,3.6,2.7,58.5,0.25,221.2
2026-09-19T21:25:16+08:00,FJ-01,1482,3.6,2.7,58.2,0.24,222.5
2026-09-19T21:26:16+08:00,FJ-01,1482,3.5,2.8,58.9,0.25,220.3
2026-09-19T21:27:16+08:00,FJ-01,1482,3.6,2.7,58.8,0.25,219.2
2026-09-19T21:28:16+08:00,FJ-01,1480,3.6,2.8,58.7,0.25,222.5
2026-09-19T21:29:16+08:00,FJ-01,1480,3.6,2.7,58.7,0.26,221.4
2026-09-19T21:30:16+08:00,FJ-01,1481,3.5,2.8,57.9,0.25,221.8
2026-09-19T21:31:16+08:00,FJ-01,1481,3.6,2.7,58.7,0.25,221.0
2026-09-19T21:32:16+08:00,FJ-01,1481,3.7,2.8,58.4,0.25,219.1
2026-09-19T21:33:16+08:00,FJ-01,1481,3.5,2.8,58.7,0.25,219.6
2026-09-19T21:34:16+08:00,FJ-01,1480,3.6,2.7,58.5,0.25,220.6
2026-09-19T21:35:16+08:00,FJ-01,1481,3.6,2.8,58.3,0.25,221.8
2026-09-19T21:36:16+08:00,FJ-01,1480,3.6,2.7,58.6,0.24,219.7
2026-09-19T21:37:16+08:00,FJ-01,1480,3.6,2.8,58.0,0.25,222.2
2026-09-19T21:38:16+08:00,FJ-01,1480,3.5,2.8,58.7,0.25,221.5
2026-09-19T21:39:16+08:00,FJ-01,1481,3.6,2.8,58.6,0.24,220.0
2026-09-19T21:40:16+08:00,FJ-01,1480,3.7,2.8,58.8,0.25,220.3
2026-09-19T21:41:16+08:00,FJ-01,1482,3.6,2.7,57.9,0.26,221.4
2026-09-19T21:42:16+08:00,FJ-01,1480,3.6,2.8,58.9,0.25,220.4
2026-09-19T21:43:16+08:00,FJ-01,1481,3.5,2.8,58.3,0.24,220.7
2026-09-19T21:44:16+08:00,FJ-01,1481,3.7,2.8,59.0,0.24,219.8
2026-09-19T21:45:16+08:00,FJ-01,1481,3.5,2.7,58.4,0.25,220.9
2026-09-19T21:46:16+08:00,FJ-01,1481,3.7,2.8,58.8,0.25,220.3
2026-09-19T21:47:16+08:00,FJ-01,1481,3.6,2.8,58.5,0.25,220.6
2026-09-19T21:48:16+08:00,FJ-01,1481,3.6,2.7,58.3,0.24,220.3
2026-09-19T21:49:16+08:00,FJ-01,1481,3.6,2.7,58.6,0.25,219.9
2026-09-19T21:50:16+08:00,FJ-01,1481,3.6,2.8,58.8,0.25,221.0
2026-09-19T21:51:16+08:00,FJ-01,1481,3.6,2.8,58.6,0.24,221.2
2026-09-19T21:52:16+08:00,FJ-01,1481,3.5,2.8,58.3,0.25,220.7
2026-09-19T21:53:16+08:00,FJ-01,1481,3.6,2.9,58.6,0.25,220.1
2026-09-19T21:54:16+08:00,FJ-01,1480,3.5,2.8,58.1,0.25,219.8
2026-09-19T21:55:16+08:00,FJ-01,1482,3.7,2.8,59.1,0.25,221.5
2026-09-19T21:56:16+08:00,FJ-01,1481,3.6,2.8,58.7,0.25,221.7
2026-09-19T21:57:16+08:00,FJ-01,1481,3.7,2.8,58.4,0.25,220.9
2026-09-19T21:58:16+08:00,FJ-01,1480,3.6,2.8,59.1,0.25,222.3
2026-09-19T21:59:16+08:00,FJ-01,1481,3.7,2.7,59.2,0.25,222.1
2026-09-19T22:00:16+08:00,FJ-01,1481,3.6,2.8,58.8,0.25,220.9
2026-09-19T22:01:16+08:00,FJ-01,1481,3.5,2.8,58.4,0.25,220.6
2026-09-19T22:02:16+08:00,FJ-01,1481,3.6,2.8,58.6,0.25,219.9
2026-09-19T22:03:16+08:00,FJ-01,1481,3.6,2.9,58.5,0.24,221.8
2026-09-19T22:04:16+08:00,FJ-01,1481,3.7,2.9,58.7,0.25,220.4
2026-09-19T22:05:16+08:00,FJ-01,1479,3.7,2.9,58.4,0.25,221.0
2026-09-19T22:06:16+08:00,FJ-01,1480,3.7,2.8,59.4,0.24,222.7
2026-09-19T22:07:16+08:00,FJ-01,1480,3.8,2.8,58.9,0.25,221.5
2026-09-19T22:08:16+08:00,FJ-01,1481,3.5,2.8,58.5,0.25,220.8
2026-09-19T22:09:16+08:00,FJ-01,1481,3.5,2.8,58.0,0.25,220.1
2026-09-19T22:10:16+08:00,FJ-01,1482,3.6,2.7,58.6,0.25,220.7
2026-09-19T22:11:16+08:00,FJ-01,1482,3.7,2.8,58.1,0.25,221.7
2026-09-19T22:12:16+08:00,FJ-01,1481,3.7,2.8,59.2,0.25,221.2
2026-09-19T22:13:16+08:00,FJ-01,1481,3.7,2.9,58.9,0.25,221.5
2026-09-19T22:14:16+08:00,FJ-01,1481,3.6,2.8,58.5,0.25,221.3
2026-09-19T22:15:16+08:00,FJ-01,1480,3.6,2.8,58.6,0.24,218.7
2026-09-19T22:16:16+08:00,FJ-01,1481,3.7,2.9,59.0,0.25,221.0
2026-09-19T22:17:16+08:00,FJ-01,1480,3.6,2.9,59.6,0.25,220.8
2026-09-19T22:18:16+08:00,FJ-01,1479,3.6,2.8,59.4,0.25,220.7
2026-09-19T22:19:16+08:00,FJ-01,1481,3.7,2.8,58.9,0.24,220.3
2026-09-19T22:20:16+08:00,FJ-01,1480,3.6,2.8,59.0,0.25,220.9
2026-09-19T22:21:16+08:00,FJ-01,1480,3.7,2.8,58.8,0.25,220.6
2026-09-19T22:22:16+08:00,FJ-01,1481,3.7,2.8,58.8,0.25,221.3
2026-09-19T22:23:16+08:00,FJ-01,1480,3.6,2.9,59.4,0.25,221.4
2026-09-19T22:24:16+08:00,FJ-01,1480,3.7,2.9,58.5,0.25,221.4
2026-09-19T22:25:16+08:00,FJ-01,1481,3.7,2.8,58.3,0.25,221.5
2026-09-19T22:26:16+08:00,FJ-01,1481,3.7,2.7,58.1,0.25,220.1
2026-09-19T22:27:16+08:00,FJ-01,1479,3.7,2.8,58.6,0.25,220.6
2026-09-19T22:28:16+08:00,FJ-01,1481,3.7,2.8,58.9,0.25,220.0
2026-09-19T22:29:16+08:00,FJ-01,1480,3.7,2.8,59.1,0.25,221.7
2026-09-19T22:30:16+08:00,FJ-01,1481,3.7,2.8,58.2,0.25,221.1
2026-09-19T22:31:16+08:00,FJ-01,1481,3.6,2.8,59.2,0.25,221.6
2026-09-19T22:32:16+08:00,FJ-01,1481,3.6,2.8,59.1,0.25,222.1
2026-09-19T22:33:16+08:00,FJ-01,1481,3.7,2.9,59.0,0.25,220.9
2026-09-19T22:34:16+08:00,FJ-01,1482,3.7,2.8,58.3,0.25,221.5
2026-09-19T22:35:16+08:00,FJ-01,1481,3.7,2.8,58.9,0.25,221.4
2026-09-19T22:36:16+08:00,FJ-01,1481,3.7,2.8,59.1,0.24,221.0
2026-09-19T22:37:16+08:00,FJ-01,1480,3.7,2.9,58.7,0.24,221.7
2026-09-19T22:38:16+08:00,FJ-01,1481,3.6,2.8,58.9,0.25,222.5
2026-09-19T22:39:16+08:00,FJ-01,1481,3.7,2.8,59.0,0.25,222.3
2026-09-19T22:40:16+08:00,FJ-01,1482,3.7,2.8,58.2,0.25,221.0
2026-09-19T22:41:16+08:00,FJ-01,1480,3.6,2.8,58.7,0.25,221.0
2026-09-19T22:42:16+08:00,FJ-01,1480,3.6,2.8,58.4,0.25,221.4
2026-09-19T22:43:16+08:00,FJ-01,1481,3.7,2.9,58.4,0.25,222.2
2026-09-19T22:44:16+08:00,FJ-01,1482,3.6,2.9,58.8,0.25,219.8
2026-09-19T22:45:16+08:00,FJ-01,1482,3.8,2.9,58.7,0.25,222.3
2026-09-19T22:46:16+08:00,FJ-01,1482,3.7,2.8,59.4,0.24,222.2
2026-09-19T22:47:16+08:00,FJ-01,1482,3.7,2.8,58.7,0.25,222.4
2026-09-19T22:48:16+08:00,FJ-01,1480,3.7,2.8,58.8,0.25,222.1
2026-09-19T22:49:16+08:00,FJ-01,1480,3.7,2.8,58.9,0.25,221.1
2026-09-19T22:50:16+08:00,FJ-01,1481,3.8,2.9,59.4,0.25,220.0
2026-09-19T22:51:16+08:00,FJ-01,1481,3.7,2.9,58.8,0.25,221.9
2026-09-19T22:52:16+08:00,FJ-01,1480,3.7,2.9,58.7,0.25,219.9
2026-09-19T22:53:16+08:00,FJ-01,1479,3.8,2.8,59.6,0.25,220.5
2026-09-19T22:54:16+08:00,FJ-01,1482,3.8,2.8,58.7,0.25,219.5
2026-09-19T22:55:16+08:00,FJ-01,1482,3.8,2.7,59.2,0.25,220.7
2026-09-19T22:56:16+08:00,FJ-01,1481,3.7,2.8,59.0,0.25,222.0
2026-09-19T22:57:16+08:00,FJ-01,1481,3.8,2.9,58.7,0.25,221.9
2026-09-19T22:58:16+08:00,FJ-01,1481,3.7,2.8,58.5,0.25,222.4
2026-09-19T22:59:16+08:00,FJ-01,1480,3.8,2.9,59.4,0.25,220.1
2026-09-19T23:00:16+08:00,FJ-01,1479,3.8,2.8,58.6,0.25,221.6
2026-09-19T23:01:16+08:00,FJ-01,1482,3.8,2.9,58.9,0.24,222.1
2026-09-19T23:02:16+08:00,FJ-01,1480,3.8,2.9,58.8,0.25,222.9
2026-09-19T23:03:16+08:00,FJ-01,1481,3.8,2.8,58.8,0.25,220.9
2026-09-19T23:04:16+08:00,FJ-01,1481,3.8,2.8,58.8,0.25,219.2
2026-09-19T23:05:16+08:00,FJ-01,1480,3.7,2.9,59.3,0.24,221.6
2026-09-19T23:06:16+08:00,FJ-01,1481,3.7,2.8,58.8,0.25,220.8
2026-09-19T23:07:16+08:00,FJ-01,1481,3.8,3.0,58.4,0.25,221.1
2026-09-19T23:08:16+08:00,FJ-01,1480,3.7,2.9,58.4,0.25,220.7
2026-09-19T23:09:16+08:00,FJ-01,1481,3.7,2.8,59.1,0.25,221.5
2026-09-19T23:10:16+08:00,FJ-01,1481,3.8,2.9,59.5,0.25,220.0
2026-09-19T23:11:16+08:00,FJ-01,1480,3.8,2.9,58.9,0.25,220.3
2026-09-19T23:12:16+08:00,FJ-01,1481,3.7,2.9,58.6,0.25,219.9
2026-09-19T23:13:16+08:00,FJ-01,1480,3.7,2.8,58.9,0.25,220.8
2026-09-19T23:14:16+08:00,FJ-01,1480,3.8,2.9,59.2,0.24,220.3
2026-09-19T23:15:16+08:00,FJ-01,1481,3.7,2.8,59.6,0.25,219.8
2026-09-19T23:16:16+08:00,FJ-01,1481,3.7,2.9,59.8,0.25,220.8
2026-09-19T23:17:16+08:00,FJ-01,1480,3.7,2.9,59.9,0.25,220.5
2026-09-19T23:18:16+08:00,FJ-01,1480,3.8,2.8,59.2,0.25,222.4
2026-09-19T23:19:16+08:00,FJ-01,1481,3.7,2.8,59.7,0.25,222.1
2026-09-19T23:20:16+08:00,FJ-01,1481,3.8,2.9,59.5,0.24,220.0
2026-09-19T23:21:16+08:00,FJ-01,1480,3.8,2.8,59.1,0.25,221.6
2026-09-19T23:22:16+08:00,FJ-01,1481,3.8,2.9,58.6,0.25,221.8
2026-09-19T23:23:16+08:00,FJ-01,1481,3.7,2.9,58.7,0.25,222.0
2026-09-19T23:24:16+08:00,FJ-01,1479,3.8,2.9,59.5,0.25,219.4
2026-09-19T23:25:16+08:00,FJ-01,1481,3.9,2.9,58.7,0.24,221.1
2026-09-19T23:26:16+08:00,FJ-01,1481,3.8,2.8,58.7,0.24,221.4
2026-09-19T23:27:16+08:00,FJ-01,1481,3.8,2.9,59.0,0.25,221.8
2026-09-19T23:28:16+08:00,FJ-01,1482,3.8,2.9,59.2,0.25,220.0
2026-09-19T23:29:16+08:00,FJ-01,1480,3.8,3.0,59.6,0.24,220.6
2026-09-19T23:30:16+08:00,FJ-01,1481,3.8,2.8,59.3,0.25,220.0
2026-09-19T23:31:16+08:00,FJ-01,1479,3.8,2.9,59.1,0.25,221.1
2026-09-19T23:32:16+08:00,FJ-01,1479,3.8,2.9,58.7,0.25,222.1
2026-09-19T23:33:16+08:00,FJ-01,1482,3.9,2.8,58.8,0.25,221.3
2026-09-19T23:34:16+08:00,FJ-01,1480,3.8,2.9,58.5,0.25,221.4
2026-09-19T23:35:16+08:00,FJ-01,1479,3.8,2.9,58.8,0.25,220.3
2026-09-19T23:36:16+08:00,FJ-01,1480,3.9,2.9,59.8,0.25,221.1
2026-09-19T23:37:16+08:00,FJ-01,1482,3.8,2.9,58.9,0.25,221.5
2026-09-19T23:38:16+08:00,FJ-01,1481,3.8,2.9,59.2,0.25,221.6
2026-09-19T23:39:16+08:00,FJ-01,1482,3.8,2.8,58.5,0.25,220.0
2026-09-19T23:40:16+08:00,FJ-01,1480,3.8,2.9,59.1,0.25,222.0
2026-09-19T23:41:16+08:00,FJ-01,1483,3.9,2.9,58.9,0.25,219.8
2026-09-19T23:42:16+08:00,FJ-01,1482,3.8,2.9,59.5,0.25,221.2
2026-09-19T23:43:16+08:00,FJ-01,1480,3.9,2.9,59.1,0.25,221.0
2026-09-19T23:44:16+08:00,FJ-01,1481,3.8,3.0,59.6,0.25,220.4
2026-09-19T23:45:16+08:00,FJ-01,1482,3.8,2.9,58.6,0.25,222.2
2026-09-19T23:46:16+08:00,FJ-01,1482,3.8,2.9,58.5,0.24,221.2
2026-09-19T23:47:16+08:00,FJ-01,1482,3.8,2.9,59.0,0.25,220.4
2026-09-19T23:48:16+08:00,FJ-01,1481,3.8,2.9,59.2,0.25,221.2
2026-09-19T23:49:16+08:00,FJ-01,1481,3.9,2.9,58.7,0.25,221.9
2026-09-19T23:50:16+08:00,FJ-01,1480,3.8,2.9,57.9,0.24,221.1
2026-09-19T23:51:16+08:00,FJ-01,1481,3.9,2.8,59.4,0.25,219.8
2026-09-19T23:52:16+08:00,FJ-01,1482,3.9,2.9,58.7,0.25,220.6
2026-09-19T23:53:16+08:00,FJ-01,1480,3.9,2.9,59.2,0.25,222.0
2026-09-19T23:54:16+08:00,FJ-01,1480,3.9,2.9,59.7,0.25,220.9
2026-09-19T23:55:16+08:00,FJ-01,1481,3.9,2.8,58.6,0.25,219.9
2026-09-19T23:56:16+08:00,FJ-01,1480,3.9,2.9,58.7,0.25,220.9
2026-09-19T23:57:16+08:00,FJ-01,1480,3.9,3.0,58.9,0.25,220.5
2026-09-19T23:58:16+08:00,FJ-01,1481,3.8,3.0,59.2,0.25,220.5
2026-09-19T23:59:16+08:00,FJ-01,1480,3.9,2.9,59.7,0.25,222.1
2026-09-20T00:00:16+08:00,FJ-01,1481,3.8,3.0,58.8,0.24,221.6
2026-09-20T00:01:16+08:00,FJ-01,1480,3.8,2.9,59.6,0.25,221.8
2026-09-20T00:02:16+08:00,FJ-01,1479,3.9,2.8,59.2,0.24,221.5
2026-09-20T00:03:16+08:00,FJ-01,1480,3.7,2.9,59.2,0.25,220.1
2026-09-20T00:04:16+08:00,FJ-01,1479,3.8,2.9,58.9,0.25,220.2
2026-09-20T00:05:16+08:00,FJ-01,1480,4.0,2.9,59.1,0.25,221.6
2026-09-20T00:06:16+08:00,FJ-01,1480,3.9,2.9,59.5,0.25,221.3
2026-09-20T00:07:16+08:00,FJ-01,1482,3.9,2.9,59.6,0.25,221.4
2026-09-20T00:08:16+08:00,FJ-01,1479,3.9,3.0,59.3,0.25,220.1
2026-09-20T00:09:16+08:00,FJ-01,1482,3.8,2.9,59.4,0.25,219.6
2026-09-20T00:10:16+08:00,FJ-01,1480,3.8,2.8,58.8,0.24,220.6
2026-09-20T00:11:16+08:00,FJ-01,1482,3.8,3.0,59.8,0.25,220.3
2026-09-20T00:12:16+08:00,FJ-01,1480,3.9,2.9,59.2,0.25,220.4
2026-09-20T00:13:16+08:00,FJ-01,1481,3.9,2.9,59.8,0.25,221.0
2026-09-20T00:14:16+08:00,FJ-01,1482,3.9,2.9,59.1,0.24,222.8
2026-09-20T00:15:16+08:00,FJ-01,1481,3.9,3.0,59.7,0.25,221.7
2026-09-20T00:16:16+08:00,FJ-01,1480,3.9,2.9,59.5,0.25,220.8
2026-09-20T00:17:16+08:00,FJ-01,1480,3.8,2.9,59.2,0.25,222.8
2026-09-20T00:18:16+08:00,FJ-01,1481,3.9,2.8,58.8,0.25,221.9
2026-09-20T00:19:16+08:00,FJ-01,1480,3.9,2.9,58.9,0.25,221.0
2026-09-20T00:20:16+08:00,FJ-01,1480,3.9,3.0,59.5,0.25,220.0
2026-09-20T00:21:16+08:00,FJ-01,1479,3.9,2.8,59.1,0.25,221.0
2026-09-20T00:22:16+08:00,FJ-01,1481,3.8,3.0,59.4,0.25,221.9
2026-09-20T00:23:16+08:00,FJ-01,1480,3.9,3.0,59.8,0.25,220.0
2026-09-20T00:24:16+08:00,FJ-01,1481,3.8,2.9,59.0,0.25,221.5
2026-09-20T00:25:16+08:00,FJ-01,1482,3.9,3.0,59.9,0.25,220.0
2026-09-20T00:26:16+08:00,FJ-01,1482,3.9,3.0,58.9,0.24,221.6
2026-09-20T00:27:16+08:00,FJ-01,1479,3.8,3.0,59.5,0.25,219.7
2026-09-20T00:28:16+08:00,FJ-01,1481,4.0,3.0,59.1,0.25,220.2
2026-09-20T00:29:16+08:00,FJ-01,1481,3.8,3.0,59.0,0.25,220.3
2026-09-20T00:30:16+08:00,FJ-01,1481,3.9,3.0,59.4,0.25,221.3
2026-09-20T00:31:16+08:00,FJ-01,1480,4.0,2.9,59.4,0.25,222.0
2026-09-20T00:32:16+08:00,FJ-01,1482,3.9,3.0,59.2,0.25,222.2
2026-09-20T00:33:16+08:00,FJ-01,1481,3.9,2.9,59.3,0.25,221.8
2026-09-20T00:34:16+08:00,FJ-01,1479,4.0,3.1,59.8,0.25,221.4
2026-09-20T00:35:16+08:00,FJ-01,1481,3.9,2.9,59.9,0.25,220.7
2026-09-20T00:36:16+08:00,FJ-01,1482,4.0,2.9,59.5,0.25,221.1
2026-09-20T00:37:16+08:00,FJ-01,1482,3.9,3.0,59.3,0.25,221.0
2026-09-20T00:38:16+08:00,FJ-01,1479,3.9,2.9,59.5,0.25,221.3
2026-09-20T00:39:16+08:00,FJ-01,1481,3.9,3.0,58.9,0.25,219.7
2026-09-20T00:40:16+08:00,FJ-01,1480,3.9,3.0,59.5,0.25,222.6
2026-09-20T00:41:16+08:00,FJ-01,1480,3.8,3.0,59.9,0.25,220.8
2026-09-20T00:42:16+08:00,FJ-01,1481,3.9,2.9,59.5,0.24,220.5
2026-09-20T00:43:16+08:00,FJ-01,1480,4.0,3.0,60.0,0.25,221.4
2026-09-20T00:44:16+08:00,FJ-01,1482,4.0,3.0,59.7,0.25,220.1
2026-09-20T00:45:16+08:00,FJ-01,1479,4.0,2.9,59.9,0.25,221.8
2026-09-20T00:46:16+08:00,FJ-01,1480,3.9,3.0,59.1,0.25,222.0
2026-09-20T00:47:16+08:00,FJ-01,1480,4.0,3.0,59.0,0.24,221.2
2026-09-20T00:48:16+08:00,FJ-01,1482,4.0,3.0,59.2,0.24,222.8
2026-09-20T00:49:16+08:00,FJ-01,1481,3.9,2.9,58.6,0.24,220.8
2026-09-20T00:50:16+08:00,FJ-01,1482,4.0,3.0,59.7,0.25,221.7
2026-09-20T00:51:16+08:00,FJ-01,1479,4.0,2.9,59.9,0.25,220.6
2026-09-20T00:52:16+08:00,FJ-01,1480,4.0,3.0,59.3,0.24,220.4
2026-09-20T00:53:16+08:00,FJ-01,1481,4.1,3.0,59.9,0.25,220.9
2026-09-20T00:54:16+08:00,FJ-01,1481,3.9,3.0,59.4,0.25,220.9
2026-09-20T00:55:16+08:00,FJ-01,1480,4.0,2.9,59.7,0.25,222.3
2026-09-20T00:56:16+08:00,FJ-01,1480,4.0,3.0,59.8,0.25,221.1
2026-09-20T00:57:16+08:00,FJ-01,1481,4.0,3.0,59.4,0.25,220.8
2026-09-20T00:58:16+08:00,FJ-01,1481,3.9,3.0,58.9,0.25,222.0
2026-09-20T00:59:16+08:00,FJ-01,1481,3.9,3.0,59.9,0.25,220.8
2026-09-20T01:00:16+08:00,FJ-01,1480,3.9,3.0,59.3,0.25,222.2
2026-09-20T01:01:16+08:00,FJ-01,1482,3.9,3.0,59.4,0.25,220.7
2026-09-20T01:02:16+08:00,FJ-01,1480,4.0,3.0,59.9,0.25,222.7
2026-09-20T01:03:16+08:00,FJ-01,1481,3.9,2.9,59.5,0.25,220.8
2026-09-20T01:04:16+08:00,FJ-01,1481,4.0,3.0,58.9,0.25,221.2
2026-09-20T01:05:16+08:00,FJ-01,1481,4.1,2.9,59.7,0.25,220.7
2026-09-20T01:06:16+08:00,FJ-01,1480,4.0,3.0,59.3,0.25,222.3
2026-09-20T01:07:16+08:00,FJ-01,1480,4.0,3.0,58.8,0.25,221.3
2026-09-20T01:08:16+08:00,FJ-01,1482,4.0,2.9,59.7,0.25,220.9
2026-09-20T01:09:16+08:00,FJ-01,1481,4.0,3.0,60.2,0.26,220.3
2026-09-20T01:10:16+08:00,FJ-01,1481,4.0,3.0,59.7,0.25,221.2
2026-09-20T01:11:16+08:00,FJ-01,1481,4.0,3.1,59.7,0.25,221.7
2026-09-20T01:12:16+08:00,FJ-01,1481,4.0,3.0,59.9,0.25,221.8
2026-09-20T01:13:16+08:00,FJ-01,1480,4.0,3.1,59.3,0.25,222.5
2026-09-20T01:14:16+08:00,FJ-01,1480,4.0,3.1,59.6,0.25,221.8
2026-09-20T01:15:16+08:00,FJ-01,1481,3.9,3.0,58.7,0.25,221.2
2026-09-20T01:16:16+08:00,FJ-01,1481,4.0,3.0,59.3,0.25,221.2
2026-09-20T01:17:16+08:00,FJ-01,1481,4.0,3.0,59.3,0.25,221.5
2026-09-20T01:18:16+08:00,FJ-01,1481,4.0,3.0,59.1,0.24,221.8
2026-09-20T01:19:16+08:00,FJ-01,1481,4.0,3.0,59.6,0.25,221.2
2026-09-20T01:20:16+08:00,FJ-01,1480,4.0,3.0,58.9,0.25,221.9
2026-09-20T01:21:16+08:00,FJ-01,1482,3.9,2.9,60.2,0.25,220.0
2026-09-20T01:22:16+08:00,FJ-01,1480,3.9,3.1,60.5,0.25,221.0
2026-09-20T01:23:16+08:00,FJ-01,1481,4.1,3.0,60.2,0.26,221.8
2026-09-20T01:24:16+08:00,FJ-01,1480,3.9,3.0,59.7,0.25,221.1
2026-09-20T01:25:16+08:00,FJ-01,1480,4.0,3.0,58.8,0.25,222.0
2026-09-20T01:26:16+08:00,FJ-01,1482,4.0,3.0,59.5,0.25,222.5
2026-09-20T01:27:16+08:00,FJ-01,1481,4.0,2.9,59.5,0.25,220.8
2026-09-20T01:28:16+08:00,FJ-01,1481,4.1,3.0,59.6,0.26,221.8
2026-09-20T01:29:16+08:00,FJ-01,1481,4.0,3.0,59.7,0.25,221.4
2026-09-20T01:30:16+08:00,FJ-01,1481,4.0,3.0,58.8,0.25,221.3
2026-09-20T01:31:16+08:00,FJ-01,1481,4.0,3.0,60.0,0.25,221.5
2026-09-20T01:32:16+08:00,FJ-01,1481,4.1,3.0,59.6,0.25,220.7
2026-09-20T01:33:16+08:00,FJ-01,1481,4.0,3.1,59.0,0.25,221.6
2026-09-20T01:34:16+08:00,FJ-01,1480,4.0,3.1,58.9,0.25,220.6
2026-09-20T01:35:16+08:00,FJ-01,1481,4.0,3.1,60.3,0.25,222.5
2026-09-20T01:36:16+08:00,FJ-01,1481,4.0,3.1,59.8,0.24,221.5
2026-09-20T01:37:16+08:00,FJ-01,1480,4.0,2.9,59.8,0.24,220.8
2026-09-20T01:38:16+08:00,FJ-01,1481,4.1,3.0,59.6,0.25,220.5
2026-09-20T01:39:16+08:00,FJ-01,1481,4.1,3.0,58.8,0.25,222.5
2026-09-20T01:40:16+08:00,FJ-01,1481,4.1,3.0,59.5,0.25,219.6
2026-09-20T01:41:16+08:00,FJ-01,1480,4.1,3.0,59.2,0.25,222.6
2026-09-20T01:42:16+08:00,FJ-01,1480,4.1,3.0,60.3,0.25,222.6
2026-09-20T01:43:16+08:00,FJ-01,1481,4.0,3.0,59.4,0.25,220.0
2026-09-20T01:44:16+08:00,FJ-01,1480,4.0,2.9,59.6,0.24,221.9
2026-09-20T01:45:16+08:00,FJ-01,1482,4.1,3.0,60.1,0.25,221.6
2026-09-20T01:46:16+08:00,FJ-01,1482,4.0,3.1,59.8,0.25,221.5
2026-09-20T01:47:16+08:00,FJ-01,1480,4.1,3.0,60.6,0.26,220.4
2026-09-20T01:48:16+08:00,FJ-01,1481,4.0,3.0,59.7,0.25,221.0
2026-09-20T01:49:16+08:00,FJ-01,1480,4.1,3.1,60.0,0.25,221.4
2026-09-20T01:50:16+08:00,FJ-01,1480,4.1,2.9,59.5,0.25,220.4
2026-09-20T01:51:16+08:00,FJ-01,1481,4.1,3.0,59.6,0.25,222.1
2026-09-20T01:52:16+08:00,FJ-01,1480,4.1,3.0,59.7,0.25,221.2
2026-09-20T01:53:16+08:00,FJ-01,1481,4.0,3.0,58.8,0.25,221.3
2026-09-20T01:54:16+08:00,FJ-01,1480,4.0,3.0,59.6,0.25,221.8
2026-09-20T01:55:16+08:00,FJ-01,1480,4.1,3.0,59.4,0.25,221.1
2026-09-20T01:56:16+08:00,FJ-01,1481,4.2,3.1,59.7,0.25,221.1
2026-09-20T01:57:16+08:00,FJ-01,1481,4.1,3.0,59.6,0.25,222.3
2026-09-20T01:58:16+08:00,FJ-01,1481,4.1,3.0,59.4,0.25,222.0
2026-09-20T01:59:16+08:00,FJ-01,1480,4.0,3.0,60.0,0.25,221.5
2026-09-20T02:00:16+08:00,FJ-01,1482,4.2,3.0,59.8,0.25,221.3
2026-09-20T02:01:16+08:00,FJ-01,1480,4.1,3.0,59.6,0.25,222.0
2026-09-20T02:02:16+08:00,FJ-01,1481,4.1,3.1,59.9,0.25,220.6
2026-09-20T02:03:16+08:00,FJ-01,1480,4.1,3.1,60.1,0.25,222.2
2026-09-20T02:04:16+08:00,FJ-01,1483,4.0,3.1,60.2,0.25,221.0
2026-09-20T02:05:16+08:00,FJ-01,1480,4.1,3.1,59.3,0.24,220.5
2026-09-20T02:06:16+08:00,FJ-01,1481,4.2,3.1,59.2,0.24,221.4
2026-09-20T02:07:16+08:00,FJ-01,1481,4.1,3.1,59.9,0.25,221.2
2026-09-20T02:08:16+08:00,FJ-01,1482,4.1,3.0,60.1,0.25,219.3
2026-09-20T02:09:16+08:00,FJ-01,1481,4.1,3.1,59.5,0.25,222.2
2026-09-20T02:10:16+08:00,FJ-01,1481,4.2,3.0,59.7,0.25,220.6
2026-09-20T02:11:16+08:00,FJ-01,1481,4.1,3.1,60.1,0.25,222.7
2026-09-20T02:12:16+08:00,FJ-01,1481,4.0,3.0,59.7,0.25,220.9
2026-09-20T02:13:16+08:00,FJ-01,1481,4.1,3.0,60.0,0.25,220.9
2026-09-20T02:14:16+08:00,FJ-01,1482,4.2,3.1,60.4,0.25,220.1
2026-09-20T02:15:16+08:00,FJ-01,1481,4.1,3.0,59.9,0.25,221.5
2026-09-20T02:16:16+08:00,FJ-01,1482,4.1,3.0,59.2,0.25,219.7
2026-09-20T02:17:16+08:00,FJ-01,1482,4.2,3.0,59.7,0.25,220.9
2026-09-20T02:18:16+08:00,FJ-01,1481,4.1,3.1,59.3,0.25,222.2
2026-09-20T02:19:16+08:00,FJ-01,1480,4.2,3.1,59.7,0.25,222.6
2026-09-20T02:20:16+08:00,FJ-01,1481,4.2,3.0,59.7,0.25,220.9
2026-09-20T02:21:16+08:00,FJ-01,1481,4.1,3.1,59.6,0.25,221.7
2026-09-20T02:22:16+08:00,FJ-01,1480,4.1,3.0,59.8,0.25,221.1
2026-09-20T02:23:16+08:00,FJ-01,1480,4.1,3.0,60.2,0.25,220.9
2026-09-20T02:24:16+08:00,FJ-01,1481,4.2,3.1,59.3,0.25,221.0
2026-09-20T02:25:16+08:00,FJ-01,1481,4.2,3.1,59.5,0.25,221.7
2026-09-20T02:26:16+08:00,FJ-01,1480,4.2,3.0,59.6,0.25,221.0
2026-09-20T02:27:16+08:00,FJ-01,1482,4.2,3.1,59.5,0.25,221.8
2026-09-20T02:28:16+08:00,FJ-01,1481,4.0,3.1,60.1,0.25,220.3
2026-09-20T02:29:16+08:00,FJ-01,1481,4.2,3.0,58.9,0.24,221.4
2026-09-20T02:30:16+08:00,FJ-01,1482,4.2,3.1,60.3,0.25,222.2
2026-09-20T02:31:16+08:00,FJ-01,1481,4.1,3.1,60.6,0.25,221.1
2026-09-20T02:32:16+08:00,FJ-01,1481,4.2,3.0,59.6,0.25,220.6
2026-09-20T02:33:16+08:00,FJ-01,1479,4.2,3.0,60.6,0.25,222.0
2026-09-20T02:34:16+08:00,FJ-01,1482,4.1,3.1,59.5,0.25,221.5
2026-09-20T02:35:16+08:00,FJ-01,1480,4.1,3.1,60.2,0.25,222.9
2026-09-20T02:36:16+08:00,FJ-01,1480,4.1,3.1,59.6,0.25,220.7
2026-09-20T02:37:16+08:00,FJ-01,1481,4.2,3.0,59.7,0.25,221.0
2026-09-20T02:38:16+08:00,FJ-01,1481,4.1,3.2,60.4,0.25,219.7
2026-09-20T02:39:16+08:00,FJ-01,1482,4.2,3.1,60.3,0.25,220.6
2026-09-20T02:40:16+08:00,FJ-01,1482,4.2,3.1,59.7,0.25,222.0
2026-09-20T02:41:16+08:00,FJ-01,1481,4.2,3.1,59.5,0.25,220.8
2026-09-20T02:42:16+08:00,FJ-01,1481,4.1,3.1,60.1,0.25,222.2
2026-09-20T02:43:16+08:00,FJ-01,1479,4.1,3.0,59.4,0.25,220.6
2026-09-20T02:44:16+08:00,FJ-01,1481,4.1,3.1,60.3,0.25,222.4
2026-09-20T02:45:16+08:00,FJ-01,1481,4.2,3.1,60.0,0.25,221.0
2026-09-20T02:46:16+08:00,FJ-01,1482,4.1,3.0,60.2,0.26,220.9
2026-09-20T02:47:16+08:00,FJ-01,1481,4.2,3.1,60.0,0.25,221.2
2026-09-20T02:48:16+08:00,FJ-01,1481,4.2,3.1,59.7,0.25,222.0
2026-09-20T02:49:16+08:00,FJ-01,1482,4.2,3.1,60.4,0.25,222.0
2026-09-20T02:50:16+08:00,FJ-01,1481,4.2,3.1,59.9,0.25,220.6
2026-09-20T02:51:16+08:00,FJ-01,1480,4.2,3.1,59.9,0.25,222.3
2026-09-20T02:52:16+08:00,FJ-01,1481,4.2,3.1,59.7,0.24,220.8
2026-09-20T02:53:16+08:00,FJ-01,1480,4.2,3.0,60.6,0.25,221.8
2026-09-20T02:54:16+08:00,FJ-01,1480,4.3,3.1,60.0,0.24,223.2
2026-09-20T02:55:16+08:00,FJ-01,1480,4.2,3.1,60.3,0.24,221.5
2026-09-20T02:56:16+08:00,FJ-01,1481,4.2,3.1,59.5,0.25,220.0
2026-09-20T02:57:16+08:00,FJ-01,1481,4.1,3.1,60.1,0.25,221.2
2026-09-20T02:58:16+08:00,FJ-01,1481,4.2,3.1,59.9,0.25,220.3
2026-09-20T02:59:16+08:00,FJ-01,1480,4.2,3.1,59.4,0.24,220.7
2026-09-20T03:00:16+08:00,FJ-01,1481,4.2,3.1,59.5,0.25,220.6
2026-09-20T03:01:16+08:00,FJ-01,1481,4.2,3.1,59.2,0.25,221.4
2026-09-20T03:02:16+08:00,FJ-01,1480,4.3,3.1,59.7,0.24,222.5
2026-09-20T03:03:16+08:00,FJ-01,1481,4.2,3.2,60.0,0.25,222.5
2026-09-20T03:04:16+08:00,FJ-01,1482,4.2,3.2,60.2,0.25,221.5
2026-09-20T03:05:16+08:00,FJ-01,1481,4.2,3.2,60.2,0.25,220.1
2026-09-20T03:06:16+08:00,FJ-01,1481,4.3,3.1,60.2,0.25,220.9
2026-09-20T03:07:16+08:00,FJ-01,1481,4.3,3.1,59.9,0.25,219.6
2026-09-20T03:08:16+08:00,FJ-01,1481,4.3,3.2,59.4,0.25,221.9
2026-09-20T03:09:16+08:00,FJ-01,1480,4.3,3.2,59.7,0.25,221.5
2026-09-20T03:10:16+08:00,FJ-01,1480,4.3,3.1,59.6,0.25,221.0
2026-09-20T03:11:16+08:00,FJ-01,1481,4.2,3.1,58.9,0.25,222.1
2026-09-20T03:12:16+08:00,FJ-01,1481,4.2,3.1,59.6,0.25,220.2
2026-09-20T03:13:16+08:00,FJ-01,1481,4.2,3.0,59.8,0.24,219.9
2026-09-20T03:14:16+08:00,FJ-01,1481,4.2,3.1,59.1,0.25,220.4
2026-09-20T03:15:16+08:00,FJ-01,1479,4.2,3.2,60.0,0.25,221.5
2026-09-20T03:16:16+08:00,FJ-01,1481,4.2,3.1,60.4,0.25,222.1
2026-09-20T03:17:16+08:00,FJ-01,1479,4.2,3.1,60.2,0.25,221.8
2026-09-20T03:18:16+08:00,FJ-01,1480,4.2,3.1,59.9,0.25,221.3
2026-09-20T03:19:16+08:00,FJ-01,1481,4.2,3.1,59.9,0.25,220.4
2026-09-20T03:20:16+08:00,FJ-01,1480,4.2,3.2,60.1,0.25,221.4
2026-09-20T03:21:16+08:00,FJ-01,1480,4.3,3.1,59.8,0.25,220.9
2026-09-20T03:22:16+08:00,FJ-01,1480,4.3,3.1,59.7,0.25,221.4
2026-09-20T03:23:16+08:00,FJ-01,1481,4.3,3.1,60.0,0.25,222.6
2026-09-20T03:24:16+08:00,FJ-01,1480,4.3,3.2,60.1,0.25,221.3
2026-09-20T03:25:16+08:00,FJ-01,1481,4.2,3.0,60.2,0.24,220.2
2026-09-20T03:26:16+08:00,FJ-01,1481,4.3,3.1,59.4,0.25,221.3
2026-09-20T03:27:16+08:00,FJ-01,1481,4.3,3.1,59.9,0.25,220.8
2026-09-20T03:28:16+08:00,FJ-01,1481,4.3,3.1,60.0,0.25,220.6
2026-09-20T03:29:16+08:00,FJ-01,1481,4.3,3.1,60.0,0.25,222.4
2026-09-20T03:30:16+08:00,FJ-01,1482,4.3,3.1,60.2,0.25,221.7
2026-09-20T03:31:16+08:00,FJ-01,1481,4.3,3.1,59.6,0.25,220.8
2026-09-20T03:32:16+08:00,FJ-01,1482,4.3,3.0,60.0,0.25,220.7
2026-09-20T03:33:16+08:00,FJ-01,1480,4.3,3.2,60.1,0.25,221.5
2026-09-20T03:34:16+08:00,FJ-01,1481,4.3,3.2,60.2,0.25,221.3
2026-09-20T03:35:16+08:00,FJ-01,1480,4.2,3.1,59.9,0.25,221.8
2026-09-20T03:36:16+08:00,FJ-01,1480,4.3,3.2,59.7,0.25,222.5
2026-09-20T03:37:16+08:00,FJ-01,1480,4.3,3.2,60.7,0.25,221.2
2026-09-20T03:38:16+08:00,FJ-01,1481,4.2,3.1,60.2,0.25,221.6
2026-09-20T03:39:16+08:00,FJ-01,1480,4.3,3.1,60.5,0.24,220.9
2026-09-20T03:40:16+08:00,FJ-01,1481,4.4,3.1,60.7,0.25,222.1
2026-09-20T03:41:16+08:00,FJ-01,1480,4.3,3.2,60.6,0.25,222.0
2026-09-20T03:42:16+08:00,FJ-01,1482,4.3,3.1,60.3,0.25,222.5
2026-09-20T03:43:16+08:00,FJ-01,1480,4.2,3.2,60.1,0.25,222.3
2026-09-20T03:44:16+08:00,FJ-01,1481,4.2,3.1,60.0,0.25,220.0
2026-09-20T03:45:16+08:00,FJ-01,1481,4.3,3.0,60.5,0.25,220.1
2026-09-20T03:46:16+08:00,FJ-01,1481,4.3,3.1,59.1,0.25,221.3
2026-09-20T03:47:16+08:00,FJ-01,1480,4.4,3.1,60.3,0.25,220.3
2026-09-20T03:48:16+08:00,FJ-01,1480,4.3,3.2,60.4,0.25,222.2
2026-09-20T03:49:16+08:00,FJ-01,1481,4.3,3.2,60.3,0.24,220.8
2026-09-20T03:50:16+08:00,FJ-01,1481,4.3,3.1,60.7,0.25,221.4
2026-09-20T03:51:16+08:00,FJ-01,1482,4.3,3.2,60.4,0.25,221.7
2026-09-20T03:52:16+08:00,FJ-01,1481,4.3,3.2,60.0,0.25,221.6
2026-09-20T03:53:16+08:00,FJ-01,1480,4.3,3.2,60.0,0.25,221.5
2026-09-20T03:54:16+08:00,FJ-01,1481,4.3,3.1,60.0,0.25,221.8
2026-09-20T03:55:16+08:00,FJ-01,1480,4.4,3.2,60.6,0.25,222.7
2026-09-20T03:56:16+08:00,FJ-01,1481,4.3,3.1,59.9,0.25,220.9
2026-09-20T03:57:16+08:00,FJ-01,1481,4.3,3.1,60.0,0.25,220.5
2026-09-20T03:58:16+08:00,FJ-01,1481,4.2,3.1,59.6,0.25,220.7
2026-09-20T03:59:16+08:00,FJ-01,1481,4.3,3.2,60.6,0.24,221.7
2026-09-20T04:00:16+08:00,FJ-01,1483,4.3,3.2,59.6,0.24,221.8
2026-09-20T04:01:16+08:00,FJ-01,1481,4.3,3.2,60.8,0.25,222.6
2026-09-20T04:02:16+08:00,FJ-01,1480,4.4,3.2,59.9,0.25,222.5
2026-09-20T04:03:16+08:00,FJ-01,1480,4.4,3.1,60.6,0.25,221.4
2026-09-20T04:04:16+08:00,FJ-01,1481,4.4,3.2,59.9,0.25,220.0
2026-09-20T04:05:16+08:00,FJ-01,1482,4.4,3.1,59.6,0.25,222.2
2026-09-20T04:06:16+08:00,FJ-01,1481,4.5,3.1,59.6,0.25,220.6
2026-09-20T04:07:16+08:00,FJ-01,1480,4.3,3.1,59.8,0.25,223.3
2026-09-20T04:08:16+08:00,FJ-01,1480,4.2,3.0,59.8,0.25,220.7
2026-09-20T04:09:16+08:00,FJ-01,1481,4.4,3.2,60.0,0.25,220.4
2026-09-20T04:10:16+08:00,FJ-01,1481,4.3,3.2,60.6,0.25,222.6
2026-09-20T04:11:16+08:00,FJ-01,1482,4.4,3.1,60.4,0.25,221.1
2026-09-20T04:12:16+08:00,FJ-01,1480,4.2,3.2,60.1,0.25,221.4
2026-09-20T04:13:16+08:00,FJ-01,1481,4.3,3.1,60.1,0.25,220.4
2026-09-20T04:14:16+08:00,FJ-01,1480,4.2,3.2,60.3,0.25,222.4
2026-09-20T04:15:16+08:00,FJ-01,1480,4.4,3.2,60.2,0.25,221.7
2026-09-20T04:16:16+08:00,FJ-01,1481,4.3,3.1,59.9,0.25,221.0
2026-09-20T04:17:16+08:00,FJ-01,1480,4.4,3.2,61.1,0.25,222.0
2026-09-20T04:18:16+08:00,FJ-01,1481,4.3,3.2,60.0,0.25,222.5
2026-09-20T04:19:16+08:00,FJ-01,1483,4.4,3.2,60.1,0.25,221.8
2026-09-20T04:20:16+08:00,FJ-01,1481,4.4,3.2,60.6,0.25,221.3
2026-09-20T04:21:16+08:00,FJ-01,1482,4.4,3.2,60.9,0.25,220.7
2026-09-20T04:22:16+08:00,FJ-01,1480,4.3,3.2,60.8,0.25,222.0
2026-09-20T04:23:16+08:00,FJ-01,1479,4.3,3.2,60.1,0.25,222.0
2026-09-20T04:24:16+08:00,FJ-01,1481,4.4,3.2,60.1,0.24,221.3
2026-09-20T04:25:16+08:00,FJ-01,1481,4.4,3.1,59.6,0.25,220.9
2026-09-20T04:26:16+08:00,FJ-01,1481,4.4,3.1,60.6,0.25,221.2
2026-09-20T04:27:16+08:00,FJ-01,1480,4.3,3.1,60.1,0.25,221.9
2026-09-20T04:28:16+08:00,FJ-01,1481,4.4,3.2,59.4,0.25,222.2
2026-09-20T04:29:16+08:00,FJ-01,1481,4.4,3.1,60.3,0.25,221.6
2026-09-20T04:30:16+08:00,FJ-01,1480,4.4,3.2,60.6,0.25,221.1
2026-09-20T04:31:16+08:00,FJ-01,1481,4.4,3.2,60.5,0.25,220.7
2026-09-20T04:32:16+08:00,FJ-01,1482,4.4,3.2,60.6,0.25,221.9
2026-09-20T04:33:16+08:00,FJ-01,1480,4.4,3.2,60.7,0.25,221.2
2026-09-20T04:34:16+08:00,FJ-01,1480,4.3,3.2,60.4,0.25,221.8
2026-09-20T04:35:16+08:00,FJ-01,1481,4.5,3.2,60.5,0.25,221.2
2026-09-20T04:36:16+08:00,FJ-01,1479,4.3,3.2,60.3,0.25,220.9
2026-09-20T04:37:16+08:00,FJ-01,1482,4.4,3.2,60.0,0.24,221.8
2026-09-20T04:38:16+08:00,FJ-01,1481,4.4,3.2,59.7,0.25,221.8
2026-09-20T04:39:16+08:00,FJ-01,1481,4.4,3.3,61.1,0.25,221.2
2026-09-20T04:40:16+08:00,FJ-01,1481,4.5,3.2,61.1,0.25,220.8
2026-09-20T04:41:16+08:00,FJ-01,1481,4.4,3.1,60.5,0.25,221.3
2026-09-20T04:42:16+08:00,FJ-01,1480,4.4,3.2,60.8,0.24,221.7
2026-09-20T04:43:16+08:00,FJ-01,1482,4.4,3.2,59.8,0.25,220.5
2026-09-20T04:44:16+08:00,FJ-01,1480,4.4,3.4,60.5,0.25,220.6
2026-09-20T04:45:16+08:00,FJ-01,1480,4.5,3.3,60.4,0.24,222.5
2026-09-20T04:46:16+08:00,FJ-01,1481,4.4,3.2,60.6,0.25,221.8
2026-09-20T04:47:16+08:00,FJ-01,1481,4.4,3.3,60.3,0.25,220.8
2026-09-20T04:48:16+08:00,FJ-01,1481,4.5,3.2,60.5,0.25,220.6
2026-09-20T04:49:16+08:00,FJ-01,1481,4.3,3.2,60.3,0.25,221.6
2026-09-20T04:50:16+08:00,FJ-01,1480,4.4,3.2,60.8,0.24,221.5
2026-09-20T04:51:16+08:00,FJ-01,1482,4.4,3.4,60.2,0.25,221.6
2026-09-20T04:52:16+08:00,FJ-01,1480,4.4,3.2,60.0,0.25,221.6
2026-09-20T04:53:16+08:00,FJ-01,1480,4.4,3.2,60.3,0.25,220.9
2026-09-20T04:54:16+08:00,FJ-01,1482,4.4,3.2,60.6,0.24,221.4
2026-09-20T04:55:16+08:00,FJ-01,1480,4.4,3.3,60.8,0.25,221.1
2026-09-20T04:56:16+08:00,FJ-01,1481,4.5,3.2,60.0,0.25,221.4
2026-09-20T04:57:16+08:00,FJ-01,1480,4.5,3.2,60.3,0.25,222.8
2026-09-20T04:58:16+08:00,FJ-01,1483,4.4,3.2,60.9,0.25,220.8
2026-09-20T04:59:16+08:00,FJ-01,1481,4.5,3.2,60.8,0.25,223.1
2026-09-20T05:00:16+08:00,FJ-01,1483,4.5,3.4,61.3,0.25,221.5
2026-09-20T05:01:16+08:00,FJ-01,1480,4.4,3.2,59.7,0.25,221.6
2026-09-20T05:02:16+08:00,FJ-01,1480,4.4,3.3,61.0,0.25,220.9
2026-09-20T05:03:16+08:00,FJ-01,1481,4.4,3.2,60.0,0.25,222.2
2026-09-20T05:04:16+08:00,FJ-01,1481,4.4,3.2,60.4,0.25,223.2
2026-09-20T05:05:16+08:00,FJ-01,1482,4.5,3.2,59.8,0.25,221.0
2026-09-20T05:06:16+08:00,FJ-01,1483,4.5,3.2,59.9,0.25,222.0
2026-09-20T05:07:16+08:00,FJ-01,1481,4.5,3.3,59.7,0.26,221.5
2026-09-20T05:08:16+08:00,FJ-01,1481,4.4,3.3,61.0,0.25,221.4
2026-09-20T05:09:16+08:00,FJ-01,1481,4.5,3.3,60.4,0.25,221.2
2026-09-20T05:10:16+08:00,FJ-01,1480,4.4,3.2,60.9,0.25,220.4
2026-09-20T05:11:16+08:00,FJ-01,1481,4.4,3.2,59.6,0.24,221.2
2026-09-20T05:12:16+08:00,FJ-01,1479,4.5,3.2,60.0,0.25,220.8
2026-09-20T05:13:16+08:00,FJ-01,1479,4.4,3.3,60.7,0.24,221.8
2026-09-20T05:14:16+08:00,FJ-01,1481,4.5,3.3,60.6,0.25,221.2
2026-09-20T05:15:16+08:00,FJ-01,1482,4.5,3.2,60.6,0.25,221.3
2026-09-20T05:16:16+08:00,FJ-01,1481,4.5,3.2,60.4,0.25,221.0
2026-09-20T05:17:16+08:00,FJ-01,1480,4.4,3.3,60.4,0.25,221.4
2026-09-20T05:18:16+08:00,FJ-01,1481,4.4,3.2,60.2,0.25,220.8
2026-09-20T05:19:16+08:00,FJ-01,1482,4.5,3.2,60.1,0.24,221.7
2026-09-20T05:20:16+08:00,FJ-01,1480,4.4,3.2,61.0,0.24,221.2
2026-09-20T05:21:16+08:00,FJ-01,1481,4.5,3.2,60.2,0.25,220.9
2026-09-20T05:22:16+08:00,FJ-01,1482,4.5,3.3,60.9,0.25,223.0
2026-09-20T05:23:16+08:00,FJ-01,1481,4.5,3.2,61.0,0.24,221.4
2026-09-20T05:24:16+08:00,FJ-01,1482,4.4,3.3,60.3,0.25,221.9
2026-09-20T05:25:16+08:00,FJ-01,1481,4.5,3.2,60.3,0.25,220.4
2026-09-20T05:26:16+08:00,FJ-01,1481,4.5,3.3,60.2,0.25,220.5
2026-09-20T05:27:16+08:00,FJ-01,1481,4.5,3.3,59.8,0.25,222.1
2026-09-20T05:28:16+08:00,FJ-01,1480,4.6,3.3,60.8,0.25,222.5
2026-09-20T05:29:16+08:00,FJ-01,1482,4.5,3.2,60.4,0.26,220.6
2026-09-20T05:30:16+08:00,FJ-01,1480,4.6,3.3,60.7,0.25,222.1
2026-09-20T05:31:16+08:00,FJ-01,1480,4.4,3.3,60.9,0.25,221.1
2026-09-20T05:32:16+08:00,FJ-01,1481,4.5,3.3,60.9,0.25,221.7
2026-09-20T05:33:16+08:00,FJ-01,1482,4.5,3.2,60.2,0.25,221.7
2026-09-20T05:34:16+08:00,FJ-01,1481,4.5,3.2,59.9,0.25,223.3
2026-09-20T05:35:16+08:00,FJ-01,1479,4.5,3.3,60.6,0.25,221.7
2026-09-20T05:36:16+08:00,FJ-01,1481,4.6,3.2,60.8,0.25,221.1
2026-09-20T05:37:16+08:00,FJ-01,1481,4.4,3.3,60.9,0.25,221.7
2026-09-20T05:38:16+08:00,FJ-01,1479,4.5,3.2,60.7,0.24,223.7
2026-09-20T05:39:16+08:00,FJ-01,1482,4.5,3.2,60.7,0.25,222.2
2026-09-20T05:40:16+08:00,FJ-01,1480,4.5,3.3,60.5,0.25,221.4
2026-09-20T05:41:16+08:00,FJ-01,1481,4.6,3.2,61.2,0.25,221.1
2026-09-20T05:42:16+08:00,FJ-01,1481,4.6,3.3,60.2,0.25,220.4
2026-09-20T05:43:16+08:00,FJ-01,1482,4.5,3.3,60.3,0.25,220.2
2026-09-20T05:44:16+08:00,FJ-01,1481,4.5,3.2,60.4,0.25,222.1
2026-09-20T05:45:16+08:00,FJ-01,1481,4.7,3.3,60.0,0.25,220.7
2026-09-20T05:46:16+08:00,FJ-01,1480,4.6,3.2,61.3,0.25,221.8
2026-09-20T05:47:16+08:00,FJ-01,1480,4.4,3.3,60.6,0.25,220.9
2026-09-20T05:48:16+08:00,FJ-01,1481,4.5,3.3,61.1,0.25,222.2
2026-09-20T05:49:16+08:00,FJ-01,1481,4.5,3.3,59.9,0.25,221.3
2026-09-20T05:50:16+08:00,FJ-01,1481,4.6,3.3,60.5,0.25,222.0
2026-09-20T05:51:16+08:00,FJ-01,1481,4.5,3.2,60.1,0.25,221.7
2026-09-20T05:52:16+08:00,FJ-01,1482,4.6,3.3,60.3,0.25,220.4
2026-09-20T05:53:16+08:00,FJ-01,1481,4.5,3.2,60.5,0.25,222.1
2026-09-20T05:54:16+08:00,FJ-01,1482,4.5,3.3,59.6,0.25,221.4
2026-09-20T05:55:16+08:00,FJ-01,1481,4.5,3.3,60.3,0.25,221.5
2026-09-20T05:56:16+08:00,FJ-01,1481,4.5,3.3,60.4,0.25,221.6
2026-09-20T05:57:16+08:00,FJ-01,1481,4.6,3.3,60.9,0.25,221.0
2026-09-20T05:58:16+08:00,FJ-01,1479,4.5,3.3,60.8,0.25,221.4
2026-09-20T05:59:16+08:00,FJ-01,1480,4.5,3.3,60.8,0.25,221.6
2026-09-20T06:00:16+08:00,FJ-01,1482,4.6,3.2,60.9,0.25,221.7
2026-09-20T06:01:16+08:00,FJ-01,1482,4.5,3.2,60.8,0.25,221.6
2026-09-20T06:02:16+08:00,FJ-01,1480,4.5,3.2,60.2,0.25,222.2
2026-09-20T06:03:16+08:00,FJ-01,1481,4.5,3.2,60.9,0.25,222.5
2026-09-20T06:04:16+08:00,FJ-01,1482,4.5,3.3,60.4,0.25,221.2
2026-09-20T06:05:16+08:00,FJ-01,1482,4.7,3.3,60.9,0.25,221.0
2026-09-20T06:06:16+08:00,FJ-01,1481,4.6,3.3,61.2,0.25,220.9
2026-09-20T06:07:16+08:00,FJ-01,1481,4.6,3.3,61.1,0.25,222.0
2026-09-20T06:08:16+08:00,FJ-01,1481,4.7,3.3,60.6,0.25,221.4
2026-09-20T06:09:16+08:00,FJ-01,1481,4.6,3.3,60.7,0.25,220.8
2026-09-20T06:10:16+08:00,FJ-01,1481,4.6,3.3,60.7,0.25,222.2
2026-09-20T06:11:16+08:00,FJ-01,1481,4.6,3.3,61.4,0.25,221.1
2026-09-20T06:12:16+08:00,FJ-01,1481,4.7,3.2,60.6,0.25,221.9
2026-09-20T06:13:16+08:00,FJ-01,1481,4.5,3.3,60.8,0.24,221.9
2026-09-20T06:14:16+08:00,FJ-01,1481,4.6,3.3,60.6,0.25,221.9
2026-09-20T06:15:16+08:00,FJ-01,1481,4.6,3.4,60.7,0.25,221.4
2026-09-20T06:16:16+08:00,FJ-01,1481,4.6,3.3,60.1,0.25,221.4
2026-09-20T06:17:16+08:00,FJ-01,1481,4.6,3.2,60.2,0.25,221.1
2026-09-20T06:18:16+08:00,FJ-01,1482,4.7,3.3,60.7,0.25,221.7
2026-09-20T06:19:16+08:00,FJ-01,1480,4.6,3.3,61.5,0.25,220.9
2026-09-20T06:20:16+08:00,FJ-01,1480,4.6,3.3,60.5,0.25,221.4
2026-09-20T06:21:16+08:00,FJ-01,1481,4.7,3.4,60.7,0.25,221.4
2026-09-20T06:22:16+08:00,FJ-01,1480,4.5,3.3,60.4,0.25,221.9
2026-09-20T06:23:16+08:00,FJ-01,1481,4.6,3.3,60.9,0.25,222.0
2026-09-20T06:24:16+08:00,FJ-01,1481,4.7,3.3,60.6,0.25,220.7
2026-09-20T06:25:16+08:00,FJ-01,1480,4.6,3.4,61.6,0.25,221.8
2026-09-20T06:26:16+08:00,FJ-01,1481,4.7,3.3,61.2,0.25,220.5
2026-09-20T06:27:16+08:00,FJ-01,1481,4.6,3.3,60.9,0.25,221.7
2026-09-20T06:28:16+08:00,FJ-01,1481,4.7,3.3,60.2,0.25,222.4
2026-09-20T06:29:16+08:00,FJ-01,1481,4.6,3.3,60.4,0.25,220.8
2026-09-20T06:30:16+08:00,FJ-01,1482,4.6,3.3,60.7,0.25,221.3
2026-09-20T06:31:16+08:00,FJ-01,1481,4.5,3.3,60.0,0.25,221.7
2026-09-20T06:32:16+08:00,FJ-01,1480,4.7,3.3,60.9,0.25,221.3
2026-09-20T06:33:16+08:00,FJ-01,1481,4.6,3.3,60.7,0.24,221.9
2026-09-20T06:34:16+08:00,FJ-01,1481,4.6,3.4,61.1,0.25,221.6
2026-09-20T06:35:16+08:00,FJ-01,1480,4.7,3.3,60.3,0.25,220.8
2026-09-20T06:36:16+08:00,FJ-01,1481,4.6,3.3,60.5,0.25,221.6
2026-09-20T06:37:16+08:00,FJ-01,1481,4.6,3.3,60.9,0.25,221.6
2026-09-20T06:38:16+08:00,FJ-01,1482,4.7,3.3,60.4,0.25,222.0
2026-09-20T06:39:16+08:00,FJ-01,1480,4.6,3.3,61.0,0.25,221.0
2026-09-20T06:40:16+08:00,FJ-01,1480,4.7,3.2,60.6,0.25,220.5
2026-09-20T06:41:16+08:00,FJ-01,1481,4.6,3.2,60.3,0.25,220.6
2026-09-20T06:42:16+08:00,FJ-01,1481,4.7,3.3,61.2,0.25,222.0
2026-09-20T06:43:16+08:00,FJ-01,1482,4.6,3.2,60.7,0.25,221.9
2026-09-20T06:44:16+08:00,FJ-01,1481,4.5,3.3,60.6,0.25,221.4
2026-09-20T06:45:16+08:00,FJ-01,1481,4.7,3.3,60.5,0.25,220.0
2026-09-20T06:46:16+08:00,FJ-01,1480,4.7,3.3,61.6,0.25,223.1
2026-09-20T06:47:16+08:00,FJ-01,1481,4.7,3.3,61.7,0.25,221.3
2026-09-20T06:48:16+08:00,FJ-01,1481,4.7,3.2,61.1,0.25,221.2
2026-09-20T06:49:16+08:00,FJ-01,1480,4.7,3.3,61.0,0.25,222.1
2026-09-20T06:50:16+08:00,FJ-01,1481,4.7,3.4,60.8,0.25,221.9
2026-09-20T06:51:16+08:00,FJ-01,1481,4.6,3.3,60.8,0.25,220.3
2026-09-20T06:52:16+08:00,FJ-01,1481,4.7,3.4,60.6,0.25,221.8
2026-09-20T06:53:16+08:00,FJ-01,1481,4.7,3.3,60.6,0.25,222.2
2026-09-20T06:54:16+08:00,FJ-01,1480,4.7,3.4,61.3,0.25,222.9
2026-09-20T06:55:16+08:00,FJ-01,1480,4.6,3.4,60.4,0.25,222.0
2026-09-20T06:56:16+08:00,FJ-01,1482,4.7,3.3,61.1,0.25,222.3
2026-09-20T06:57:16+08:00,FJ-01,1480,4.7,3.3,60.8,0.25,220.0
2026-09-20T06:58:16+08:00,FJ-01,1480,4.6,3.3,61.3,0.25,222.0
2026-09-20T06:59:16+08:00,FJ-01,1479,4.6,3.4,60.4,0.25,221.6
2026-09-20T07:00:16+08:00,FJ-01,1482,4.7,3.3,60.7,0.25,222.4
2026-09-20T07:01:16+08:00,FJ-01,1481,4.7,3.3,60.7,0.25,221.7
2026-09-20T07:02:16+08:00,FJ-01,1481,4.7,3.3,60.6,0.24,222.0
2026-09-20T07:03:16+08:00,FJ-01,1481,4.7,3.4,61.2,0.25,222.2
2026-09-20T07:04:16+08:00,FJ-01,1479,4.7,3.4,61.4,0.25,221.4
2026-09-20T07:05:16+08:00,FJ-01,1481,4.7,3.3,61.2,0.25,221.2
2026-09-20T07:06:16+08:00,FJ-01,1482,4.7,3.4,60.9,0.25,221.1
2026-09-20T07:07:16+08:00,FJ-01,1482,4.5,3.3,61.0,0.25,221.0
2026-09-20T07:08:16+08:00,FJ-01,1481,4.7,3.4,60.3,0.25,223.4
2026-09-20T07:09:16+08:00,FJ-01,1481,4.7,3.4,61.5,0.25,220.9
2026-09-20T07:10:16+08:00,FJ-01,1482,4.6,3.3,60.9,0.25,221.5
2026-09-20T07:11:16+08:00,FJ-01,1481,4.6,3.3,61.2,0.25,221.8
2026-09-20T07:12:16+08:00,FJ-01,1481,4.8,3.3,61.4,0.25,221.5
2026-09-20T07:13:16+08:00,FJ-01,1479,4.8,3.3,60.9,0.25,221.0
2026-09-20T07:14:16+08:00,FJ-01,1480,4.7,3.4,60.6,0.25,220.4
2026-09-20T07:15:16+08:00,FJ-01,1480,4.7,3.4,61.0,0.25,221.8
2026-09-20T07:16:16+08:00,FJ-01,1481,4.7,3.3,60.8,0.25,220.5
2026-09-20T07:17:16+08:00,FJ-01,1482,4.7,3.3,60.2,0.25,221.6
2026-09-20T07:18:16+08:00,FJ-01,1483,4.7,3.3,60.6,0.25,220.8
2026-09-20T07:19:16+08:00,FJ-01,1482,4.7,3.4,61.8,0.25,221.6
2026-09-20T07:20:16+08:00,FJ-01,1482,4.7,3.4,61.5,0.25,222.8
2026-09-20T07:21:16+08:00,FJ-01,1481,4.7,3.3,61.5,0.25,221.3
2026-09-20T07:22:16+08:00,FJ-01,1482,4.6,3.4,60.9,0.25,223.2
2026-09-20T07:23:16+08:00,FJ-01,1481,4.7,3.4,60.8,0.24,221.3
2026-09-20T07:24:16+08:00,FJ-01,1481,4.7,3.2,61.4,0.25,221.7
2026-09-20T07:25:16+08:00,FJ-01,1480,4.8,3.3,60.1,0.25,222.6
2026-09-20T07:26:16+08:00,FJ-01,1481,4.7,3.3,61.6,0.25,222.2
2026-09-20T07:27:16+08:00,FJ-01,1480,4.7,3.3,61.4,0.25,222.7
2026-09-20T07:28:16+08:00,FJ-01,1482,4.7,3.4,60.5,0.25,222.6
2026-09-20T07:29:16+08:00,FJ-01,1481,4.7,3.4,61.5,0.25,221.2
2026-09-20T07:30:16+08:00,FJ-01,1480,4.7,3.4,60.6,0.25,221.8
2026-09-20T07:31:16+08:00,FJ-01,1481,4.8,3.4,60.9,0.25,220.0
2026-09-20T07:32:16+08:00,FJ-01,1482,4.8,3.3,61.1,0.25,221.0
2026-09-20T07:33:16+08:00,FJ-01,1481,4.8,3.3,60.7,0.25,221.5
2026-09-20T07:34:16+08:00,FJ-01,1480,4.7,3.4,60.7,0.25,219.4
2026-09-20T07:35:16+08:00,FJ-01,1481,4.8,3.4,61.0,0.25,222.3
2026-09-20T07:36:16+08:00,FJ-01,1481,4.8,3.4,61.8,0.25,221.5
2026-09-20T07:37:16+08:00,FJ-01,1482,4.8,3.4,60.8,0.25,221.8
2026-09-20T07:38:16+08:00,FJ-01,1480,4.6,3.4,60.6,0.25,221.6
2026-09-20T07:39:16+08:00,FJ-01,1480,4.8,3.3,60.8,0.25,221.3
2026-09-20T07:40:16+08:00,FJ-01,1480,4.7,3.4,61.2,0.24,220.7
2026-09-20T07:41:16+08:00,FJ-01,1481,4.8,3.4,60.7,0.25,223.4
2026-09-20T07:42:16+08:00,FJ-01,1482,4.8,3.5,61.0,0.25,223.7
2026-09-20T07:43:16+08:00,FJ-01,1479,4.7,3.4,60.9,0.25,222.4
2026-09-20T07:44:16+08:00,FJ-01,1481,4.7,3.3,60.9,0.25,222.8
2026-09-20T07:45:16+08:00,FJ-01,1480,4.7,3.3,61.3,0.24,220.6
2026-09-20T07:46:16+08:00,FJ-01,1481,4.7,3.3,60.6,0.25,221.4
2026-09-20T07:47:16+08:00,FJ-01,1481,4.8,3.4,61.1,0.25,221.4
2026-09-20T07:48:16+08:00,FJ-01,1481,4.8,3.4,61.1,0.25,221.2
2026-09-20T07:49:16+08:00,FJ-01,1480,4.8,3.4,61.0,0.25,220.5
2026-09-20T07:50:16+08:00,FJ-01,1482,4.9,3.4,61.5,0.25,221.5
2026-09-20T07:51:16+08:00,FJ-01,1480,4.8,3.4,61.3,0.25,222.0
2026-09-20T07:52:16+08:00,FJ-01,1480,4.8,3.4,62.0,0.25,222.6
2026-09-20T07:53:16+08:00,FJ-01,1480,4.8,3.4,60.7,0.25,221.3
2026-09-20T07:54:16+08:00,FJ-01,1482,4.9,3.4,61.3,0.24,221.6
2026-09-20T07:55:16+08:00,FJ-01,1481,4.8,3.4,61.8,0.25,221.8
2026-09-20T07:56:16+08:00,FJ-01,1480,4.7,3.3,61.3,0.25,221.7
2026-09-20T07:57:16+08:00,FJ-01,1481,4.8,3.4,61.3,0.24,220.8
2026-09-20T07:58:16+08:00,FJ-01,1480,4.8,3.4,61.3,0.25,222.5
2026-09-20T07:59:16+08:00,FJ-01,1481,4.7,3.4,61.4,0.25,221.2
2026-09-20T08:00:16+08:00,FJ-01,1480,4.9,3.4,61.6,0.25,222.3
2026-09-20T08:01:16+08:00,FJ-01,1481,4.8,3.4,61.8,0.25,222.9
2026-09-20T08:02:16+08:00,FJ-01,1481,4.8,3.3,61.1,0.25,221.6
2026-09-20T08:03:16+08:00,FJ-01,1481,4.9,3.4,61.2,0.25,220.9
2026-09-20T08:04:16+08:00,FJ-01,1481,4.8,3.5,60.5,0.25,220.4
2026-09-20T08:05:16+08:00,FJ-01,1481,4.8,3.3,61.1,0.25,221.4
2026-09-20T08:06:16+08:00,FJ-01,1481,4.8,3.4,60.6,0.25,220.8
2026-09-20T08:07:16+08:00,FJ-01,1480,4.8,3.4,61.1,0.25,221.2
2026-09-20T08:08:16+08:00,FJ-01,1482,4.8,3.4,60.5,0.25,220.4
2026-09-20T08:09:16+08:00,FJ-01,1481,4.8,3.4,60.7,0.25,222.1
2026-09-20T08:10:16+08:00,FJ-01,1481,4.8,3.4,61.0,0.25,222.0
2026-09-20T08:11:16+08:00,FJ-01,1481,4.8,3.5,61.3,0.25,221.0
2026-09-20T08:12:16+08:00,FJ-01,1482,4.9,3.4,61.3,0.25,221.6
2026-09-20T08:13:16+08:00,FJ-01,1480,4.8,3.5,61.2,0.25,222.2
2026-09-20T08:14:16+08:00,FJ-01,1480,4.8,3.4,61.2,0.24,222.2
2026-09-20T08:15:16+08:00,FJ-01,1480,4.8,3.4,61.2,0.26,222.2
2026-09-20T08:16:16+08:00,FJ-01,1480,4.9,3.4,60.8,0.25,222.7
2026-09-20T08:17:16+08:00,FJ-01,1481,4.7,3.4,61.7,0.25,222.5
2026-09-20T08:18:16+08:00,FJ-01,1480,4.8,3.4,61.3,0.25,222.3
2026-09-20T08:19:16+08:00,FJ-01,1481,4.9,3.4,61.5,0.25,222.7
2026-09-20T08:20:16+08:00,FJ-01,1481,4.9,3.4,61.8,0.25,221.5
2026-09-20T08:21:16+08:00,FJ-01,1480,4.8,3.4,61.6,0.26,221.5
2026-09-20T08:22:16+08:00,FJ-01,1480,4.8,3.5,60.9,0.25,222.4
2026-09-20T08:23:16+08:00,FJ-01,1481,5.0,3.5,61.2,0.25,220.6
2026-09-20T08:24:16+08:00,FJ-01,1481,4.9,3.4,61.0,0.25,220.9
2026-09-20T08:25:16+08:00,FJ-01,1481,4.8,3.6,61.5,0.25,221.8
2026-09-20T08:26:16+08:00,FJ-01,1482,4.8,3.4,61.8,0.26,219.6
2026-09-20T08:27:16+08:00,FJ-01,1480,4.8,3.4,61.1,0.24,221.6
2026-09-20T08:28:16+08:00,FJ-01,1480,4.9,3.5,61.2,0.25,221.2
2026-09-20T08:29:16+08:00,FJ-01,1480,4.9,3.5,61.5,0.25,222.4
2026-09-20T08:30:16+08:00,FJ-01,1482,4.8,3.4,61.7,0.25,220.9
2026-09-20T08:31:16+08:00,FJ-01,1480,4.8,3.4,61.8,0.25,221.7
2026-09-20T08:32:16+08:00,FJ-01,1480,4.8,3.5,61.3,0.25,220.8
2026-09-20T08:33:16+08:00,FJ-01,1480,4.8,3.5,61.3,0.25,222.5
2026-09-20T08:34:16+08:00,FJ-01,1482,4.9,3.5,61.5,0.25,222.4
2026-09-20T08:35:16+08:00,FJ-01,1480,4.8,3.4,61.4,0.25,220.5
2026-09-20T08:36:16+08:00,FJ-01,1481,4.9,3.4,61.5,0.25,222.6
2026-09-20T08:37:16+08:00,FJ-01,1480,4.9,3.4,61.1,0.25,222.0
2026-09-20T08:38:16+08:00,FJ-01,1482,4.9,3.4,61.3,0.25,222.0
2026-09-20T08:39:16+08:00,FJ-01,1480,4.9,3.4,62.0,0.25,222.0
2026-09-20T08:40:16+08:00,FJ-01,1482,4.8,3.4,61.2,0.25,220.9
2026-09-20T08:41:16+08:00,FJ-01,1481,4.8,3.4,60.6,0.25,222.4
2026-09-20T08:42:16+08:00,FJ-01,1481,4.9,3.5,61.2,0.24,221.0
2026-09-20T08:43:16+08:00,FJ-01,1480,4.8,3.5,62.0,0.25,222.0
2026-09-20T08:44:16+08:00,FJ-01,1481,5.0,3.5,61.4,0.26,222.0
2026-09-20T08:45:16+08:00,FJ-01,1483,4.8,3.4,61.0,0.25,222.6
2026-09-20T08:46:16+08:00,FJ-01,1481,4.9,3.5,62.2,0.25,223.1
2026-09-20T08:47:16+08:00,FJ-01,1482,4.9,3.4,61.5,0.26,222.2
2026-09-20T08:48:16+08:00,FJ-01,1481,4.9,3.4,61.8,0.25,221.8
2026-09-20T08:49:16+08:00,FJ-01,1481,4.8,3.4,61.2,0.25,220.7
2026-09-20T08:50:16+08:00,FJ-01,1480,4.9,3.5,61.5,0.25,221.5
2026-09-20T08:51:16+08:00,FJ-01,1479,5.0,3.4,62.0,0.25,221.7
2026-09-20T08:52:16+08:00,FJ-01,1482,4.9,3.4,61.5,0.25,221.5
2026-09-20T08:53:16+08:00,FJ-01,1481,4.9,3.5,61.1,0.25,222.4
2026-09-20T08:54:16+08:00,FJ-01,1482,4.9,3.5,61.6,0.25,220.3
2026-09-20T08:55:16+08:00,FJ-01,1481,4.9,3.4,61.0,0.24,221.8
2026-09-20T08:56:16+08:00,FJ-01,1479,4.9,3.5,61.7,0.25,220.9
2026-09-20T08:57:16+08:00,FJ-01,1481,4.9,3.4,60.9,0.25,221.7
2026-09-20T08:58:16+08:00,FJ-01,1481,4.9,3.4,60.8,0.25,220.7
2026-09-20T08:59:16+08:00,FJ-01,1480,4.9,3.5,61.2,0.25,222.1
2026-09-20T09:00:16+08:00,FJ-01,1479,5.0,3.5,61.2,0.25,221.6
2026-09-20T09:01:16+08:00,FJ-01,1481,4.9,3.5,62.1,0.25,222.9
2026-09-20T09:02:16+08:00,FJ-01,1479,4.9,3.4,61.6,0.25,220.8
2026-09-20T09:03:16+08:00,FJ-01,1480,4.9,3.5,61.5,0.25,221.9
2026-09-20T09:04:16+08:00,FJ-01,1482,4.8,3.4,61.6,0.25,223.3
2026-09-20T09:05:16+08:00,FJ-01,1481,5.0,3.5,61.3,0.25,221.1
2026-09-20T09:06:16+08:00,FJ-01,1481,4.9,3.5,61.8,0.25,222.8
2026-09-20T09:07:16+08:00,FJ-01,1481,5.0,3.5,61.7,0.25,222.9
2026-09-20T09:08:16+08:00,FJ-01,1481,4.9,3.4,62.2,0.26,222.7
2026-09-20T09:09:16+08:00,FJ-01,1480,4.8,3.5,61.2,0.25,221.1
2026-09-20T09:10:16+08:00,FJ-01,1481,5.0,3.5,61.9,0.25,222.4
2026-09-20T09:11:16+08:00,FJ-01,1482,5.0,3.5,61.2,0.25,221.5
2026-09-20T09:12:16+08:00,FJ-01,1480,4.9,3.5,60.9,0.25,221.3
2026-09-20T09:13:16+08:00,FJ-01,1481,4.9,3.4,61.5,0.25,223.3
2026-09-20T09:14:16+08:00,FJ-01,1481,4.9,3.5,62.2,0.25,220.9
2026-09-20T09:15:16+08:00,FJ-01,1481,4.9,3.6,61.3,0.25,223.1
2026-09-20T09:16:16+08:00,FJ-01,1482,5.0,3.5,61.3,0.25,221.3
2026-09-20T09:17:16+08:00,FJ-01,1479,4.9,3.3,61.4,0.24,221.4
2026-09-20T09:18:16+08:00,FJ-01,1482,4.9,3.4,61.1,0.26,221.7
2026-09-20T09:19:16+08:00,FJ-01,1482,4.9,3.6,62.5,0.25,219.7
2026-09-20T09:20:16+08:00,FJ-01,1482,4.9,3.5,61.3,0.25,222.5
2026-09-20T09:21:16+08:00,FJ-01,1482,4.9,3.5,61.9,0.25,221.5
2026-09-20T09:22:16+08:00,FJ-01,1482,4.9,3.5,61.6,0.25,222.0
2026-09-20T09:23:16+08:00,FJ-01,1481,5.0,3.5,60.8,0.25,221.2
2026-09-20T09:24:16+08:00,FJ-01,1482,4.9,3.5,61.3,0.25,222.1
2026-09-20T09:25:16+08:00,FJ-01,1482,4.8,3.5,61.6,0.25,221.2
2026-09-20T09:26:16+08:00,FJ-01,1482,5.0,3.5,61.3,0.25,221.1
2026-09-20T09:27:16+08:00,FJ-01,1480,5.0,3.5,61.9,0.25,224.1
2026-09-20T09:28:16+08:00,FJ-01,1480,5.0,3.5,61.2,0.25,221.6
2026-09-20T09:29:16+08:00,FJ-01,1482,5.0,3.5,61.6,0.25,222.1
2026-09-20T09:30:16+08:00,FJ-01,1482,5.0,3.4,61.9,0.25,222.0
2026-09-20T09:31:16+08:00,FJ-01,1481,4.9,3.5,61.4,0.25,222.0
2026-09-20T09:32:16+08:00,FJ-01,1481,4.9,3.6,61.7,0.25,222.7
2026-09-20T09:33:16+08:00,FJ-01,1482,5.1,3.5,61.8,0.25,220.2
2026-09-20T09:34:16+08:00,FJ-01,1481,4.9,3.5,61.4,0.25,221.5
2026-09-20T09:35:16+08:00,FJ-01,1481,5.0,3.4,61.1,0.25,222.6
2026-09-20T09:36:16+08:00,FJ-01,1480,5.0,3.5,61.8,0.25,221.7
2026-09-20T09:37:16+08:00,FJ-01,1481,5.0,3.5,61.5,0.25,221.4
2026-09-20T09:38:16+08:00,FJ-01,1480,5.1,3.5,61.6,0.25,221.4
2026-09-20T09:39:16+08:00,FJ-01,1483,4.9,3.5,60.3,0.25,222.6
2026-09-20T09:40:16+08:00,FJ-01,1481,5.0,3.4,61.7,0.25,221.7
2026-09-20T09:41:16+08:00,FJ-01,1481,5.0,3.5,61.4,0.25,222.2
2026-09-20T09:42:16+08:00,FJ-01,1479,5.0,3.5,61.3,0.25,222.8
2026-09-20T09:43:16+08:00,FJ-01,1481,5.0,3.4,62.2,0.26,222.1
2026-09-20T09:44:16+08:00,FJ-01,1481,5.0,3.5,61.8,0.25,222.7
2026-09-20T09:45:16+08:00,FJ-01,1480,5.0,3.5,61.9,0.25,222.9
2026-09-20T09:46:16+08:00,FJ-01,1483,5.0,3.5,61.5,0.25,221.5
2026-09-20T09:47:16+08:00,FJ-01,1480,5.0,3.4,61.7,0.25,222.6
2026-09-20T09:48:16+08:00,FJ-01,1480,4.9,3.6,61.1,0.24,221.5
2026-09-20T09:49:16+08:00,FJ-01,1479,4.9,3.5,61.7,0.25,221.3
2026-09-20T09:50:16+08:00,FJ-01,1481,5.0,3.6,61.4,0.25,222.1
2026-09-20T09:51:16+08:00,FJ-01,1482,5.1,3.5,61.5,0.25,222.6
2026-09-20T09:52:16+08:00,FJ-01,1481,5.0,3.5,61.8,0.25,221.2
2026-09-20T09:53:16+08:00,FJ-01,1479,5.1,3.4,61.7,0.25,222.0
2026-09-20T09:54:16+08:00,FJ-01,1480,5.0,3.5,61.6,0.24,221.7
2026-09-20T09:55:16+08:00,FJ-01,1481,5.0,3.5,62.0,0.25,221.6
2026-09-20T09:56:16+08:00,FJ-01,1480,5.0,3.5,61.7,0.25,219.9
2026-09-20T09:57:16+08:00,FJ-01,1481,5.0,3.4,62.3,0.26,220.5
2026-09-20T09:58:16+08:00,FJ-01,1480,5.0,3.6,62.1,0.25,221.5
2026-09-20T09:59:16+08:00,FJ-01,1481,5.2,3.6,62.6,0.25,221.8
2026-09-20T10:00:16+08:00,FJ-01,1481,5.0,3.4,62.3,0.25,223.0
2026-09-20T10:01:16+08:00,FJ-01,1482,5.0,3.5,62.7,0.25,220.9
2026-09-20T10:02:16+08:00,FJ-01,1481,5.1,3.5,61.3,0.25,221.1
2026-09-20T10:03:16+08:00,FJ-01,1481,5.1,3.6,61.8,0.25,222.3
2026-09-20T10:04:16+08:00,FJ-01,1480,5.0,3.5,61.4,0.24,222.7
2026-09-20T10:05:16+08:00,FJ-01,1480,5.0,3.6,62.0,0.25,222.8
2026-09-20T10:06:16+08:00,FJ-01,1480,5.0,3.6,61.9,0.25,221.6
2026-09-20T10:07:16+08:00,FJ-01,1482,5.0,3.5,61.8,0.25,222.6
2026-09-20T10:08:16+08:00,FJ-01,1481,5.1,3.5,61.3,0.25,221.0
2026-09-20T10:09:16+08:00,FJ-01,1480,5.0,3.6,61.6,0.25,222.3
2026-09-20T10:10:16+08:00,FJ-01,1482,5.0,3.5,61.4,0.25,222.2
2026-09-20T10:11:16+08:00,FJ-01,1482,5.1,3.6,62.3,0.25,221.9
2026-09-20T10:12:16+08:00,FJ-01,1481,5.1,3.5,61.6,0.25,220.5
2026-09-20T10:13:16+08:00,FJ-01,1479,5.0,3.5,61.7,0.25,221.6
2026-09-20T10:14:16+08:00,FJ-01,1481,5.1,3.5,61.7,0.25,222.7
2026-09-20T10:15:16+08:00,FJ-01,1482,5.1,3.5,61.6,0.25,222.2
2026-09-20T10:16:16+08:00,FJ-01,1481,5.0,3.5,61.5,0.25,222.3
2026-09-20T10:17:16+08:00,FJ-01,1481,5.0,3.5,61.8,0.25,221.5
2026-09-20T10:18:16+08:00,FJ-01,1480,5.1,3.5,61.4,0.25,223.1
2026-09-20T10:19:16+08:00,FJ-01,1481,5.1,3.6,61.1,0.25,221.9
2026-09-20T10:20:16+08:00,FJ-01,1481,5.1,3.6,61.7,0.25,220.6
2026-09-20T10:21:16+08:00,FJ-01,1480,5.1,3.6,61.4,0.25,222.7
2026-09-20T10:22:16+08:00,FJ-01,1482,5.1,3.6,61.6,0.25,222.0
2026-09-20T10:23:16+08:00,FJ-01,1481,5.1,3.6,62.0,0.25,220.5
2026-09-20T10:24:16+08:00,FJ-01,1481,5.2,3.5,61.3,0.25,222.1
2026-09-20T10:25:16+08:00,FJ-01,1481,5.2,3.5,62.3,0.25,221.8
2026-09-20T10:26:16+08:00,FJ-01,1481,5.1,3.5,61.9,0.25,222.3
2026-09-20T10:27:16+08:00,FJ-01,1480,5.0,3.6,61.9,0.26,221.7
2026-09-20T10:28:16+08:00,FJ-01,1483,5.1,3.6,61.7,0.25,221.0
2026-09-20T10:29:16+08:00,FJ-01,1479,5.1,3.6,61.7,0.25,221.2
2026-09-20T10:30:16+08:00,FJ-01,1481,5.1,3.5,62.1,0.25,221.7
2026-09-20T10:31:16+08:00,FJ-01,1480,5.1,3.5,61.3,0.25,222.3
2026-09-20T10:32:16+08:00,FJ-01,1482,5.2,3.6,62.1,0.25,220.9
2026-09-20T10:33:16+08:00,FJ-01,1481,5.1,3.5,61.7,0.25,222.1
2026-09-20T10:34:16+08:00,FJ-01,1480,5.1,3.5,62.1,0.25,221.6
2026-09-20T10:35:16+08:00,FJ-01,1481,5.1,3.6,61.7,0.25,223.2
2026-09-20T10:36:16+08:00,FJ-01,1481,5.1,3.6,61.7,0.25,222.1
2026-09-20T10:37:16+08:00,FJ-01,1480,5.2,3.6,61.7,0.25,222.0
2026-09-20T10:38:16+08:00,FJ-01,1481,5.1,3.5,61.9,0.25,221.4
2026-09-20T10:39:16+08:00,FJ-01,1482,5.1,3.6,61.7,0.25,222.6
2026-09-20T10:40:16+08:00,FJ-01,1479,5.1,3.5,62.2,0.25,223.0
2026-09-20T10:41:16+08:00,FJ-01,1482,5.1,3.6,61.7,0.25,222.3
2026-09-20T10:42:16+08:00,FJ-01,1481,5.1,3.5,61.2,0.25,221.6
2026-09-20T10:43:16+08:00,FJ-01,1482,5.1,3.6,61.4,0.25,220.8
2026-09-20T10:44:16+08:00,FJ-01,1481,5.1,3.6,61.6,0.25,221.1
2026-09-20T10:45:16+08:00,FJ-01,1482,5.1,3.6,62.1,0.25,222.2
2026-09-20T10:46:16+08:00,FJ-01,1480,5.1,3.6,61.8,0.25,222.5
2026-09-20T10:47:16+08:00,FJ-01,1482,5.1,3.7,61.5,0.25,223.2
2026-09-20T10:48:16+08:00,FJ-01,1479,5.2,3.6,62.1,0.25,220.6
2026-09-20T10:49:16+08:00,FJ-01,1481,5.1,3.6,61.8,0.25,221.3
2026-09-20T10:50:16+08:00,FJ-01,1480,5.1,3.6,61.4,0.25,221.4
2026-09-20T10:51:16+08:00,FJ-01,1482,5.2,3.6,61.6,0.25,222.4
2026-09-20T10:52:16+08:00,FJ-01,1481,5.2,3.6,61.2,0.25,222.8
2026-09-20T10:53:16+08:00,FJ-01,1481,5.2,3.6,62.0,0.25,221.4
2026-09-20T10:54:16+08:00,FJ-01,1482,5.3,3.5,61.7,0.25,221.4
2026-09-20T10:55:16+08:00,FJ-01,1481,5.1,3.5,61.5,0.25,221.9
2026-09-20T10:56:16+08:00,FJ-01,1481,5.2,3.5,61.9,0.25,222.2
2026-09-20T10:57:16+08:00,FJ-01,1482,5.1,3.6,62.2,0.25,223.0
2026-09-20T10:58:16+08:00,FJ-01,1481,5.1,3.6,61.8,0.25,221.6
2026-09-20T10:59:16+08:00,FJ-01,1481,5.2,3.6,62.4,0.25,221.5
2026-09-20T11:00:16+08:00,FJ-01,1480,5.2,3.7,61.4,0.25,223.1
2026-09-20T11:01:16+08:00,FJ-01,1480,5.2,3.6,62.1,0.25,220.9
2026-09-20T11:02:16+08:00,FJ-01,1480,5.2,3.5,62.2,0.24,223.4
2026-09-20T11:03:16+08:00,FJ-01,1480,5.2,3.5,61.6,0.25,222.5
2026-09-20T11:04:16+08:00,FJ-01,1481,5.2,3.7,62.5,0.25,222.3
2026-09-20T11:05:16+08:00,FJ-01,1481,5.2,3.6,62.3,0.25,222.2
2026-09-20T11:06:16+08:00,FJ-01,1480,5.2,3.6,61.9,0.25,223.0
2026-09-20T11:07:16+08:00,FJ-01,1480,5.2,3.6,61.2,0.25,220.7
2026-09-20T11:08:16+08:00,FJ-01,1480,5.1,3.6,61.8,0.25,224.0
2026-09-20T11:09:16+08:00,FJ-01,1481,5.1,3.6,62.3,0.25,220.5
2026-09-20T11:10:16+08:00,FJ-01,1481,5.1,3.6,61.6,0.25,221.1
2026-09-20T11:11:16+08:00,FJ-01,1482,5.2,3.6,61.7,0.25,223.6
2026-09-20T11:12:16+08:00,FJ-01,1481,5.2,3.5,61.9,0.25,221.6
2026-09-20T11:13:16+08:00,FJ-01,1481,5.2,3.6,61.5,0.24,223.2
2026-09-20T11:14:16+08:00,FJ-01,1482,5.1,3.6,61.7,0.25,221.5
2026-09-20T11:15:16+08:00,FJ-01,1481,5.2,3.6,62.4,0.25,223.3
2026-09-20T11:16:16+08:00,FJ-01,1480,5.2,3.6,61.9,0.25,222.6
2026-09-20T11:17:16+08:00,FJ-01,1480,5.2,3.6,62.1,0.25,222.2
2026-09-20T11:18:16+08:00,FJ-01,1480,5.3,3.6,61.5,0.25,223.0
2026-09-20T11:19:16+08:00,FJ-01,1481,5.2,3.7,61.9,0.25,221.0
2026-09-20T11:20:16+08:00,FJ-01,1482,5.2,3.6,62.2,0.25,221.8
2026-09-17T11:21:16+08:00,FJ-02,978,3.1,3.0,62.9,0.21,56.2
2026-09-17T11:22:16+08:00,FJ-02,980,3.2,2.9,62.0,0.21,56.2
2026-09-17T11:23:16+08:00,FJ-02,979,3.3,3.0,61.9,0.21,56.2
2026-09-17T11:24:16+08:00,FJ-02,979,3.2,2.9,62.3,0.21,55.4
2026-09-17T11:25:16+08:00,FJ-02,978,3.2,2.9,62.1,0.21,55.7
2026-09-17T11:26:16+08:00,FJ-02,981,3.2,2.8,62.1,0.21,55.7
2026-09-17T11:27:16+08:00,FJ-02,979,3.2,2.8,62.1,0.21,55.7
2026-09-17T11:28:16+08:00,FJ-02,979,3.3,2.9,62.0,0.21,56.3
2026-09-17T11:29:16+08:00,FJ-02,979,3.2,2.9,63.0,0.21,56.6
2026-09-17T11:30:16+08:00,FJ-02,980,3.2,2.8,62.5,0.21,56.5
2026-09-17T11:31:16+08:00,FJ-02,978,3.1,2.9,61.5,0.21,56.1
2026-09-17T11:32:16+08:00,FJ-02,978,3.2,2.9,62.2,0.21,56.0
2026-09-17T11:33:16+08:00,FJ-02,979,3.2,3.0,60.9,0.2,55.8
2026-09-17T11:34:16+08:00,FJ-02,979,3.2,2.8,60.9,0.21,56.2
2026-09-17T11:35:16+08:00,FJ-02,979,3.2,2.9,62.2,0.21,56.2
2026-09-17T11:36:16+08:00,FJ-02,979,3.2,3.0,61.8,0.22,55.9
2026-09-17T11:37:16+08:00,FJ-02,979,3.2,2.9,62.4,0.21,56.6
2026-09-17T11:38:16+08:00,FJ-02,980,3.2,2.9,61.7,0.21,55.9
2026-09-17T11:39:16+08:00,FJ-02,979,3.2,2.9,61.3,0.21,56.1
2026-09-17T11:40:16+08:00,FJ-02,980,3.2,2.9,62.5,0.21,55.9
2026-09-17T11:41:16+08:00,FJ-02,980,3.1,3.0,61.4,0.21,55.5
2026-09-17T11:42:16+08:00,FJ-02,980,3.2,3.0,61.2,0.21,56.2
2026-09-17T11:43:16+08:00,FJ-02,979,3.2,2.9,61.8,0.21,55.7
2026-09-17T11:44:16+08:00,FJ-02,979,3.1,2.9,61.5,0.21,56.1
2026-09-17T11:45:16+08:00,FJ-02,980,3.2,2.9,62.1,0.21,56.0
2026-09-17T11:46:16+08:00,FJ-02,980,3.2,2.9,62.3,0.21,56.4
2026-09-17T11:47:16+08:00,FJ-02,979,3.2,2.9,62.2,0.2,56.2
2026-09-17T11:48:16+08:00,FJ-02,980,3.3,2.9,62.2,0.21,56.1
2026-09-17T11:49:16+08:00,FJ-02,979,3.2,2.9,62.4,0.21,56.3
2026-09-17T11:50:16+08:00,FJ-02,979,3.2,2.9,62.6,0.21,56.1
2026-09-17T11:51:16+08:00,FJ-02,979,3.3,2.9,62.9,0.21,55.7
2026-09-17T11:52:16+08:00,FJ-02,979,3.2,2.9,62.4,0.21,56.2
2026-09-17T11:53:16+08:00,FJ-02,978,3.3,2.9,62.7,0.21,55.9
2026-09-17T11:54:16+08:00,FJ-02,979,3.3,2.9,60.9,0.21,55.7
2026-09-17T11:55:16+08:00,FJ-02,980,3.2,2.9,62.1,0.21,56.4
2026-09-17T11:56:16+08:00,FJ-02,979,3.2,2.9,62.2,0.21,56.1
2026-09-17T11:57:16+08:00,FJ-02,980,3.2,2.9,61.5,0.21,55.2
2026-09-17T11:58:16+08:00,FJ-02,978,3.3,2.8,61.6,0.21,55.8
2026-09-17T11:59:16+08:00,FJ-02,978,3.1,3.0,61.7,0.21,56.1
2026-09-17T12:00:16+08:00,FJ-02,978,3.2,2.9,61.6,0.21,56.7
2026-09-17T12:01:16+08:00,FJ-02,980,3.2,2.9,62.3,0.21,56.0
2026-09-17T12:02:16+08:00,FJ-02,979,3.3,2.9,61.7,0.21,55.8
2026-09-17T12:03:16+08:00,FJ-02,978,3.2,2.9,63.1,0.21,55.6
2026-09-17T12:04:16+08:00,FJ-02,979,3.1,2.9,60.6,0.21,55.5
2026-09-17T12:05:16+08:00,FJ-02,979,3.3,2.9,62.6,0.2,56.8
2026-09-17T12:06:16+08:00,FJ-02,978,3.2,2.9,61.7,0.21,56.1
2026-09-17T12:07:16+08:00,FJ-02,980,3.2,2.8,62.7,0.21,55.8
2026-09-17T12:08:16+08:00,FJ-02,980,3.2,2.9,61.8,0.21,56.0
2026-09-17T12:09:16+08:00,FJ-02,978,3.2,3.0,62.0,0.21,56.3
2026-09-17T12:10:16+08:00,FJ-02,979,3.1,2.8,61.9,0.21,56.0
2026-09-17T12:11:16+08:00,FJ-02,980,3.3,2.9,62.0,0.22,56.0
2026-09-17T12:12:16+08:00,FJ-02,980,3.2,2.9,61.9,0.21,56.0
2026-09-17T12:13:16+08:00,FJ-02,978,3.2,2.9,61.7,0.21,56.3
2026-09-17T12:14:16+08:00,FJ-02,979,3.2,2.9,62.1,0.21,56.4
2026-09-17T12:15:16+08:00,FJ-02,979,3.2,2.9,62.2,0.21,56.4
2026-09-17T12:16:16+08:00,FJ-02,979,3.2,3.0,62.0,0.21,55.9
2026-09-17T12:17:16+08:00,FJ-02,980,3.3,2.9,62.1,0.21,56.1
2026-09-17T12:18:16+08:00,FJ-02,980,3.3,2.9,62.1,0.21,56.2
2026-09-17T12:19:16+08:00,FJ-02,979,3.2,2.8,62.3,0.21,56.5
2026-09-17T12:20:16+08:00,FJ-02,979,3.2,2.9,62.1,0.21,55.8
2026-09-17T12:21:16+08:00,FJ-02,978,3.2,2.9,61.7,0.21,55.6
2026-09-17T12:22:16+08:00,FJ-02,980,3.3,2.9,61.6,0.21,56.2
2026-09-17T12:23:16+08:00,FJ-02,979,3.2,2.9,61.1,0.21,55.7
2026-09-17T12:24:16+08:00,FJ-02,979,3.3,2.9,62.2,0.21,56.0
2026-09-17T12:25:16+08:00,FJ-02,978,3.2,2.9,62.3,0.21,55.9
2026-09-17T12:26:16+08:00,FJ-02,979,3.2,2.9,62.4,0.21,55.4
2026-09-17T12:27:16+08:00,FJ-02,980,3.2,3.0,61.3,0.21,56.1
2026-09-17T12:28:16+08:00,FJ-02,980,3.2,3.0,61.7,0.21,56.1
2026-09-17T12:29:16+08:00,FJ-02,980,3.2,2.9,61.9,0.21,55.5
2026-09-17T12:30:16+08:00,FJ-02,978,3.3,2.9,61.6,0.21,55.9
2026-09-17T12:31:16+08:00,FJ-02,979,3.3,2.9,62.5,0.21,55.8
2026-09-17T12:32:16+08:00,FJ-02,979,3.2,2.9,62.9,0.21,55.9
2026-09-17T12:33:16+08:00,FJ-02,978,3.2,2.9,62.5,0.22,55.9
2026-09-17T12:34:16+08:00,FJ-02,979,3.2,2.9,62.3,0.21,55.7
2026-09-17T12:35:16+08:00,FJ-02,980,3.2,2.9,61.7,0.21,56.7
2026-09-17T12:36:16+08:00,FJ-02,979,3.2,3.0,62.0,0.21,56.3
2026-09-17T12:37:16+08:00,FJ-02,979,3.3,2.9,62.2,0.21,56.1
2026-09-17T12:38:16+08:00,FJ-02,978,3.2,2.9,62.6,0.21,56.1
2026-09-17T12:39:16+08:00,FJ-02,979,3.2,2.9,61.4,0.21,55.6
2026-09-17T12:40:16+08:00,FJ-02,980,3.2,2.9,62.4,0.21,56.2
2026-09-17T12:41:16+08:00,FJ-02,978,3.2,3.0,61.9,0.21,55.8
2026-09-17T12:42:16+08:00,FJ-02,978,3.3,2.9,61.5,0.21,55.9
2026-09-17T12:43:16+08:00,FJ-02,979,3.2,2.9,62.2,0.21,55.9
2026-09-17T12:44:16+08:00,FJ-02,978,3.2,2.9,62.6,0.21,56.0
2026-09-17T12:45:16+08:00,FJ-02,978,3.1,2.8,63.6,0.21,56.3
2026-09-17T12:46:16+08:00,FJ-02,978,3.1,2.8,62.7,0.21,57.0
2026-09-17T12:47:16+08:00,FJ-02,979,3.2,2.9,61.7,0.21,56.5
2026-09-17T12:48:16+08:00,FJ-02,979,3.2,2.9,61.9,0.21,56.0
2026-09-17T12:49:16+08:00,FJ-02,979,3.2,2.8,62.6,0.21,55.7
2026-09-17T12:50:16+08:00,FJ-02,978,3.2,2.9,63.0,0.21,56.1
2026-09-17T12:51:16+08:00,FJ-02,980,3.2,2.9,62.1,0.21,56.0
2026-09-17T12:52:16+08:00,FJ-02,980,3.2,2.9,61.5,0.21,56.3
2026-09-17T12:53:16+08:00,FJ-02,978,3.2,2.9,62.2,0.21,56.3
2026-09-17T12:54:16+08:00,FJ-02,978,3.2,2.9,62.5,0.21,56.2
2026-09-17T12:55:16+08:00,FJ-02,979,3.3,3.0,62.2,0.21,56.6
2026-09-17T12:56:16+08:00,FJ-02,979,3.2,2.9,62.4,0.21,56.4
2026-09-17T12:57:16+08:00,FJ-02,978,3.2,2.9,63.1,0.21,55.8
2026-09-17T12:58:16+08:00,FJ-02,980,3.2,2.9,61.5,0.21,56.2
2026-09-17T12:59:16+08:00,FJ-02,978,3.3,2.9,61.2,0.21,56.0
2026-09-17T13:00:16+08:00,FJ-02,980,3.2,2.9,61.8,0.21,56.3
2026-09-17T13:01:16+08:00,FJ-02,978,3.1,2.9,62.3,0.21,56.5
2026-09-17T13:02:16+08:00,FJ-02,980,3.2,2.9,62.2,0.21,55.7
2026-09-17T13:03:16+08:00,FJ-02,980,3.2,2.9,61.5,0.21,55.6
2026-09-17T13:04:16+08:00,FJ-02,979,3.2,2.9,62.2,0.21,55.6
2026-09-17T13:05:16+08:00,FJ-02,979,3.2,2.8,61.4,0.21,56.0
2026-09-17T13:06:16+08:00,FJ-02,980,3.1,3.0,61.6,0.21,56.1
2026-09-17T13:07:16+08:00,FJ-02,978,3.2,3.0,62.8,0.21,56.0
2026-09-17T13:08:16+08:00,FJ-02,978,3.2,2.9,61.7,0.21,56.1
2026-09-17T13:09:16+08:00,FJ-02,980,3.1,2.9,61.7,0.21,56.1
2026-09-17T13:10:16+08:00,FJ-02,978,3.2,2.8,61.8,0.21,55.4
2026-09-17T13:11:16+08:00,FJ-02,979,3.1,2.9,61.8,0.21,56.1
2026-09-17T13:12:16+08:00,FJ-02,978,3.2,2.9,61.5,0.21,55.6
2026-09-17T13:13:16+08:00,FJ-02,980,3.1,3.0,62.3,0.21,55.5
2026-09-17T13:14:16+08:00,FJ-02,980,3.2,2.8,62.1,0.21,56.0
2026-09-17T13:15:16+08:00,FJ-02,979,3.2,2.9,61.8,0.21,56.4
2026-09-17T13:16:16+08:00,FJ-02,979,3.2,3.0,61.2,0.21,56.6
2026-09-17T13:17:16+08:00,FJ-02,978,3.2,2.9,62.3,0.21,56.1
2026-09-17T13:18:16+08:00,FJ-02,978,3.2,2.9,61.8,0.21,56.6
2026-09-17T13:19:16+08:00,FJ-02,978,3.2,2.9,62.0,0.22,56.3
2026-09-17T13:20:16+08:00,FJ-02,979,3.2,2.8,62.7,0.21,55.9
2026-09-17T13:21:16+08:00,FJ-02,978,3.2,2.9,62.0,0.21,56.4
2026-09-17T13:22:16+08:00,FJ-02,980,3.2,3.0,62.9,0.21,56.3
2026-09-17T13:23:16+08:00,FJ-02,979,3.2,3.0,62.2,0.21,55.8
2026-09-17T13:24:16+08:00,FJ-02,979,3.3,2.8,62.5,0.2,55.7
2026-09-17T13:25:16+08:00,FJ-02,980,3.2,2.9,61.2,0.22,55.8
2026-09-17T13:26:16+08:00,FJ-02,978,3.2,2.9,61.4,0.21,56.1
2026-09-17T13:27:16+08:00,FJ-02,978,3.4,2.9,62.1,0.21,55.5
2026-09-17T13:28:16+08:00,FJ-02,979,3.2,2.9,61.6,0.21,55.9
2026-09-17T13:29:16+08:00,FJ-02,980,3.2,2.9,61.6,0.21,55.9
2026-09-17T13:30:16+08:00,FJ-02,979,3.1,2.9,62.2,0.21,56.6
2026-09-17T13:31:16+08:00,FJ-02,979,3.2,2.9,60.9,0.21,56.7
2026-09-17T13:32:16+08:00,FJ-02,978,3.1,2.9,62.3,0.21,55.7
2026-09-17T13:33:16+08:00,FJ-02,980,3.1,2.9,62.5,0.21,56.1
2026-09-17T13:34:16+08:00,FJ-02,979,3.2,2.9,61.8,0.21,55.9
2026-09-17T13:35:16+08:00,FJ-02,979,3.2,3.0,62.1,0.21,56.1
2026-09-17T13:36:16+08:00,FJ-02,979,3.2,2.9,61.6,0.21,56.3
2026-09-17T13:37:16+08:00,FJ-02,980,3.3,2.9,61.6,0.21,55.9
2026-09-17T13:38:16+08:00,FJ-02,981,3.1,2.9,61.6,0.21,55.6
2026-09-17T13:39:16+08:00,FJ-02,980,3.2,3.0,62.1,0.21,56.1
2026-09-17T13:40:16+08:00,FJ-02,980,3.2,2.9,62.1,0.21,56.0
2026-09-17T13:41:16+08:00,FJ-02,980,3.2,2.9,62.1,0.21,55.7
2026-09-17T13:42:16+08:00,FJ-02,979,3.2,2.8,62.1,0.21,55.8
2026-09-17T13:43:16+08:00,FJ-02,979,3.1,2.9,61.3,0.21,55.7
2026-09-17T13:44:16+08:00,FJ-02,979,3.2,2.9,61.7,0.21,55.6
2026-09-17T13:45:16+08:00,FJ-02,979,3.2,3.0,61.6,0.21,56.4
2026-09-17T13:46:16+08:00,FJ-02,979,3.2,2.9,62.3,0.21,55.8
2026-09-17T13:47:16+08:00,FJ-02,979,3.2,3.0,62.4,0.21,55.7
2026-09-17T13:48:16+08:00,FJ-02,980,3.2,2.8,62.9,0.21,56.0
2026-09-17T13:49:16+08:00,FJ-02,981,3.2,2.9,62.7,0.21,56.2
2026-09-17T13:50:16+08:00,FJ-02,979,3.2,2.9,62.7,0.21,56.3
2026-09-17T13:51:16+08:00,FJ-02,980,3.1,2.8,61.9,0.21,55.9
2026-09-17T13:52:16+08:00,FJ-02,979,3.2,2.9,62.3,0.21,55.8
2026-09-17T13:53:16+08:00,FJ-02,979,3.3,2.9,62.7,0.21,55.8
2026-09-17T13:54:16+08:00,FJ-02,979,3.3,2.9,61.8,0.21,56.3
2026-09-17T13:55:16+08:00,FJ-02,979,3.2,3.0,61.7,0.2,55.8
2026-09-17T13:56:16+08:00,FJ-02,980,3.2,2.8,61.7,0.21,55.7
2026-09-17T13:57:16+08:00,FJ-02,980,3.1,2.9,63.2,0.21,55.7
2026-09-17T13:58:16+08:00,FJ-02,980,3.2,2.9,62.1,0.21,56.0
2026-09-17T13:59:16+08:00,FJ-02,980,3.2,2.9,61.8,0.21,55.8
2026-09-17T14:00:16+08:00,FJ-02,979,3.3,3.0,61.5,0.22,56.1
2026-09-17T14:01:16+08:00,FJ-02,979,3.2,2.9,62.7,0.21,55.7
2026-09-17T14:02:16+08:00,FJ-02,979,3.2,2.9,62.5,0.21,56.0
2026-09-17T14:03:16+08:00,FJ-02,979,3.3,2.9,62.2,0.21,55.9
2026-09-17T14:04:16+08:00,FJ-02,980,3.2,2.9,62.6,0.21,56.2
2026-09-17T14:05:16+08:00,FJ-02,979,3.2,2.9,62.2,0.21,55.5
2026-09-17T14:06:16+08:00,FJ-02,978,3.2,2.9,62.0,0.21,56.3
2026-09-17T14:07:16+08:00,FJ-02,978,3.2,2.9,62.1,0.21,56.0
2026-09-17T14:08:16+08:00,FJ-02,979,3.3,2.9,62.3,0.21,56.6
2026-09-17T14:09:16+08:00,FJ-02,980,3.3,2.9,62.3,0.21,56.0
2026-09-17T14:10:16+08:00,FJ-02,980,3.3,2.8,62.7,0.21,56.1
2026-09-17T14:11:16+08:00,FJ-02,978,3.2,2.9,62.2,0.21,56.2
2026-09-17T14:12:16+08:00,FJ-02,980,3.1,3.0,62.2,0.21,56.4
2026-09-17T14:13:16+08:00,FJ-02,979,3.2,2.9,62.6,0.21,55.4
2026-09-17T14:14:16+08:00,FJ-02,979,3.2,2.9,62.3,0.21,55.9
2026-09-17T14:15:16+08:00,FJ-02,979,3.2,2.9,61.6,0.21,55.9
2026-09-17T14:16:16+08:00,FJ-02,980,3.2,3.0,62.0,0.21,56.2
2026-09-17T14:17:16+08:00,FJ-02,979,3.2,2.9,62.4,0.21,56.1
2026-09-17T14:18:16+08:00,FJ-02,979,3.2,2.9,62.3,0.21,56.1
2026-09-17T14:19:16+08:00,FJ-02,979,3.2,2.9,61.6,0.21,56.3
2026-09-17T14:20:16+08:00,FJ-02,980,3.2,2.9,61.9,0.21,56.3
2026-09-17T14:21:16+08:00,FJ-02,979,3.2,2.9,62.6,0.21,56.0
2026-09-17T14:22:16+08:00,FJ-02,979,3.2,2.9,62.1,0.2,55.9
2026-09-17T14:23:16+08:00,FJ-02,978,3.2,2.9,62.7,0.21,56.2
2026-09-17T14:24:16+08:00,FJ-02,979,3.2,3.0,62.5,0.21,56.3
2026-09-17T14:25:16+08:00,FJ-02,978,3.3,2.8,61.5,0.21,55.9
2026-09-17T14:26:16+08:00,FJ-02,979,3.2,2.9,61.8,0.21,55.6
2026-09-17T14:27:16+08:00,FJ-02,979,3.2,2.8,62.5,0.21,56.0
2026-09-17T14:28:16+08:00,FJ-02,979,3.2,2.9,62.3,0.21,56.0
2026-09-17T14:29:16+08:00,FJ-02,979,3.2,3.0,62.1,0.22,56.2
2026-09-17T14:30:16+08:00,FJ-02,978,3.2,2.8,61.9,0.21,56.2
2026-09-17T14:31:16+08:00,FJ-02,979,3.2,2.8,61.9,0.21,55.5
2026-09-17T14:32:16+08:00,FJ-02,979,3.3,2.9,62.3,0.21,55.9
2026-09-17T14:33:16+08:00,FJ-02,980,3.2,2.9,62.2,0.21,56.0
2026-09-17T14:34:16+08:00,FJ-02,978,3.2,3.0,62.2,0.21,56.3
2026-09-17T14:35:16+08:00,FJ-02,978,3.3,3.0,62.1,0.21,55.7
2026-09-17T14:36:16+08:00,FJ-02,979,3.3,3.0,63.4,0.21,56.1
2026-09-17T14:37:16+08:00,FJ-02,979,3.2,2.9,61.9,0.21,55.6
2026-09-17T14:38:16+08:00,FJ-02,979,3.2,2.8,62.8,0.21,55.8
2026-09-17T14:39:16+08:00,FJ-02,979,3.1,2.9,61.7,0.21,56.3
2026-09-17T14:40:16+08:00,FJ-02,980,3.2,2.9,61.7,0.21,56.0
2026-09-17T14:41:16+08:00,FJ-02,977,3.2,2.9,62.2,0.21,56.3
2026-09-17T14:42:16+08:00,FJ-02,979,3.1,3.0,62.6,0.21,56.1
2026-09-17T14:43:16+08:00,FJ-02,979,3.2,2.9,60.8,0.21,55.8
2026-09-17T14:44:16+08:00,FJ-02,980,3.3,2.9,62.5,0.21,56.3
2026-09-17T14:45:16+08:00,FJ-02,979,3.2,2.8,63.1,0.21,56.5
2026-09-17T14:46:16+08:00,FJ-02,977,3.2,2.9,62.4,0.21,55.8
2026-09-17T14:47:16+08:00,FJ-02,978,3.3,2.9,62.5,0.21,56.1
2026-09-17T14:48:16+08:00,FJ-02,979,3.1,2.9,61.5,0.21,56.0
2026-09-17T14:49:16+08:00,FJ-02,978,3.1,2.9,61.4,0.21,56.6
2026-09-17T14:50:16+08:00,FJ-02,979,3.2,2.8,62.2,0.21,55.7
2026-09-17T14:51:16+08:00,FJ-02,979,3.3,2.8,62.8,0.21,56.3
2026-09-17T14:52:16+08:00,FJ-02,979,3.2,2.9,62.5,0.21,55.6
2026-09-17T14:53:16+08:00,FJ-02,978,3.3,2.9,62.5,0.21,56.4
2026-09-17T14:54:16+08:00,FJ-02,980,3.2,2.9,61.6,0.22,55.8
2026-09-17T14:55:16+08:00,FJ-02,978,3.1,2.9,62.7,0.21,56.5
2026-09-17T14:56:16+08:00,FJ-02,980,3.1,2.9,61.1,0.21,56.4
2026-09-17T14:57:16+08:00,FJ-02,980,3.1,2.9,62.0,0.2,56.1
2026-09-17T14:58:16+08:00,FJ-02,979,3.2,2.9,61.9,0.21,55.7
2026-09-17T14:59:16+08:00,FJ-02,980,3.2,2.8,62.3,0.21,55.7
2026-09-17T15:00:16+08:00,FJ-02,980,3.3,2.8,61.9,0.21,56.6
2026-09-17T15:01:16+08:00,FJ-02,978,3.3,2.9,62.4,0.21,56.2
2026-09-17T15:02:16+08:00,FJ-02,978,3.2,2.9,61.8,0.21,56.1
2026-09-17T15:03:16+08:00,FJ-02,977,3.2,2.9,61.7,0.21,56.2
2026-09-17T15:04:16+08:00,FJ-02,979,3.3,3.0,62.1,0.21,56.4
2026-09-17T15:05:16+08:00,FJ-02,979,3.2,2.9,63.3,0.21,55.7
2026-09-17T15:06:16+08:00,FJ-02,977,3.2,2.9,61.7,0.21,55.8
2026-09-17T15:07:16+08:00,FJ-02,978,3.2,2.9,62.2,0.21,56.3
2026-09-17T15:08:16+08:00,FJ-02,979,3.2,2.8,61.6,0.21,56.4
2026-09-17T15:09:16+08:00,FJ-02,980,3.2,2.9,61.6,0.21,56.2
2026-09-17T15:10:16+08:00,FJ-02,980,3.2,2.9,62.9,0.21,55.9
2026-09-17T15:11:16+08:00,FJ-02,979,3.2,3.0,62.8,0.21,56.0
2026-09-17T15:12:16+08:00,FJ-02,978,3.2,3.0,61.9,0.21,56.2
2026-09-17T15:13:16+08:00,FJ-02,979,3.2,2.8,62.5,0.21,55.9
2026-09-17T15:14:16+08:00,FJ-02,979,3.2,2.9,62.6,0.21,56.0
2026-09-17T15:15:16+08:00,FJ-02,980,3.1,2.9,62.3,0.21,56.0
2026-09-17T15:16:16+08:00,FJ-02,979,3.2,2.9,61.6,0.22,56.2
2026-09-17T15:17:16+08:00,FJ-02,978,3.2,3.0,62.4,0.21,56.1
2026-09-17T15:18:16+08:00,FJ-02,978,3.2,3.0,62.0,0.21,55.5
2026-09-17T15:19:16+08:00,FJ-02,979,3.2,2.9,62.4,0.21,56.0
2026-09-17T15:20:16+08:00,FJ-02,980,3.2,3.0,61.4,0.21,56.3
2026-09-17T15:21:16+08:00,FJ-02,979,3.2,3.0,63.0,0.22,56.3
2026-09-17T15:22:16+08:00,FJ-02,980,3.1,2.9,62.4,0.21,56.3
2026-09-17T15:23:16+08:00,FJ-02,978,3.2,3.0,62.5,0.21,56.1
2026-09-17T15:24:16+08:00,FJ-02,979,3.1,2.9,62.5,0.2,56.2
2026-09-17T15:25:16+08:00,FJ-02,978,3.2,3.0,62.2,0.21,56.5
2026-09-17T15:26:16+08:00,FJ-02,979,3.2,3.0,62.9,0.21,56.3
2026-09-17T15:27:16+08:00,FJ-02,979,3.1,2.9,61.5,0.21,55.8
2026-09-17T15:28:16+08:00,FJ-02,980,3.3,3.0,63.1,0.21,56.2
2026-09-17T15:29:16+08:00,FJ-02,978,3.3,2.9,61.3,0.21,56.0
2026-09-17T15:30:16+08:00,FJ-02,979,3.3,3.0,61.9,0.21,55.4
2026-09-17T15:31:16+08:00,FJ-02,980,3.2,3.0,61.5,0.21,56.3
2026-09-17T15:32:16+08:00,FJ-02,980,3.1,2.9,62.0,0.21,56.2
2026-09-17T15:33:16+08:00,FJ-02,979,3.3,2.9,62.7,0.21,56.2
2026-09-17T15:34:16+08:00,FJ-02,980,3.2,2.9,61.9,0.21,56.4
2026-09-17T15:35:16+08:00,FJ-02,981,3.3,2.9,62.0,0.21,55.7
2026-09-17T15:36:16+08:00,FJ-02,980,3.2,3.0,62.1,0.21,56.2
2026-09-17T15:37:16+08:00,FJ-02,979,3.1,2.9,62.2,0.21,56.7
2026-09-17T15:38:16+08:00,FJ-02,978,3.2,2.8,62.4,0.21,55.9
2026-09-17T15:39:16+08:00,FJ-02,978,3.2,2.9,62.5,0.2,55.2
2026-09-17T15:40:16+08:00,FJ-02,979,3.3,2.9,62.2,0.21,56.1
2026-09-17T15:41:16+08:00,FJ-02,980,3.2,3.0,62.4,0.21,56.2
2026-09-17T15:42:16+08:00,FJ-02,979,3.2,2.9,61.8,0.21,56.5
2026-09-17T15:43:16+08:00,FJ-02,979,3.1,2.9,62.9,0.21,56.3
2026-09-17T15:44:16+08:00,FJ-02,979,3.2,3.0,61.7,0.21,56.1
2026-09-17T15:45:16+08:00,FJ-02,979,3.1,3.0,62.2,0.21,56.5
2026-09-17T15:46:16+08:00,FJ-02,978,3.3,2.9,61.5,0.21,55.9
2026-09-17T15:47:16+08:00,FJ-02,978,3.2,2.9,62.1,0.21,56.2
2026-09-17T15:48:16+08:00,FJ-02,978,3.3,3.0,62.7,0.21,56.3
2026-09-17T15:49:16+08:00,FJ-02,980,3.1,2.9,62.2,0.21,56.1
2026-09-17T15:50:16+08:00,FJ-02,979,3.3,3.0,62.9,0.21,55.8
2026-09-17T15:51:16+08:00,FJ-02,980,3.2,2.9,62.5,0.21,56.5
2026-09-17T15:52:16+08:00,FJ-02,981,3.3,2.8,62.7,0.21,56.2
2026-09-17T15:53:16+08:00,FJ-02,979,3.2,2.9,62.0,0.21,55.8
2026-09-17T15:54:16+08:00,FJ-02,978,3.3,2.9,61.9,0.21,56.4
2026-09-17T15:55:16+08:00,FJ-02,980,3.1,2.9,61.9,0.21,55.6
2026-09-17T15:56:16+08:00,FJ-02,980,3.2,3.0,62.6,0.21,56.5
2026-09-17T15:57:16+08:00,FJ-02,979,3.1,2.8,62.5,0.21,56.2
2026-09-17T15:58:16+08:00,FJ-02,979,3.2,2.8,62.3,0.21,56.0
2026-09-17T15:59:16+08:00,FJ-02,980,3.3,2.9,62.8,0.21,56.3
2026-09-17T16:00:16+08:00,FJ-02,979,3.2,2.9,62.2,0.21,56.5
2026-09-17T16:01:16+08:00,FJ-02,980,3.3,2.8,61.3,0.22,56.0
2026-09-17T16:02:16+08:00,FJ-02,979,3.2,3.0,62.5,0.21,56.1
2026-09-17T16:03:16+08:00,FJ-02,981,3.2,2.9,62.2,0.21,56.3
2026-09-17T16:04:16+08:00,FJ-02,978,3.2,2.9,62.3,0.21,56.0
2026-09-17T16:05:16+08:00,FJ-02,978,3.2,2.9,61.7,0.21,55.7
2026-09-17T16:06:16+08:00,FJ-02,978,3.2,2.9,62.0,0.21,55.5
2026-09-17T16:07:16+08:00,FJ-02,979,3.3,2.9,62.3,0.21,56.0
2026-09-17T16:08:16+08:00,FJ-02,979,3.2,3.0,63.1,0.21,55.9
2026-09-17T16:09:16+08:00,FJ-02,978,3.2,2.9,61.9,0.21,56.1
2026-09-17T16:10:16+08:00,FJ-02,978,3.1,2.9,62.1,0.21,56.4
2026-09-17T16:11:16+08:00,FJ-02,979,3.2,3.0,62.6,0.21,56.4
2026-09-17T16:12:16+08:00,FJ-02,977,3.2,2.9,63.0,0.22,55.7
2026-09-17T16:13:16+08:00,FJ-02,980,3.2,2.8,61.8,0.21,56.3
2026-09-17T16:14:16+08:00,FJ-02,980,3.3,3.0,62.4,0.21,56.2
2026-09-17T16:15:16+08:00,FJ-02,980,3.2,3.0,62.7,0.22,55.8
2026-09-17T16:16:16+08:00,FJ-02,979,3.3,2.9,62.2,0.21,56.4
2026-09-17T16:17:16+08:00,FJ-02,981,3.1,3.0,62.3,0.21,55.7
2026-09-17T16:18:16+08:00,FJ-02,979,3.2,2.9,62.7,0.21,55.9
2026-09-17T16:19:16+08:00,FJ-02,979,3.2,2.9,62.2,0.22,56.1
2026-09-17T16:20:16+08:00,FJ-02,978,3.3,2.8,62.2,0.21,56.1
2026-09-17T16:21:16+08:00,FJ-02,979,3.1,2.9,62.7,0.21,55.9
2026-09-17T16:22:16+08:00,FJ-02,978,3.2,2.9,62.3,0.21,55.6
2026-09-17T16:23:16+08:00,FJ-02,979,3.1,3.0,62.3,0.22,56.4
2026-09-17T16:24:16+08:00,FJ-02,978,3.2,3.0,62.5,0.21,56.1
2026-09-17T16:25:16+08:00,FJ-02,978,3.3,3.0,61.8,0.21,56.3
2026-09-17T16:26:16+08:00,FJ-02,981,3.2,2.9,62.1,0.21,56.0
2026-09-17T16:27:16+08:00,FJ-02,980,3.2,3.0,62.9,0.21,56.2
2026-09-17T16:28:16+08:00,FJ-02,979,3.2,2.9,61.8,0.21,56.6
2026-09-17T16:29:16+08:00,FJ-02,979,3.2,2.9,61.8,0.21,56.4
2026-09-17T16:30:16+08:00,FJ-02,979,3.2,2.9,62.3,0.22,56.2
2026-09-17T16:31:16+08:00,FJ-02,979,3.2,3.0,61.9,0.21,56.2
2026-09-17T16:32:16+08:00,FJ-02,978,3.2,2.9,62.0,0.2,56.2
2026-09-17T16:33:16+08:00,FJ-02,979,3.2,2.9,62.3,0.21,56.6
2026-09-17T16:34:16+08:00,FJ-02,980,3.1,2.9,62.1,0.21,55.7
2026-09-17T16:35:16+08:00,FJ-02,980,3.2,2.8,62.5,0.21,56.5
2026-09-17T16:36:16+08:00,FJ-02,980,3.2,2.9,62.2,0.2,55.7
2026-09-17T16:37:16+08:00,FJ-02,980,3.1,2.9,62.6,0.21,56.2
2026-09-17T16:38:16+08:00,FJ-02,979,3.2,2.9,62.8,0.21,55.4
2026-09-17T16:39:16+08:00,FJ-02,980,3.3,2.9,62.3,0.21,55.9
2026-09-17T16:40:16+08:00,FJ-02,979,3.2,2.9,62.5,0.21,56.1
2026-09-17T16:41:16+08:00,FJ-02,979,3.2,2.9,63.0,0.21,55.8
2026-09-17T16:42:16+08:00,FJ-02,978,3.3,3.0,62.0,0.22,56.2
2026-09-17T16:43:16+08:00,FJ-02,979,3.3,2.9,62.4,0.21,55.9
2026-09-17T16:44:16+08:00,FJ-02,978,3.1,2.9,62.5,0.22,56.0
2026-09-17T16:45:16+08:00,FJ-02,980,3.1,2.9,63.0,0.21,56.3
2026-09-17T16:46:16+08:00,FJ-02,979,3.2,2.9,62.2,0.22,56.1
2026-09-17T16:47:16+08:00,FJ-02,980,3.3,2.9,62.8,0.21,56.0
2026-09-17T16:48:16+08:00,FJ-02,980,3.3,2.9,62.4,0.21,56.0
2026-09-17T16:49:16+08:00,FJ-02,980,3.2,2.9,62.8,0.21,56.2
2026-09-17T16:50:16+08:00,FJ-02,976,3.2,2.9,62.4,0.22,55.6
2026-09-17T16:51:16+08:00,FJ-02,980,3.2,2.9,62.6,0.21,56.2
2026-09-17T16:52:16+08:00,FJ-02,978,3.2,2.9,62.3,0.2,55.7
2026-09-17T16:53:16+08:00,FJ-02,979,3.3,2.9,61.7,0.21,55.8
2026-09-17T16:54:16+08:00,FJ-02,979,3.3,2.9,62.0,0.21,56.2
2026-09-17T16:55:16+08:00,FJ-02,978,3.3,3.0,62.3,0.21,56.0
2026-09-17T16:56:16+08:00,FJ-02,979,3.2,3.0,62.7,0.21,55.9
2026-09-17T16:57:16+08:00,FJ-02,979,3.2,2.9,61.3,0.21,55.8
2026-09-17T16:58:16+08:00,FJ-02,978,3.2,2.9,62.7,0.21,56.0
2026-09-17T16:59:16+08:00,FJ-02,978,3.3,2.9,62.4,0.21,56.5
2026-09-17T17:00:16+08:00,FJ-02,979,3.2,2.9,61.8,0.21,56.0
2026-09-17T17:01:16+08:00,FJ-02,980,3.1,2.9,61.8,0.21,55.9
2026-09-17T17:02:16+08:00,FJ-02,978,3.3,2.9,62.6,0.21,56.2
2026-09-17T17:03:16+08:00,FJ-02,978,3.1,2.9,62.2,0.21,55.8
2026-09-17T17:04:16+08:00,FJ-02,980,3.3,2.8,63.6,0.21,56.1
2026-09-17T17:05:16+08:00,FJ-02,977,3.3,2.9,61.5,0.21,56.3
2026-09-17T17:06:16+08:00,FJ-02,980,3.2,3.0,62.0,0.21,56.2
2026-09-17T17:07:16+08:00,FJ-02,980,3.2,3.0,63.1,0.21,56.5
2026-09-17T17:08:16+08:00,FJ-02,979,3.2,2.9,62.1,0.21,55.3
2026-09-17T17:09:16+08:00,FJ-02,979,3.1,2.9,61.6,0.21,56.7
2026-09-17T17:10:16+08:00,FJ-02,981,3.3,3.0,62.2,0.21,56.4
2026-09-17T17:11:16+08:00,FJ-02,980,3.2,2.9,62.3,0.21,56.1
2026-09-17T17:12:16+08:00,FJ-02,979,3.2,2.9,61.6,0.21,55.9
2026-09-17T17:13:16+08:00,FJ-02,980,3.2,2.8,62.0,0.22,56.6
2026-09-17T17:14:16+08:00,FJ-02,979,3.2,3.0,61.6,0.21,56.1
2026-09-17T17:15:16+08:00,FJ-02,980,3.2,2.9,62.0,0.22,56.2
2026-09-17T17:16:16+08:00,FJ-02,979,3.2,3.0,62.0,0.21,56.3
2026-09-17T17:17:16+08:00,FJ-02,979,3.1,2.9,62.3,0.21,56.0
2026-09-17T17:18:16+08:00,FJ-02,979,3.2,3.0,62.3,0.21,56.1
2026-09-17T17:19:16+08:00,FJ-02,980,3.2,3.0,60.7,0.21,56.4
2026-09-17T17:20:16+08:00,FJ-02,978,3.2,3.0,61.9,0.21,56.1
2026-09-17T17:21:16+08:00,FJ-02,979,3.2,2.9,63.1,0.21,55.7
2026-09-17T17:22:16+08:00,FJ-02,980,3.2,2.8,61.9,0.21,56.2
2026-09-17T17:23:16+08:00,FJ-02,979,3.2,2.9,62.0,0.21,56.3
2026-09-17T17:24:16+08:00,FJ-02,979,3.3,2.9,62.6,0.21,56.1
2026-09-17T17:25:16+08:00,FJ-02,981,3.3,2.9,62.3,0.21,56.2
2026-09-17T17:26:16+08:00,FJ-02,979,3.2,2.9,62.3,0.21,56.1
2026-09-17T17:27:16+08:00,FJ-02,980,3.2,2.9,62.2,0.21,56.5
2026-09-17T17:28:16+08:00,FJ-02,978,3.2,2.9,62.8,0.2,56.1
2026-09-17T17:29:16+08:00,FJ-02,979,3.2,2.9,62.1,0.21,56.5
2026-09-17T17:30:16+08:00,FJ-02,980,3.2,3.0,63.0,0.21,56.5
2026-09-17T17:31:16+08:00,FJ-02,979,3.2,2.9,62.9,0.21,56.0
2026-09-17T17:32:16+08:00,FJ-02,979,3.2,2.9,62.4,0.21,56.0
2026-09-17T17:33:16+08:00,FJ-02,979,3.2,2.9,62.9,0.21,56.6
2026-09-17T17:34:16+08:00,FJ-02,979,3.2,2.9,62.2,0.21,56.2
2026-09-17T17:35:16+08:00,FJ-02,979,3.2,2.9,62.0,0.21,55.8
2026-09-17T17:36:16+08:00,FJ-02,978,3.2,3.0,61.6,0.21,55.6
2026-09-17T17:37:16+08:00,FJ-02,979,3.2,2.9,62.4,0.2,55.8
2026-09-17T17:38:16+08:00,FJ-02,981,3.2,2.9,62.0,0.21,55.9
2026-09-17T17:39:16+08:00,FJ-02,979,3.1,2.9,61.5,0.2,56.2
2026-09-17T17:40:16+08:00,FJ-02,980,3.2,3.0,61.5,0.21,55.7
2026-09-17T17:41:16+08:00,FJ-02,979,3.3,2.9,61.6,0.21,56.3
2026-09-17T17:42:16+08:00,FJ-02,980,3.2,3.0,62.1,0.21,55.7
2026-09-17T17:43:16+08:00,FJ-02,979,3.3,3.0,63.0,0.21,56.2
2026-09-17T17:44:16+08:00,FJ-02,978,3.2,2.8,62.7,0.21,56.0
2026-09-17T17:45:16+08:00,FJ-02,980,3.2,2.9,62.0,0.22,55.9
2026-09-17T17:46:16+08:00,FJ-02,979,3.2,2.9,61.5,0.21,56.2
2026-09-17T17:47:16+08:00,FJ-02,979,3.1,2.9,62.7,0.21,56.0
2026-09-17T17:48:16+08:00,FJ-02,979,3.2,2.9,62.6,0.21,55.7
2026-09-17T17:49:16+08:00,FJ-02,979,3.2,2.8,61.3,0.21,56.4
2026-09-17T17:50:16+08:00,FJ-02,978,3.2,3.0,62.3,0.21,56.2
2026-09-17T17:51:16+08:00,FJ-02,979,3.2,3.0,62.4,0.21,56.2
2026-09-17T17:52:16+08:00,FJ-02,980,3.3,2.9,60.9,0.21,56.5
2026-09-17T17:53:16+08:00,FJ-02,978,3.3,3.0,62.3,0.21,55.9
2026-09-17T17:54:16+08:00,FJ-02,979,3.3,3.0,62.5,0.21,55.9
2026-09-17T17:55:16+08:00,FJ-02,979,3.2,2.8,62.4,0.21,56.0
2026-09-17T17:56:16+08:00,FJ-02,979,3.2,2.8,61.9,0.21,55.9
2026-09-17T17:57:16+08:00,FJ-02,978,3.1,2.9,62.8,0.21,56.0
2026-09-17T17:58:16+08:00,FJ-02,979,3.3,2.9,62.4,0.21,56.5
2026-09-17T17:59:16+08:00,FJ-02,979,3.2,2.9,62.5,0.21,56.1
2026-09-17T18:00:16+08:00,FJ-02,978,3.1,2.9,62.2,0.2,56.4
2026-09-17T18:01:16+08:00,FJ-02,980,3.2,2.9,62.8,0.21,56.5
2026-09-17T18:02:16+08:00,FJ-02,978,3.2,2.9,62.4,0.22,56.4
2026-09-17T18:03:16+08:00,FJ-02,979,3.3,2.9,62.8,0.21,56.1
2026-09-17T18:04:16+08:00,FJ-02,979,3.2,3.0,62.6,0.21,56.6
2026-09-17T18:05:16+08:00,FJ-02,979,3.3,2.9,62.7,0.21,56.1
2026-09-17T18:06:16+08:00,FJ-02,979,3.2,2.9,62.5,0.21,56.2
2026-09-17T18:07:16+08:00,FJ-02,979,3.3,3.0,62.8,0.21,56.3
2026-09-17T18:08:16+08:00,FJ-02,980,3.2,2.9,62.0,0.21,56.3
2026-09-17T18:09:16+08:00,FJ-02,977,3.3,2.9,61.2,0.21,55.8
2026-09-17T18:10:16+08:00,FJ-02,980,3.2,3.0,62.5,0.22,56.2
2026-09-17T18:11:16+08:00,FJ-02,980,3.3,2.8,61.5,0.21,56.4
2026-09-17T18:12:16+08:00,FJ-02,980,3.3,2.9,62.4,0.21,56.8
2026-09-17T18:13:16+08:00,FJ-02,980,3.2,2.9,61.9,0.21,56.1
2026-09-17T18:14:16+08:00,FJ-02,979,3.2,3.0,62.3,0.22,55.4
2026-09-17T18:15:16+08:00,FJ-02,979,3.1,2.9,63.4,0.21,55.8
2026-09-17T18:16:16+08:00,FJ-02,981,3.3,3.0,62.0,0.21,56.3
2026-09-17T18:17:16+08:00,FJ-02,979,3.2,2.9,62.8,0.21,56.7
2026-09-17T18:18:16+08:00,FJ-02,979,3.2,2.9,61.6,0.21,55.6
2026-09-17T18:19:16+08:00,FJ-02,980,3.2,2.9,62.7,0.21,56.4
2026-09-17T18:20:16+08:00,FJ-02,981,3.3,2.9,62.1,0.21,56.3
2026-09-17T18:21:16+08:00,FJ-02,979,3.2,2.9,63.0,0.21,56.4
2026-09-17T18:22:16+08:00,FJ-02,978,3.2,2.9,62.3,0.21,56.3
2026-09-17T18:23:16+08:00,FJ-02,979,3.3,2.9,61.3,0.21,56.3
2026-09-17T18:24:16+08:00,FJ-02,979,3.1,2.9,62.2,0.21,55.8
2026-09-17T18:25:16+08:00,FJ-02,979,3.2,3.0,62.6,0.21,56.4
2026-09-17T18:26:16+08:00,FJ-02,980,3.2,2.9,61.7,0.21,56.3
2026-09-17T18:27:16+08:00,FJ-02,979,3.2,3.0,62.6,0.21,56.8
2026-09-17T18:28:16+08:00,FJ-02,979,3.2,2.9,62.3,0.21,55.6
2026-09-17T18:29:16+08:00,FJ-02,978,3.2,2.9,63.1,0.21,56.3
2026-09-17T18:30:16+08:00,FJ-02,980,3.3,2.9,61.9,0.21,55.9
2026-09-17T18:31:16+08:00,FJ-02,978,3.2,2.9,62.1,0.21,56.5
2026-09-17T18:32:16+08:00,FJ-02,979,3.2,2.9,62.1,0.21,56.3
2026-09-17T18:33:16+08:00,FJ-02,978,3.3,2.9,61.8,0.21,56.3
2026-09-17T18:34:16+08:00,FJ-02,980,3.2,2.9,62.1,0.21,56.2
2026-09-17T18:35:16+08:00,FJ-02,979,3.2,3.0,62.4,0.21,56.2
2026-09-17T18:36:16+08:00,FJ-02,978,3.3,3.0,62.3,0.21,56.6
2026-09-17T18:37:16+08:00,FJ-02,980,3.2,3.0,62.0,0.22,56.6
2026-09-17T18:38:16+08:00,FJ-02,978,3.3,3.0,63.0,0.21,56.4
2026-09-17T18:39:16+08:00,FJ-02,979,3.3,2.9,62.8,0.21,56.4
2026-09-17T18:40:16+08:00,FJ-02,979,3.1,2.9,63.3,0.21,56.5
2026-09-17T18:41:16+08:00,FJ-02,979,3.2,2.9,62.5,0.21,55.7
2026-09-17T18:42:16+08:00,FJ-02,980,3.2,2.9,62.7,0.21,56.4
2026-09-17T18:43:16+08:00,FJ-02,980,3.2,3.0,61.3,0.21,56.2
2026-09-17T18:44:16+08:00,FJ-02,980,3.2,2.9,61.4,0.21,56.5
2026-09-17T18:45:16+08:00,FJ-02,980,3.2,3.0,62.0,0.21,56.8
2026-09-17T18:46:16+08:00,FJ-02,978,3.3,2.9,62.8,0.21,56.1
2026-09-17T18:47:16+08:00,FJ-02,980,3.2,2.9,62.9,0.21,55.9
2026-09-17T18:48:16+08:00,FJ-02,979,3.1,2.9,63.2,0.21,56.2
2026-09-17T18:49:16+08:00,FJ-02,979,3.3,2.9,63.0,0.21,56.3
2026-09-17T18:50:16+08:00,FJ-02,979,3.3,2.9,62.4,0.21,55.7
2026-09-17T18:51:16+08:00,FJ-02,980,3.4,2.9,62.5,0.21,56.7
2026-09-17T18:52:16+08:00,FJ-02,979,3.2,2.9,61.5,0.21,56.3
2026-09-17T18:53:16+08:00,FJ-02,980,3.2,2.9,62.4,0.21,56.5
2026-09-17T18:54:16+08:00,FJ-02,979,3.2,2.9,63.1,0.21,56.2
2026-09-17T18:55:16+08:00,FJ-02,979,3.2,2.9,62.4,0.21,56.4
2026-09-17T18:56:16+08:00,FJ-02,979,3.3,2.8,62.5,0.21,56.1
2026-09-17T18:57:16+08:00,FJ-02,979,3.2,2.9,62.7,0.21,56.5
2026-09-17T18:58:16+08:00,FJ-02,979,3.3,2.8,62.6,0.21,56.5
2026-09-17T18:59:16+08:00,FJ-02,979,3.2,2.9,61.1,0.21,56.4
2026-09-17T19:00:16+08:00,FJ-02,980,3.2,3.0,62.5,0.21,56.1
2026-09-17T19:01:16+08:00,FJ-02,980,3.2,2.8,63.4,0.21,56.1
2026-09-17T19:02:16+08:00,FJ-02,980,3.2,2.9,61.7,0.21,55.9
2026-09-17T19:03:16+08:00,FJ-02,980,3.2,2.9,63.1,0.21,56.5
2026-09-17T19:04:16+08:00,FJ-02,978,3.3,2.8,62.3,0.21,55.9
2026-09-17T19:05:16+08:00,FJ-02,980,3.2,2.9,62.2,0.21,56.0
2026-09-17T19:06:16+08:00,FJ-02,979,3.3,3.0,62.8,0.21,56.2
2026-09-17T19:07:16+08:00,FJ-02,981,3.2,2.9,62.5,0.21,56.1
2026-09-17T19:08:16+08:00,FJ-02,980,3.2,2.9,62.4,0.21,56.6
2026-09-17T19:09:16+08:00,FJ-02,978,3.1,2.9,62.5,0.21,56.1
2026-09-17T19:10:16+08:00,FJ-02,979,3.1,2.9,62.6,0.22,56.1
2026-09-17T19:11:16+08:00,FJ-02,979,3.2,2.8,62.3,0.22,55.6
2026-09-17T19:12:16+08:00,FJ-02,980,3.2,2.9,62.5,0.21,56.1
2026-09-17T19:13:16+08:00,FJ-02,978,3.2,2.9,62.2,0.21,56.0
2026-09-17T19:14:16+08:00,FJ-02,979,3.2,2.9,62.0,0.21,55.9
2026-09-17T19:15:16+08:00,FJ-02,980,3.1,2.9,62.1,0.21,56.4
2026-09-17T19:16:16+08:00,FJ-02,978,3.3,2.8,61.6,0.22,55.9
2026-09-17T19:17:16+08:00,FJ-02,979,3.2,2.9,61.5,0.21,55.9
2026-09-17T19:18:16+08:00,FJ-02,980,3.2,2.9,63.2,0.21,56.4
2026-09-17T19:19:16+08:00,FJ-02,980,3.2,3.0,61.7,0.21,55.9
2026-09-17T19:20:16+08:00,FJ-02,979,3.3,2.9,62.2,0.21,56.3
2026-09-17T19:21:16+08:00,FJ-02,980,3.2,2.9,62.2,0.21,55.9
2026-09-17T19:22:16+08:00,FJ-02,979,3.1,2.9,62.4,0.21,56.2
2026-09-17T19:23:16+08:00,FJ-02,979,3.3,3.0,62.7,0.21,56.4
2026-09-17T19:24:16+08:00,FJ-02,979,3.3,2.9,62.6,0.21,56.3
2026-09-17T19:25:16+08:00,FJ-02,979,3.2,2.7,62.5,0.21,56.4
2026-09-17T19:26:16+08:00,FJ-02,978,3.2,2.9,62.6,0.21,56.4
2026-09-17T19:27:16+08:00,FJ-02,979,3.2,2.9,61.9,0.21,56.3
2026-09-17T19:28:16+08:00,FJ-02,980,3.3,3.0,62.1,0.21,55.9
2026-09-17T19:29:16+08:00,FJ-02,980,3.2,3.0,62.7,0.21,56.5
2026-09-17T19:30:16+08:00,FJ-02,980,3.2,2.9,62.0,0.21,56.6
2026-09-17T19:31:16+08:00,FJ-02,979,3.2,3.0,63.4,0.21,55.6
2026-09-17T19:32:16+08:00,FJ-02,980,3.2,2.9,62.8,0.21,55.7
2026-09-17T19:33:16+08:00,FJ-02,979,3.2,2.9,62.3,0.21,56.0
2026-09-17T19:34:16+08:00,FJ-02,979,3.3,2.9,62.6,0.21,55.9
2026-09-17T19:35:16+08:00,FJ-02,979,3.3,3.0,62.3,0.21,56.6
2026-09-17T19:36:16+08:00,FJ-02,978,3.2,3.0,62.3,0.21,56.4
2026-09-17T19:37:16+08:00,FJ-02,981,3.2,2.9,62.7,0.21,56.1
2026-09-17T19:38:16+08:00,FJ-02,980,3.3,2.9,61.8,0.21,56.5
2026-09-17T19:39:16+08:00,FJ-02,978,3.3,3.0,63.1,0.21,56.7
2026-09-17T19:40:16+08:00,FJ-02,979,3.2,2.9,63.2,0.21,55.7
2026-09-17T19:41:16+08:00,FJ-02,978,3.2,2.8,62.5,0.21,56.5
2026-09-17T19:42:16+08:00,FJ-02,979,3.2,2.9,62.5,0.21,55.9
2026-09-17T19:43:16+08:00,FJ-02,978,3.2,2.8,62.3,0.21,56.4
2026-09-17T19:44:16+08:00,FJ-02,978,3.2,2.9,62.4,0.21,55.9
2026-09-17T19:45:16+08:00,FJ-02,980,3.2,3.0,61.2,0.21,56.0
2026-09-17T19:46:16+08:00,FJ-02,980,3.2,3.0,62.0,0.21,56.1
2026-09-17T19:47:16+08:00,FJ-02,979,3.2,3.0,62.1,0.21,56.6
2026-09-17T19:48:16+08:00,FJ-02,979,3.2,2.9,61.9,0.21,56.8
2026-09-17T19:49:16+08:00,FJ-02,980,3.2,2.9,62.5,0.21,56.2
2026-09-17T19:50:16+08:00,FJ-02,979,3.3,2.9,62.3,0.21,56.2
2026-09-17T19:51:16+08:00,FJ-02,979,3.1,2.9,61.5,0.21,56.4
2026-09-17T19:52:16+08:00,FJ-02,979,3.3,2.9,62.4,0.21,55.9
2026-09-17T19:53:16+08:00,FJ-02,979,3.3,3.0,62.4,0.21,55.9
2026-09-17T19:54:16+08:00,FJ-02,977,3.3,3.0,61.6,0.21,55.9
2026-09-17T19:55:16+08:00,FJ-02,979,3.2,3.0,61.9,0.21,56.0
2026-09-17T19:56:16+08:00,FJ-02,979,3.2,3.0,62.8,0.21,56.7
2026-09-17T19:57:16+08:00,FJ-02,980,3.2,2.9,62.7,0.21,56.3
2026-09-17T19:58:16+08:00,FJ-02,981,3.2,2.9,62.3,0.21,56.3
2026-09-17T19:59:16+08:00,FJ-02,979,3.2,2.9,62.1,0.21,56.2
2026-09-17T20:00:16+08:00,FJ-02,981,3.2,2.9,61.8,0.21,56.4
2026-09-17T20:01:16+08:00,FJ-02,978,3.1,2.9,61.3,0.21,56.3
2026-09-17T20:02:16+08:00,FJ-02,978,3.2,3.0,61.5,0.21,55.9
2026-09-17T20:03:16+08:00,FJ-02,979,3.3,2.9,62.9,0.21,56.4
2026-09-17T20:04:16+08:00,FJ-02,980,3.2,2.9,62.5,0.21,56.1
2026-09-17T20:05:16+08:00,FJ-02,979,3.2,3.0,62.4,0.21,56.4
2026-09-17T20:06:16+08:00,FJ-02,979,3.3,3.0,62.1,0.21,56.1
2026-09-17T20:07:16+08:00,FJ-02,979,3.2,2.9,62.3,0.21,55.7
2026-09-17T20:08:16+08:00,FJ-02,980,3.2,3.0,62.4,0.21,56.3
2026-09-17T20:09:16+08:00,FJ-02,978,3.2,2.9,62.8,0.21,56.7
2026-09-17T20:10:16+08:00,FJ-02,979,3.2,2.9,63.0,0.22,56.5
2026-09-17T20:11:16+08:00,FJ-02,979,3.2,2.9,62.2,0.21,55.7
2026-09-17T20:12:16+08:00,FJ-02,978,3.3,2.9,62.1,0.21,56.8
2026-09-17T20:13:16+08:00,FJ-02,980,3.3,3.0,62.4,0.21,55.6
2026-09-17T20:14:16+08:00,FJ-02,978,3.2,2.9,62.8,0.21,56.1
2026-09-17T20:15:16+08:00,FJ-02,978,3.3,2.9,62.7,0.21,56.0
2026-09-17T20:16:16+08:00,FJ-02,980,3.2,2.9,62.2,0.21,56.4
2026-09-17T20:17:16+08:00,FJ-02,979,3.2,2.9,62.5,0.22,56.3
2026-09-17T20:18:16+08:00,FJ-02,979,3.2,2.8,61.5,0.21,56.1
2026-09-17T20:19:16+08:00,FJ-02,981,3.3,2.9,62.1,0.21,56.4
2026-09-17T20:20:16+08:00,FJ-02,980,3.3,3.1,62.4,0.21,56.0
2026-09-17T20:21:16+08:00,FJ-02,979,3.2,2.8,61.8,0.21,55.8
2026-09-17T20:22:16+08:00,FJ-02,980,3.2,3.0,62.1,0.21,56.9
2026-09-17T20:23:16+08:00,FJ-02,980,3.3,2.9,62.4,0.21,56.2
2026-09-17T20:24:16+08:00,FJ-02,979,3.2,2.9,62.3,0.21,56.2
2026-09-17T20:25:16+08:00,FJ-02,979,3.3,3.0,62.5,0.21,56.2
2026-09-17T20:26:16+08:00,FJ-02,980,3.3,2.9,62.6,0.21,56.1
2026-09-17T20:27:16+08:00,FJ-02,979,3.2,2.9,62.6,0.21,56.0
2026-09-17T20:28:16+08:00,FJ-02,979,3.3,3.0,62.6,0.21,56.2
2026-09-17T20:29:16+08:00,FJ-02,979,3.2,2.9,63.2,0.21,55.9
2026-09-17T20:30:16+08:00,FJ-02,980,3.2,3.1,62.5,0.21,56.0
2026-09-17T20:31:16+08:00,FJ-02,979,3.4,3.0,61.8,0.21,55.6
2026-09-17T20:32:16+08:00,FJ-02,979,3.2,2.9,62.6,0.21,55.9
2026-09-17T20:33:16+08:00,FJ-02,978,3.2,2.9,61.8,0.21,56.4
2026-09-17T20:34:16+08:00,FJ-02,982,3.2,3.0,61.7,0.21,57.0
2026-09-17T20:35:16+08:00,FJ-02,980,3.2,2.9,61.3,0.22,56.0
2026-09-17T20:36:16+08:00,FJ-02,980,3.2,2.9,62.4,0.21,56.6
2026-09-17T20:37:16+08:00,FJ-02,979,3.2,3.0,62.8,0.22,55.9
2026-09-17T20:38:16+08:00,FJ-02,980,3.2,2.9,62.8,0.22,55.8
2026-09-17T20:39:16+08:00,FJ-02,980,3.2,2.9,61.5,0.21,56.4
2026-09-17T20:40:16+08:00,FJ-02,981,3.3,3.0,62.6,0.21,56.0
2026-09-17T20:41:16+08:00,FJ-02,979,3.3,2.9,61.6,0.21,56.1
2026-09-17T20:42:16+08:00,FJ-02,978,3.3,3.0,62.1,0.21,56.1
2026-09-17T20:43:16+08:00,FJ-02,979,3.2,2.8,62.9,0.21,56.4
2026-09-17T20:44:16+08:00,FJ-02,980,3.3,2.9,62.3,0.21,55.4
2026-09-17T20:45:16+08:00,FJ-02,979,3.3,2.9,61.8,0.21,56.2
2026-09-17T20:46:16+08:00,FJ-02,978,3.2,2.8,63.0,0.21,56.6
2026-09-17T20:47:16+08:00,FJ-02,981,3.1,2.8,63.0,0.21,56.0
2026-09-17T20:48:16+08:00,FJ-02,978,3.2,2.8,62.0,0.21,55.8
2026-09-17T20:49:16+08:00,FJ-02,980,3.2,2.9,62.2,0.21,56.7
2026-09-17T20:50:16+08:00,FJ-02,978,3.2,3.0,62.8,0.21,56.1
2026-09-17T20:51:16+08:00,FJ-02,979,3.2,2.9,61.7,0.21,56.3
2026-09-17T20:52:16+08:00,FJ-02,978,3.2,2.9,63.1,0.21,56.3
2026-09-17T20:53:16+08:00,FJ-02,978,3.2,2.9,63.0,0.21,56.6
2026-09-17T20:54:16+08:00,FJ-02,981,3.3,2.9,63.1,0.21,56.2
2026-09-17T20:55:16+08:00,FJ-02,979,3.3,3.0,62.2,0.21,56.4
2026-09-17T20:56:16+08:00,FJ-02,979,3.3,2.9,62.1,0.21,56.2
2026-09-17T20:57:16+08:00,FJ-02,979,3.2,2.9,62.1,0.21,56.5
2026-09-17T20:58:16+08:00,FJ-02,980,3.2,2.9,62.6,0.21,56.2
2026-09-17T20:59:16+08:00,FJ-02,979,3.2,2.9,62.1,0.21,56.0
2026-09-17T21:00:16+08:00,FJ-02,979,3.2,2.9,62.5,0.21,56.5
2026-09-17T21:01:16+08:00,FJ-02,980,3.3,2.9,62.9,0.21,55.8
2026-09-17T21:02:16+08:00,FJ-02,981,3.2,3.0,63.3,0.21,56.0
2026-09-17T21:03:16+08:00,FJ-02,979,3.2,3.0,62.9,0.21,56.1
2026-09-17T21:04:16+08:00,FJ-02,979,3.2,3.0,62.2,0.21,55.8
2026-09-17T21:05:16+08:00,FJ-02,980,3.3,2.9,62.2,0.21,56.7
2026-09-17T21:06:16+08:00,FJ-02,981,3.3,2.9,63.1,0.21,55.9
2026-09-17T21:07:16+08:00,FJ-02,978,3.1,2.9,61.6,0.21,56.1
2026-09-17T21:08:16+08:00,FJ-02,981,3.2,2.9,62.5,0.21,56.2
2026-09-17T21:09:16+08:00,FJ-02,979,3.2,3.0,62.3,0.21,56.1
2026-09-17T21:10:16+08:00,FJ-02,978,3.3,3.0,61.9,0.22,56.0
2026-09-17T21:11:16+08:00,FJ-02,980,3.2,2.9,62.6,0.21,56.5
2026-09-17T21:12:16+08:00,FJ-02,980,3.2,3.0,61.3,0.21,56.3
2026-09-17T21:13:16+08:00,FJ-02,981,3.2,2.9,62.4,0.21,56.1
2026-09-17T21:14:16+08:00,FJ-02,979,3.3,2.8,61.5,0.21,55.7
2026-09-17T21:15:16+08:00,FJ-02,979,3.2,2.9,62.2,0.21,55.6
2026-09-17T21:16:16+08:00,FJ-02,979,3.2,2.9,62.4,0.21,56.4
2026-09-17T21:17:16+08:00,FJ-02,980,3.2,3.0,62.8,0.2,56.4
2026-09-17T21:18:16+08:00,FJ-02,981,3.2,3.0,62.2,0.21,56.0
2026-09-17T21:19:16+08:00,FJ-02,979,3.3,3.0,62.8,0.21,56.1
2026-09-17T21:20:16+08:00,FJ-02,980,3.2,2.9,62.1,0.22,56.0
2026-09-17T21:21:16+08:00,FJ-02,979,3.2,2.9,61.9,0.21,56.2
2026-09-17T21:22:16+08:00,FJ-02,978,3.2,2.8,62.1,0.21,55.9
2026-09-17T21:23:16+08:00,FJ-02,978,3.2,3.0,62.1,0.22,56.6
2026-09-17T21:24:16+08:00,FJ-02,979,3.2,3.0,61.5,0.2,56.2
2026-09-17T21:25:16+08:00,FJ-02,981,3.2,2.9,63.0,0.21,56.3
2026-09-17T21:26:16+08:00,FJ-02,979,3.2,2.9,62.9,0.22,56.2
2026-09-17T21:27:16+08:00,FJ-02,980,3.2,3.0,63.4,0.21,56.0
2026-09-17T21:28:16+08:00,FJ-02,979,3.2,2.9,62.3,0.21,55.7
2026-09-17T21:29:16+08:00,FJ-02,980,3.2,3.0,62.7,0.21,55.8
2026-09-17T21:30:16+08:00,FJ-02,980,3.2,3.0,62.6,0.21,55.9
2026-09-17T21:31:16+08:00,FJ-02,980,3.2,2.9,62.3,0.21,56.7
2026-09-17T21:32:16+08:00,FJ-02,979,3.3,2.9,62.4,0.21,56.0
2026-09-17T21:33:16+08:00,FJ-02,979,3.3,2.9,63.0,0.21,55.6
2026-09-17T21:34:16+08:00,FJ-02,978,3.3,3.0,62.9,0.21,56.1
2026-09-17T21:35:16+08:00,FJ-02,980,3.2,2.9,61.4,0.21,56.0
2026-09-17T21:36:16+08:00,FJ-02,979,3.2,3.0,63.0,0.21,55.7
2026-09-17T21:37:16+08:00,FJ-02,979,3.2,2.9,63.4,0.21,56.4
2026-09-17T21:38:16+08:00,FJ-02,979,3.2,2.9,62.6,0.21,56.7
2026-09-17T21:39:16+08:00,FJ-02,979,3.2,3.0,61.5,0.21,55.8
2026-09-17T21:40:16+08:00,FJ-02,980,3.2,3.0,62.8,0.21,56.0
2026-09-17T21:41:16+08:00,FJ-02,980,3.2,2.9,61.8,0.21,56.3
2026-09-17T21:42:16+08:00,FJ-02,979,3.2,2.9,62.1,0.21,55.6
2026-09-17T21:43:16+08:00,FJ-02,978,3.2,3.0,62.1,0.21,56.1
2026-09-17T21:44:16+08:00,FJ-02,979,3.2,2.9,62.6,0.21,55.8
2026-09-17T21:45:16+08:00,FJ-02,979,3.3,3.0,61.6,0.21,56.2
2026-09-17T21:46:16+08:00,FJ-02,980,3.3,3.0,62.1,0.21,56.2
2026-09-17T21:47:16+08:00,FJ-02,979,3.2,2.9,62.4,0.21,56.2
2026-09-17T21:48:16+08:00,FJ-02,978,3.2,2.9,63.0,0.21,55.8
2026-09-17T21:49:16+08:00,FJ-02,981,3.2,3.0,62.4,0.21,56.1
2026-09-17T21:50:16+08:00,FJ-02,980,3.3,2.9,62.6,0.21,56.4
2026-09-17T21:51:16+08:00,FJ-02,980,3.2,2.9,62.2,0.21,56.9
2026-09-17T21:52:16+08:00,FJ-02,978,3.3,3.0,62.5,0.21,56.5
2026-09-17T21:53:16+08:00,FJ-02,979,3.2,3.0,62.4,0.21,56.2
2026-09-17T21:54:16+08:00,FJ-02,980,3.2,2.9,63.0,0.21,56.1
2026-09-17T21:55:16+08:00,FJ-02,980,3.2,3.0,62.9,0.21,56.2
2026-09-17T21:56:16+08:00,FJ-02,980,3.2,3.0,62.0,0.21,56.2
2026-09-17T21:57:16+08:00,FJ-02,979,3.2,2.9,62.7,0.22,56.2
2026-09-17T21:58:16+08:00,FJ-02,980,3.3,3.0,62.6,0.21,56.5
2026-09-17T21:59:16+08:00,FJ-02,979,3.2,2.9,62.6,0.21,56.1
2026-09-17T22:00:16+08:00,FJ-02,980,3.2,2.9,62.1,0.21,56.2
2026-09-17T22:01:16+08:00,FJ-02,979,3.2,2.9,61.9,0.21,56.3
2026-09-17T22:02:16+08:00,FJ-02,978,3.3,3.0,63.0,0.21,56.3
2026-09-17T22:03:16+08:00,FJ-02,979,3.3,2.9,62.5,0.21,56.1
2026-09-17T22:04:16+08:00,FJ-02,981,3.3,3.0,62.5,0.21,55.6
2026-09-17T22:05:16+08:00,FJ-02,980,3.3,3.0,62.5,0.21,56.2
2026-09-17T22:06:16+08:00,FJ-02,979,3.2,3.1,62.8,0.21,55.8
2026-09-17T22:07:16+08:00,FJ-02,979,3.3,2.9,62.6,0.21,56.8
2026-09-17T22:08:16+08:00,FJ-02,980,3.3,2.9,62.0,0.21,56.2
2026-09-17T22:09:16+08:00,FJ-02,978,3.2,2.9,62.7,0.21,55.8
2026-09-17T22:10:16+08:00,FJ-02,980,3.3,2.9,62.7,0.21,56.3
2026-09-17T22:11:16+08:00,FJ-02,979,3.3,2.9,62.4,0.21,56.1
2026-09-17T22:12:16+08:00,FJ-02,980,3.3,2.9,63.0,0.21,56.7
2026-09-17T22:13:16+08:00,FJ-02,980,3.2,3.0,62.7,0.21,56.9
2026-09-17T22:14:16+08:00,FJ-02,980,3.2,2.9,62.8,0.21,56.6
2026-09-17T22:15:16+08:00,FJ-02,979,3.1,3.0,63.3,0.21,56.1
2026-09-17T22:16:16+08:00,FJ-02,979,3.3,3.0,62.8,0.21,56.1
2026-09-17T22:17:16+08:00,FJ-02,978,3.2,2.9,62.0,0.21,55.9
2026-09-17T22:18:16+08:00,FJ-02,980,3.1,2.8,62.1,0.21,56.3
2026-09-17T22:19:16+08:00,FJ-02,979,3.2,2.9,62.6,0.21,55.9
2026-09-17T22:20:16+08:00,FJ-02,980,3.2,3.0,62.5,0.22,56.3
2026-09-17T22:21:16+08:00,FJ-02,979,3.3,2.9,62.8,0.22,56.5
2026-09-17T22:22:16+08:00,FJ-02,978,3.2,2.9,62.0,0.21,55.9
2026-09-17T22:23:16+08:00,FJ-02,979,3.3,2.9,62.3,0.21,56.3
2026-09-17T22:24:16+08:00,FJ-02,980,3.2,3.0,61.8,0.21,55.9
2026-09-17T22:25:16+08:00,FJ-02,979,3.3,2.9,61.9,0.21,56.2
2026-09-17T22:26:16+08:00,FJ-02,979,3.2,3.0,62.4,0.22,56.3
2026-09-17T22:27:16+08:00,FJ-02,979,3.2,3.0,61.2,0.21,55.9
2026-09-17T22:28:16+08:00,FJ-02,981,3.2,2.8,61.6,0.21,56.0
2026-09-17T22:29:16+08:00,FJ-02,978,3.3,2.9,63.2,0.21,56.3
2026-09-17T22:30:16+08:00,FJ-02,980,3.1,3.0,63.0,0.21,56.5
2026-09-17T22:31:16+08:00,FJ-02,978,3.2,2.9,62.3,0.21,56.1
2026-09-17T22:32:16+08:00,FJ-02,979,3.3,2.9,62.6,0.21,56.4
2026-09-17T22:33:16+08:00,FJ-02,978,3.2,3.0,61.0,0.21,56.1
2026-09-17T22:34:16+08:00,FJ-02,979,3.2,3.0,62.7,0.21,56.3
2026-09-17T22:35:16+08:00,FJ-02,981,3.2,2.8,62.0,0.22,56.2
2026-09-17T22:36:16+08:00,FJ-02,978,3.2,2.9,62.6,0.21,56.3
2026-09-17T22:37:16+08:00,FJ-02,981,3.2,3.0,62.6,0.21,56.4
2026-09-17T22:38:16+08:00,FJ-02,979,3.3,2.9,62.0,0.22,56.0
2026-09-17T22:39:16+08:00,FJ-02,979,3.2,2.9,62.3,0.21,56.0
2026-09-17T22:40:16+08:00,FJ-02,979,3.2,3.0,61.6,0.21,56.6
2026-09-17T22:41:16+08:00,FJ-02,979,3.2,2.9,62.9,0.21,56.5
2026-09-17T22:42:16+08:00,FJ-02,981,3.2,3.0,63.3,0.21,56.1
2026-09-17T22:43:16+08:00,FJ-02,979,3.3,2.9,62.1,0.21,56.1
2026-09-17T22:44:16+08:00,FJ-02,979,3.2,3.0,62.3,0.21,56.4
2026-09-17T22:45:16+08:00,FJ-02,980,3.2,2.9,62.7,0.21,56.1
2026-09-17T22:46:16+08:00,FJ-02,979,3.2,2.9,63.4,0.21,56.1
2026-09-17T22:47:16+08:00,FJ-02,980,3.3,3.0,62.7,0.21,56.1
2026-09-17T22:48:16+08:00,FJ-02,980,3.2,3.0,62.8,0.21,56.2
2026-09-17T22:49:16+08:00,FJ-02,980,3.2,2.9,62.0,0.21,56.3
2026-09-17T22:50:16+08:00,FJ-02,980,3.3,3.0,62.1,0.21,56.5
2026-09-17T22:51:16+08:00,FJ-02,978,3.2,2.9,63.5,0.22,56.4
2026-09-17T22:52:16+08:00,FJ-02,979,3.3,2.9,62.8,0.21,56.5
2026-09-17T22:53:16+08:00,FJ-02,978,3.2,3.0,62.2,0.21,56.0
2026-09-17T22:54:16+08:00,FJ-02,979,3.2,3.0,61.8,0.21,56.1
2026-09-17T22:55:16+08:00,FJ-02,978,3.3,2.9,61.9,0.21,56.4
2026-09-17T22:56:16+08:00,FJ-02,979,3.2,2.9,62.5,0.21,56.2
2026-09-17T22:57:16+08:00,FJ-02,978,3.1,3.0,62.6,0.21,56.4
2026-09-17T22:58:16+08:00,FJ-02,979,3.3,2.9,62.2,0.21,56.2
2026-09-17T22:59:16+08:00,FJ-02,979,3.2,3.1,62.8,0.21,56.4
2026-09-17T23:00:16+08:00,FJ-02,979,3.2,3.0,63.3,0.22,56.5
2026-09-17T23:01:16+08:00,FJ-02,980,3.2,2.9,62.5,0.21,55.9
2026-09-17T23:02:16+08:00,FJ-02,978,3.2,3.0,61.9,0.21,56.4
2026-09-17T23:03:16+08:00,FJ-02,980,3.3,2.9,62.2,0.21,56.2
2026-09-17T23:04:16+08:00,FJ-02,979,3.3,2.9,62.8,0.21,56.3
2026-09-17T23:05:16+08:00,FJ-02,979,3.2,3.0,61.7,0.22,56.2
2026-09-17T23:06:16+08:00,FJ-02,979,3.3,2.9,63.1,0.22,56.5
2026-09-17T23:07:16+08:00,FJ-02,979,3.2,3.1,62.5,0.21,56.6
2026-09-17T23:08:16+08:00,FJ-02,980,3.3,2.9,62.5,0.21,56.2
2026-09-17T23:09:16+08:00,FJ-02,980,3.2,3.0,62.6,0.21,56.5
2026-09-17T23:10:16+08:00,FJ-02,979,3.3,2.8,62.2,0.21,56.1
2026-09-17T23:11:16+08:00,FJ-02,979,3.2,3.0,62.4,0.22,55.7
2026-09-17T23:12:16+08:00,FJ-02,979,3.1,2.9,62.2,0.2,56.1
2026-09-17T23:13:16+08:00,FJ-02,980,3.3,2.9,62.4,0.21,56.7
2026-09-17T23:14:16+08:00,FJ-02,980,3.2,2.9,62.8,0.21,56.2
2026-09-17T23:15:16+08:00,FJ-02,980,3.2,3.0,62.5,0.22,56.4
2026-09-17T23:16:16+08:00,FJ-02,979,3.2,3.0,63.1,0.22,56.5
2026-09-17T23:17:16+08:00,FJ-02,979,3.2,2.9,62.5,0.22,56.3
2026-09-17T23:18:16+08:00,FJ-02,978,3.2,2.9,62.2,0.21,56.6
2026-09-17T23:19:16+08:00,FJ-02,980,3.1,3.0,62.5,0.21,56.3
2026-09-17T23:20:16+08:00,FJ-02,978,3.3,3.0,62.4,0.21,56.5
2026-09-17T23:21:16+08:00,FJ-02,980,3.3,2.9,62.4,0.21,55.8
2026-09-17T23:22:16+08:00,FJ-02,979,3.3,2.9,62.4,0.22,56.5
2026-09-17T23:23:16+08:00,FJ-02,979,3.2,3.0,62.3,0.22,56.1
2026-09-17T23:24:16+08:00,FJ-02,979,3.2,2.9,62.9,0.21,56.2
2026-09-17T23:25:16+08:00,FJ-02,980,3.2,3.0,62.3,0.21,56.2
2026-09-17T23:26:16+08:00,FJ-02,979,3.3,3.0,61.9,0.21,55.6
2026-09-17T23:27:16+08:00,FJ-02,979,3.3,2.9,61.6,0.21,55.9
2026-09-17T23:28:16+08:00,FJ-02,979,3.2,3.0,62.8,0.21,56.5
2026-09-17T23:29:16+08:00,FJ-02,978,3.3,3.0,61.9,0.21,56.2
2026-09-17T23:30:16+08:00,FJ-02,980,3.2,3.1,62.5,0.21,56.1
2026-09-17T23:31:16+08:00,FJ-02,979,3.3,2.9,62.4,0.21,56.4
2026-09-17T23:32:16+08:00,FJ-02,979,3.2,2.9,62.6,0.21,56.8
2026-09-17T23:33:16+08:00,FJ-02,978,3.2,2.9,62.4,0.21,56.8
2026-09-17T23:34:16+08:00,FJ-02,981,3.2,2.9,61.6,0.21,56.6
2026-09-17T23:35:16+08:00,FJ-02,979,3.2,2.8,62.0,0.21,55.9
2026-09-17T23:36:16+08:00,FJ-02,979,3.3,2.9,63.3,0.21,56.5
2026-09-17T23:37:16+08:00,FJ-02,980,3.2,3.0,62.3,0.21,56.2
2026-09-17T23:38:16+08:00,FJ-02,979,3.3,2.8,62.7,0.21,56.1
2026-09-17T23:39:16+08:00,FJ-02,979,3.2,3.0,62.8,0.21,56.2
2026-09-17T23:40:16+08:00,FJ-02,980,3.2,2.9,62.2,0.21,56.6
2026-09-17T23:41:16+08:00,FJ-02,980,3.2,2.9,62.0,0.21,56.2
2026-09-17T23:42:16+08:00,FJ-02,979,3.2,2.9,62.6,0.21,56.1
2026-09-17T23:43:16+08:00,FJ-02,980,3.3,3.0,62.2,0.21,56.1
2026-09-17T23:44:16+08:00,FJ-02,979,3.2,2.9,62.5,0.21,56.1
2026-09-17T23:45:16+08:00,FJ-02,979,3.3,3.0,63.2,0.21,56.2
2026-09-17T23:46:16+08:00,FJ-02,979,3.2,2.9,63.3,0.21,56.1
2026-09-17T23:47:16+08:00,FJ-02,980,3.2,2.9,62.4,0.21,56.3
2026-09-17T23:48:16+08:00,FJ-02,979,3.2,2.9,62.2,0.21,56.5
2026-09-17T23:49:16+08:00,FJ-02,980,3.2,2.9,62.6,0.22,56.8
2026-09-17T23:50:16+08:00,FJ-02,979,3.3,2.9,62.4,0.21,56.1
2026-09-17T23:51:16+08:00,FJ-02,979,3.2,2.9,62.0,0.22,56.9
2026-09-17T23:52:16+08:00,FJ-02,979,3.2,2.9,63.1,0.21,56.6
2026-09-17T23:53:16+08:00,FJ-02,980,3.2,2.9,62.6,0.21,56.1
2026-09-17T23:54:16+08:00,FJ-02,980,3.2,2.8,62.4,0.21,56.5
2026-09-17T23:55:16+08:00,FJ-02,980,3.2,3.0,62.2,0.21,56.5
2026-09-17T23:56:16+08:00,FJ-02,979,3.2,2.9,62.4,0.21,55.5
2026-09-17T23:57:16+08:00,FJ-02,978,3.3,2.9,62.2,0.21,56.1
2026-09-17T23:58:16+08:00,FJ-02,978,3.3,3.0,62.3,0.21,56.6
2026-09-17T23:59:16+08:00,FJ-02,980,3.3,2.9,62.3,0.21,56.2
2026-09-18T00:00:16+08:00,FJ-02,979,3.3,2.9,62.5,0.21,55.9
2026-09-18T00:01:16+08:00,FJ-02,979,3.2,2.9,62.3,0.21,56.1
2026-09-18T00:02:16+08:00,FJ-02,980,3.3,2.9,62.3,0.21,55.9
2026-09-18T00:03:16+08:00,FJ-02,980,3.2,2.9,61.5,0.21,56.8
2026-09-18T00:04:16+08:00,FJ-02,978,3.3,2.9,62.1,0.21,55.9
2026-09-18T00:05:16+08:00,FJ-02,980,3.2,3.0,62.1,0.21,56.0
2026-09-18T00:06:16+08:00,FJ-02,980,3.1,2.9,63.3,0.21,56.4
2026-09-18T00:07:16+08:00,FJ-02,979,3.3,2.9,62.1,0.21,55.8
2026-09-18T00:08:16+08:00,FJ-02,979,3.3,2.9,61.9,0.21,56.2
2026-09-18T00:09:16+08:00,FJ-02,981,3.3,3.0,62.9,0.21,56.1
2026-09-18T00:10:16+08:00,FJ-02,980,3.3,2.9,61.9,0.21,56.3
2026-09-18T00:11:16+08:00,FJ-02,980,3.3,2.9,62.1,0.22,56.9
2026-09-18T00:12:16+08:00,FJ-02,979,3.2,2.9,62.9,0.21,56.1
2026-09-18T00:13:16+08:00,FJ-02,980,3.2,2.9,63.1,0.21,56.0
2026-09-18T00:14:16+08:00,FJ-02,978,3.2,2.8,62.6,0.21,56.2
2026-09-18T00:15:16+08:00,FJ-02,979,3.3,3.0,63.1,0.21,56.6
2026-09-18T00:16:16+08:00,FJ-02,980,3.2,2.9,62.6,0.21,55.9
2026-09-18T00:17:16+08:00,FJ-02,979,3.3,2.9,62.8,0.21,56.8
2026-09-18T00:18:16+08:00,FJ-02,978,3.3,2.9,61.9,0.21,56.4
2026-09-18T00:19:16+08:00,FJ-02,979,3.2,2.9,61.7,0.21,56.1
2026-09-18T00:20:16+08:00,FJ-02,980,3.2,2.9,62.3,0.21,56.3
2026-09-18T00:21:16+08:00,FJ-02,978,3.3,2.9,62.5,0.21,56.0
2026-09-18T00:22:16+08:00,FJ-02,979,3.2,2.9,62.3,0.21,56.5
2026-09-18T00:23:16+08:00,FJ-02,978,3.3,2.9,62.4,0.21,56.2
2026-09-18T00:24:16+08:00,FJ-02,981,3.2,3.0,61.9,0.21,57.0
2026-09-18T00:25:16+08:00,FJ-02,979,3.3,2.9,62.0,0.21,55.8
2026-09-18T00:26:16+08:00,FJ-02,979,3.2,3.0,62.6,0.21,55.9
2026-09-18T00:27:16+08:00,FJ-02,979,3.3,2.9,62.6,0.21,56.8
2026-09-18T00:28:16+08:00,FJ-02,979,3.1,3.0,62.8,0.21,55.9
2026-09-18T00:29:16+08:00,FJ-02,979,3.2,2.9,62.5,0.21,56.4
2026-09-18T00:30:16+08:00,FJ-02,979,3.2,3.0,62.2,0.22,56.3
2026-09-18T00:31:16+08:00,FJ-02,979,3.3,3.0,61.9,0.2,56.6
2026-09-18T00:32:16+08:00,FJ-02,979,3.1,2.9,62.5,0.22,56.3
2026-09-18T00:33:16+08:00,FJ-02,979,3.2,3.0,62.6,0.21,55.8
2026-09-18T00:34:16+08:00,FJ-02,979,3.2,2.9,62.4,0.21,56.6
2026-09-18T00:35:16+08:00,FJ-02,980,3.3,2.9,62.9,0.21,56.9
2026-09-18T00:36:16+08:00,FJ-02,981,3.2,3.0,62.2,0.21,56.0
2026-09-18T00:37:16+08:00,FJ-02,978,3.2,3.0,63.5,0.22,56.2
2026-09-18T00:38:16+08:00,FJ-02,979,3.2,3.0,62.5,0.21,56.5
2026-09-18T00:39:16+08:00,FJ-02,980,3.3,2.9,61.9,0.21,56.2
2026-09-18T00:40:16+08:00,FJ-02,978,3.2,2.9,62.6,0.21,56.0
2026-09-18T00:41:16+08:00,FJ-02,979,3.2,3.0,62.6,0.21,55.9
2026-09-18T00:42:16+08:00,FJ-02,978,3.3,2.9,63.5,0.21,56.6
2026-09-18T00:43:16+08:00,FJ-02,978,3.3,2.8,62.9,0.21,55.7
2026-09-18T00:44:16+08:00,FJ-02,978,3.2,2.9,62.4,0.22,56.2
2026-09-18T00:45:16+08:00,FJ-02,979,3.3,3.0,62.6,0.22,56.1
2026-09-18T00:46:16+08:00,FJ-02,979,3.2,2.9,62.5,0.21,56.1
2026-09-18T00:47:16+08:00,FJ-02,980,3.1,2.9,62.1,0.21,56.2
2026-09-18T00:48:16+08:00,FJ-02,980,3.2,3.0,62.7,0.21,56.4
2026-09-18T00:49:16+08:00,FJ-02,978,3.3,3.0,61.6,0.21,55.9
2026-09-18T00:50:16+08:00,FJ-02,979,3.3,2.9,62.8,0.21,55.9
2026-09-18T00:51:16+08:00,FJ-02,979,3.2,2.9,63.3,0.22,56.5
2026-09-18T00:52:16+08:00,FJ-02,979,3.2,2.9,61.7,0.21,56.5
2026-09-18T00:53:16+08:00,FJ-02,980,3.3,2.9,62.1,0.21,55.9
2026-09-18T00:54:16+08:00,FJ-02,979,3.2,2.9,62.0,0.21,56.4
2026-09-18T00:55:16+08:00,FJ-02,980,3.2,2.9,62.8,0.21,56.0
2026-09-18T00:56:16+08:00,FJ-02,979,3.3,2.9,63.3,0.21,56.1
2026-09-18T00:57:16+08:00,FJ-02,980,3.2,2.9,62.3,0.2,56.1
2026-09-18T00:58:16+08:00,FJ-02,981,3.3,2.9,63.0,0.21,56.2
2026-09-18T00:59:16+08:00,FJ-02,978,3.3,2.9,62.8,0.21,55.6
2026-09-18T01:00:16+08:00,FJ-02,979,3.2,2.9,63.2,0.22,56.1
2026-09-18T01:01:16+08:00,FJ-02,979,3.2,3.0,63.1,0.21,56.2
2026-09-18T01:02:16+08:00,FJ-02,980,3.3,2.9,63.1,0.21,56.9
2026-09-18T01:03:16+08:00,FJ-02,978,3.3,2.9,62.8,0.22,56.9
2026-09-18T01:04:16+08:00,FJ-02,979,3.2,3.0,62.5,0.21,55.9
2026-09-18T01:05:16+08:00,FJ-02,979,3.2,3.0,62.0,0.21,56.5
2026-09-18T01:06:16+08:00,FJ-02,979,3.2,2.8,62.7,0.21,56.3
2026-09-18T01:07:16+08:00,FJ-02,981,3.3,2.9,62.6,0.21,56.1
2026-09-18T01:08:16+08:00,FJ-02,980,3.3,2.9,62.0,0.21,56.4
2026-09-18T01:09:16+08:00,FJ-02,979,3.3,3.0,62.7,0.21,56.4
2026-09-18T01:10:16+08:00,FJ-02,980,3.2,2.8,62.7,0.21,56.6
2026-09-18T01:11:16+08:00,FJ-02,980,3.2,2.9,62.4,0.21,56.5
2026-09-18T01:12:16+08:00,FJ-02,979,3.4,2.9,62.6,0.22,56.5
2026-09-18T01:13:16+08:00,FJ-02,978,3.3,2.9,63.3,0.21,55.8
2026-09-18T01:14:16+08:00,FJ-02,981,3.2,3.0,62.6,0.21,56.2
2026-09-18T01:15:16+08:00,FJ-02,980,3.3,2.9,63.1,0.21,56.5
2026-09-18T01:16:16+08:00,FJ-02,980,3.2,3.0,62.5,0.21,56.5
2026-09-18T01:17:16+08:00,FJ-02,979,3.2,2.9,63.2,0.21,56.4
2026-09-18T01:18:16+08:00,FJ-02,979,3.2,3.0,62.7,0.21,56.1
2026-09-18T01:19:16+08:00,FJ-02,979,3.2,3.0,62.3,0.21,55.9
2026-09-18T01:20:16+08:00,FJ-02,979,3.3,2.9,62.6,0.21,56.5
2026-09-18T01:21:16+08:00,FJ-02,979,3.2,3.0,63.1,0.21,56.1
2026-09-18T01:22:16+08:00,FJ-02,980,3.2,2.9,64.0,0.21,55.9
2026-09-18T01:23:16+08:00,FJ-02,979,3.3,2.9,63.3,0.22,55.8
2026-09-18T01:24:16+08:00,FJ-02,979,3.2,2.9,63.1,0.22,56.0
2026-09-18T01:25:16+08:00,FJ-02,980,3.3,3.0,62.9,0.21,56.2
2026-09-18T01:26:16+08:00,FJ-02,980,3.2,3.0,62.3,0.21,56.6
2026-09-18T01:27:16+08:00,FJ-02,979,3.3,3.0,63.0,0.21,56.5
2026-09-18T01:28:16+08:00,FJ-02,980,3.2,2.9,61.6,0.21,56.3
2026-09-18T01:29:16+08:00,FJ-02,980,3.2,3.0,62.8,0.21,56.6
2026-09-18T01:30:16+08:00,FJ-02,980,3.2,2.8,63.1,0.22,56.3
2026-09-18T01:31:16+08:00,FJ-02,980,3.3,2.9,63.5,0.21,56.2
2026-09-18T01:32:16+08:00,FJ-02,981,3.2,2.9,62.2,0.21,56.5
2026-09-18T01:33:16+08:00,FJ-02,979,3.2,2.9,62.7,0.21,56.4
2026-09-18T01:34:16+08:00,FJ-02,979,3.3,2.9,61.9,0.21,55.5
2026-09-18T01:35:16+08:00,FJ-02,980,3.3,2.9,62.3,0.21,56.7
2026-09-18T01:36:16+08:00,FJ-02,980,3.2,2.9,61.7,0.21,56.5
2026-09-18T01:37:16+08:00,FJ-02,979,3.3,2.9,62.6,0.21,56.6
2026-09-18T01:38:16+08:00,FJ-02,979,3.2,2.9,62.5,0.21,56.3
2026-09-18T01:39:16+08:00,FJ-02,978,3.2,2.9,62.6,0.21,56.2
2026-09-18T01:40:16+08:00,FJ-02,979,3.3,3.0,62.4,0.21,56.5
2026-09-18T01:41:16+08:00,FJ-02,978,3.3,2.9,62.8,0.21,56.3
2026-09-18T01:42:16+08:00,FJ-02,980,3.3,2.9,62.0,0.21,56.2
2026-09-18T01:43:16+08:00,FJ-02,980,3.3,2.9,62.7,0.21,55.9
2026-09-18T01:44:16+08:00,FJ-02,981,3.3,2.9,63.3,0.21,56.1
2026-09-18T01:45:16+08:00,FJ-02,979,3.2,2.8,62.8,0.21,56.9
2026-09-18T01:46:16+08:00,FJ-02,980,3.2,2.9,62.2,0.21,56.5
2026-09-18T01:47:16+08:00,FJ-02,980,3.3,2.9,62.7,0.21,56.0
2026-09-18T01:48:16+08:00,FJ-02,980,3.2,3.0,63.3,0.21,56.4
2026-09-18T01:49:16+08:00,FJ-02,978,3.3,3.0,62.6,0.21,56.3
2026-09-18T01:50:16+08:00,FJ-02,979,3.2,2.9,62.3,0.21,56.3
2026-09-18T01:51:16+08:00,FJ-02,978,3.3,3.0,63.1,0.22,56.4
2026-09-18T01:52:16+08:00,FJ-02,979,3.2,2.9,61.6,0.21,56.2
2026-09-18T01:53:16+08:00,FJ-02,979,3.3,2.9,62.4,0.21,56.4
2026-09-18T01:54:16+08:00,FJ-02,979,3.2,3.0,63.0,0.21,56.8
2026-09-18T01:55:16+08:00,FJ-02,980,3.3,2.9,62.6,0.21,56.4
2026-09-18T01:56:16+08:00,FJ-02,980,3.2,3.0,63.4,0.21,56.0
2026-09-18T01:57:16+08:00,FJ-02,980,3.3,3.0,62.4,0.21,56.7
2026-09-18T01:58:16+08:00,FJ-02,979,3.2,2.9,63.7,0.21,57.1
2026-09-18T01:59:16+08:00,FJ-02,979,3.3,2.9,62.3,0.21,56.0
2026-09-18T02:00:16+08:00,FJ-02,979,3.3,3.0,62.6,0.21,56.5
2026-09-18T02:01:16+08:00,FJ-02,979,3.3,2.9,62.6,0.21,55.9
2026-09-18T02:02:16+08:00,FJ-02,979,3.3,2.9,63.0,0.21,57.1
2026-09-18T02:03:16+08:00,FJ-02,980,3.2,2.9,62.1,0.21,56.2
2026-09-18T02:04:16+08:00,FJ-02,979,3.3,2.9,61.6,0.21,56.1
2026-09-18T02:05:16+08:00,FJ-02,980,3.3,2.9,62.6,0.21,56.1
2026-09-18T02:06:16+08:00,FJ-02,979,3.3,3.0,63.5,0.22,56.3
2026-09-18T02:07:16+08:00,FJ-02,979,3.3,3.0,62.0,0.21,56.1
2026-09-18T02:08:16+08:00,FJ-02,979,3.3,2.9,62.4,0.21,56.4
2026-09-18T02:09:16+08:00,FJ-02,980,3.2,3.0,62.6,0.21,56.5
2026-09-18T02:10:16+08:00,FJ-02,980,3.2,2.9,63.1,0.21,56.3
2026-09-18T02:11:16+08:00,FJ-02,980,3.2,2.9,62.8,0.22,56.4
2026-09-18T02:12:16+08:00,FJ-02,981,3.2,3.0,62.8,0.21,56.1
2026-09-18T02:13:16+08:00,FJ-02,979,3.2,3.0,62.7,0.21,56.6
2026-09-18T02:14:16+08:00,FJ-02,980,3.2,2.9,63.1,0.21,56.2
2026-09-18T02:15:16+08:00,FJ-02,979,3.1,2.9,62.9,0.21,56.3
2026-09-18T02:16:16+08:00,FJ-02,979,3.2,3.0,62.3,0.21,56.5
2026-09-18T02:17:16+08:00,FJ-02,979,3.2,3.0,62.3,0.21,55.8
2026-09-18T02:18:16+08:00,FJ-02,978,3.2,2.9,62.7,0.21,55.7
2026-09-18T02:19:16+08:00,FJ-02,978,3.2,3.0,62.6,0.21,56.0
2026-09-18T02:20:16+08:00,FJ-02,980,3.2,2.9,63.0,0.22,56.6
2026-09-18T02:21:16+08:00,FJ-02,978,3.2,3.0,62.9,0.21,56.4
2026-09-18T02:22:16+08:00,FJ-02,979,3.2,2.9,62.2,0.22,56.5
2026-09-18T02:23:16+08:00,FJ-02,981,3.2,3.0,62.5,0.22,56.0
2026-09-18T02:24:16+08:00,FJ-02,979,3.2,3.0,62.2,0.21,56.5
2026-09-18T02:25:16+08:00,FJ-02,977,3.2,3.0,62.0,0.21,56.9
2026-09-18T02:26:16+08:00,FJ-02,980,3.2,2.9,62.6,0.21,56.5
2026-09-18T02:27:16+08:00,FJ-02,981,3.1,2.9,61.6,0.21,55.8
2026-09-18T02:28:16+08:00,FJ-02,979,3.2,3.0,62.0,0.21,56.2
2026-09-18T02:29:16+08:00,FJ-02,980,3.2,3.0,61.9,0.21,56.4
2026-09-18T02:30:16+08:00,FJ-02,980,3.2,2.9,61.9,0.21,56.5
2026-09-18T02:31:16+08:00,FJ-02,978,3.1,3.0,62.2,0.21,56.1
2026-09-18T02:32:16+08:00,FJ-02,979,3.2,3.0,62.7,0.21,56.1
2026-09-18T02:33:16+08:00,FJ-02,979,3.4,2.9,61.6,0.22,56.4
2026-09-18T02:34:16+08:00,FJ-02,980,3.2,3.0,63.1,0.22,56.2
2026-09-18T02:35:16+08:00,FJ-02,979,3.3,2.8,62.9,0.22,55.9
2026-09-18T02:36:16+08:00,FJ-02,979,3.2,2.9,62.4,0.21,56.7
2026-09-18T02:37:16+08:00,FJ-02,979,3.2,2.9,62.4,0.21,56.3
2026-09-18T02:38:16+08:00,FJ-02,979,3.3,2.9,62.9,0.21,56.3
2026-09-18T02:39:16+08:00,FJ-02,979,3.3,2.9,62.9,0.21,56.0
2026-09-18T02:40:16+08:00,FJ-02,979,3.2,3.0,62.4,0.21,56.3
2026-09-18T02:41:16+08:00,FJ-02,978,3.2,3.0,62.9,0.21,56.3
2026-09-18T02:42:16+08:00,FJ-02,980,3.2,2.9,62.7,0.21,56.5
2026-09-18T02:43:16+08:00,FJ-02,980,3.3,2.9,62.6,0.21,56.4
2026-09-18T02:44:16+08:00,FJ-02,979,3.3,2.9,62.1,0.21,56.6
2026-09-18T02:45:16+08:00,FJ-02,981,3.1,2.9,62.6,0.21,56.1
2026-09-18T02:46:16+08:00,FJ-02,980,3.2,3.1,62.5,0.21,56.3
2026-09-18T02:47:16+08:00,FJ-02,979,3.3,2.9,63.3,0.21,56.1
2026-09-18T02:48:16+08:00,FJ-02,979,3.2,3.0,63.8,0.21,55.7
2026-09-18T02:49:16+08:00,FJ-02,980,3.1,2.9,63.0,0.21,57.1
2026-09-18T02:50:16+08:00,FJ-02,979,3.2,3.0,63.6,0.21,56.5
2026-09-18T02:51:16+08:00,FJ-02,979,3.3,2.9,63.1,0.22,55.9
2026-09-18T02:52:16+08:00,FJ-02,979,3.2,2.9,63.0,0.21,56.3
2026-09-18T02:53:16+08:00,FJ-02,979,3.2,2.9,63.3,0.21,56.3
2026-09-18T02:54:16+08:00,FJ-02,981,3.3,3.0,62.7,0.21,56.8
2026-09-18T02:55:16+08:00,FJ-02,981,3.2,3.0,62.2,0.21,55.1
2026-09-18T02:56:16+08:00,FJ-02,980,3.1,3.0,63.1,0.21,56.2
2026-09-18T02:57:16+08:00,FJ-02,978,3.3,3.0,62.6,0.21,55.9
2026-09-18T02:58:16+08:00,FJ-02,980,3.2,3.1,62.0,0.21,56.3
2026-09-18T02:59:16+08:00,FJ-02,979,3.2,3.0,62.3,0.21,56.3
2026-09-18T03:00:16+08:00,FJ-02,979,3.3,3.0,63.0,0.21,56.5
2026-09-18T03:01:16+08:00,FJ-02,980,3.2,3.0,61.7,0.21,56.1
2026-09-18T03:02:16+08:00,FJ-02,979,3.2,3.0,62.8,0.21,55.8
2026-09-18T03:03:16+08:00,FJ-02,980,3.2,3.0,62.9,0.21,56.1
2026-09-18T03:04:16+08:00,FJ-02,978,3.2,2.9,62.6,0.21,56.2
2026-09-18T03:05:16+08:00,FJ-02,978,3.3,3.0,62.5,0.21,56.3
2026-09-18T03:06:16+08:00,FJ-02,981,3.3,2.9,62.9,0.21,56.4
2026-09-18T03:07:16+08:00,FJ-02,978,3.3,2.9,62.3,0.21,56.6
2026-09-18T03:08:16+08:00,FJ-02,979,3.3,2.9,62.4,0.21,56.0
2026-09-18T03:09:16+08:00,FJ-02,979,3.2,2.9,62.3,0.21,56.4
2026-09-18T03:10:16+08:00,FJ-02,980,3.3,2.9,63.1,0.21,56.2
2026-09-18T03:11:16+08:00,FJ-02,979,3.3,2.9,62.8,0.21,56.2
2026-09-18T03:12:16+08:00,FJ-02,980,3.3,3.0,63.0,0.21,56.4
2026-09-18T03:13:16+08:00,FJ-02,978,3.2,2.9,62.4,0.21,56.1
2026-09-18T03:14:16+08:00,FJ-02,980,3.3,2.9,62.6,0.21,56.4
2026-09-18T03:15:16+08:00,FJ-02,979,3.3,2.9,62.8,0.21,56.1
2026-09-18T03:16:16+08:00,FJ-02,980,3.3,2.9,62.9,0.21,56.7
2026-09-18T03:17:16+08:00,FJ-02,979,3.3,2.8,62.2,0.21,56.7
2026-09-18T03:18:16+08:00,FJ-02,981,3.2,2.9,62.9,0.21,56.3
2026-09-18T03:19:16+08:00,FJ-02,980,3.2,2.9,62.4,0.21,55.8
2026-09-18T03:20:16+08:00,FJ-02,980,3.2,2.9,62.5,0.21,56.5
2026-09-18T03:21:16+08:00,FJ-02,979,3.3,2.9,62.6,0.21,56.7
2026-09-18T03:22:16+08:00,FJ-02,979,3.3,3.0,62.7,0.22,56.3
2026-09-18T03:23:16+08:00,FJ-02,979,3.4,3.0,62.4,0.21,56.4
2026-09-18T03:24:16+08:00,FJ-02,980,3.2,2.9,62.6,0.21,56.6
2026-09-18T03:25:16+08:00,FJ-02,980,3.3,2.9,62.7,0.22,56.6
2026-09-18T03:26:16+08:00,FJ-02,980,3.2,3.0,61.9,0.21,55.5
2026-09-18T03:27:16+08:00,FJ-02,979,3.3,2.9,62.6,0.21,56.3
2026-09-18T03:28:16+08:00,FJ-02,979,3.2,2.9,62.8,0.21,56.7
2026-09-18T03:29:16+08:00,FJ-02,979,3.2,3.0,63.3,0.21,56.4
2026-09-18T03:30:16+08:00,FJ-02,978,3.2,2.9,62.9,0.21,56.2
2026-09-18T03:31:16+08:00,FJ-02,980,3.2,2.9,62.8,0.21,56.5
2026-09-18T03:32:16+08:00,FJ-02,979,3.2,2.9,63.0,0.21,55.8
2026-09-18T03:33:16+08:00,FJ-02,977,3.3,3.0,63.0,0.21,56.3
2026-09-18T03:34:16+08:00,FJ-02,979,3.3,2.9,62.6,0.21,56.6
2026-09-18T03:35:16+08:00,FJ-02,979,3.3,2.9,62.3,0.22,56.3
2026-09-18T03:36:16+08:00,FJ-02,978,3.3,2.9,63.0,0.21,56.5
2026-09-18T03:37:16+08:00,FJ-02,980,3.3,3.0,62.3,0.21,56.5
2026-09-18T03:38:16+08:00,FJ-02,980,3.2,2.9,63.1,0.21,56.0
2026-09-18T03:39:16+08:00,FJ-02,980,3.2,3.0,62.4,0.21,56.1
2026-09-18T03:40:16+08:00,FJ-02,978,3.2,2.9,62.4,0.21,55.8
2026-09-18T03:41:16+08:00,FJ-02,980,3.2,2.9,62.8,0.21,56.7
2026-09-18T03:42:16+08:00,FJ-02,979,3.2,2.9,61.9,0.22,56.5
2026-09-18T03:43:16+08:00,FJ-02,980,3.3,3.0,62.7,0.21,56.6
2026-09-18T03:44:16+08:00,FJ-02,979,3.2,2.8,62.7,0.21,55.7
2026-09-18T03:45:16+08:00,FJ-02,980,3.2,2.9,64.1,0.21,55.9
2026-09-18T03:46:16+08:00,FJ-02,978,3.2,3.1,61.9,0.21,56.3
2026-09-18T03:47:16+08:00,FJ-02,980,3.2,3.0,61.9,0.22,56.2
2026-09-18T03:48:16+08:00,FJ-02,978,3.2,3.0,62.9,0.21,56.4
2026-09-18T03:49:16+08:00,FJ-02,980,3.3,3.0,62.5,0.2,56.6
2026-09-18T03:50:16+08:00,FJ-02,979,3.3,3.0,63.0,0.21,56.5
2026-09-18T03:51:16+08:00,FJ-02,979,3.3,2.9,62.2,0.21,56.1
2026-09-18T03:52:16+08:00,FJ-02,980,3.3,2.9,62.0,0.21,56.0
2026-09-18T03:53:16+08:00,FJ-02,981,3.2,2.9,61.9,0.21,56.6
2026-09-18T03:54:16+08:00,FJ-02,978,3.2,3.0,61.6,0.21,56.5
2026-09-18T03:55:16+08:00,FJ-02,980,3.2,3.0,62.4,0.21,55.9
2026-09-18T03:56:16+08:00,FJ-02,981,3.2,3.0,62.0,0.21,56.5
2026-09-18T03:57:16+08:00,FJ-02,980,3.3,3.0,62.3,0.21,56.3
2026-09-18T03:58:16+08:00,FJ-02,980,3.2,2.9,62.7,0.21,55.9
2026-09-18T03:59:16+08:00,FJ-02,982,3.3,2.9,62.7,0.21,56.8
2026-09-18T04:00:16+08:00,FJ-02,979,3.3,2.9,62.8,0.21,56.6
2026-09-18T04:01:16+08:00,FJ-02,979,3.2,2.9,63.0,0.21,56.4
2026-09-18T04:02:16+08:00,FJ-02,979,3.2,2.9,62.3,0.21,56.4
2026-09-18T04:03:16+08:00,FJ-02,980,3.3,3.0,63.2,0.21,56.2
2026-09-18T04:04:16+08:00,FJ-02,978,3.3,3.0,63.5,0.21,56.6
2026-09-18T04:05:16+08:00,FJ-02,980,3.3,2.9,63.7,0.21,55.9
2026-09-18T04:06:16+08:00,FJ-02,978,3.2,3.0,62.7,0.21,56.3
2026-09-18T04:07:16+08:00,FJ-02,979,3.4,3.0,63.6,0.22,56.2
2026-09-18T04:08:16+08:00,FJ-02,980,3.2,2.9,62.1,0.21,55.9
2026-09-18T04:09:16+08:00,FJ-02,980,3.2,2.9,62.5,0.21,56.4
2026-09-18T04:10:16+08:00,FJ-02,978,3.3,3.1,63.0,0.21,56.2
2026-09-18T04:11:16+08:00,FJ-02,980,3.3,2.9,62.7,0.22,56.4
2026-09-18T04:12:16+08:00,FJ-02,979,3.3,2.9,62.7,0.22,56.3
2026-09-18T04:13:16+08:00,FJ-02,980,3.3,3.0,62.2,0.21,56.9
2026-09-18T04:14:16+08:00,FJ-02,981,3.2,3.0,63.1,0.21,56.1
2026-09-18T04:15:16+08:00,FJ-02,980,3.2,2.9,62.8,0.21,56.7
2026-09-18T04:16:16+08:00,FJ-02,978,3.3,3.0,62.8,0.21,56.3
2026-09-18T04:17:16+08:00,FJ-02,980,3.2,2.9,62.2,0.21,56.1
2026-09-18T04:18:16+08:00,FJ-02,980,3.2,2.9,61.7,0.21,55.7
2026-09-18T04:19:16+08:00,FJ-02,979,3.3,2.9,62.9,0.21,56.6
2026-09-18T04:20:16+08:00,FJ-02,980,3.3,3.1,62.5,0.22,56.6
2026-09-18T04:21:16+08:00,FJ-02,978,3.2,2.9,63.2,0.21,56.8
2026-09-18T04:22:16+08:00,FJ-02,979,3.2,2.9,61.9,0.21,56.0
2026-09-18T04:23:16+08:00,FJ-02,979,3.2,2.9,63.0,0.21,56.0
2026-09-18T04:24:16+08:00,FJ-02,979,3.2,3.0,63.4,0.21,56.3
2026-09-18T04:25:16+08:00,FJ-02,979,3.2,2.9,62.4,0.21,55.8
2026-09-18T04:26:16+08:00,FJ-02,978,3.3,3.0,62.1,0.21,56.2
2026-09-18T04:27:16+08:00,FJ-02,979,3.2,2.9,62.8,0.21,56.5
2026-09-18T04:28:16+08:00,FJ-02,979,3.4,2.9,63.3,0.21,55.9
2026-09-18T04:29:16+08:00,FJ-02,979,3.2,2.9,63.0,0.21,56.7
2026-09-18T04:30:16+08:00,FJ-02,980,3.2,2.9,63.5,0.21,56.6
2026-09-18T04:31:16+08:00,FJ-02,981,3.2,2.9,62.4,0.21,56.2
2026-09-18T04:32:16+08:00,FJ-02,980,3.2,3.0,62.0,0.21,56.8
2026-09-18T04:33:16+08:00,FJ-02,980,3.2,3.0,63.0,0.2,56.7
2026-09-18T04:34:16+08:00,FJ-02,980,3.3,2.9,63.3,0.21,56.2
2026-09-18T04:35:16+08:00,FJ-02,980,3.3,3.0,63.4,0.21,56.1
2026-09-18T04:36:16+08:00,FJ-02,982,3.2,2.8,62.0,0.21,56.5
2026-09-18T04:37:16+08:00,FJ-02,980,3.2,2.9,63.2,0.21,56.0
2026-09-18T04:38:16+08:00,FJ-02,980,3.3,3.0,62.9,0.21,56.5
2026-09-18T04:39:16+08:00,FJ-02,979,3.3,2.9,63.2,0.21,56.2
2026-09-18T04:40:16+08:00,FJ-02,978,3.2,2.9,63.4,0.21,56.7
2026-09-18T04:41:16+08:00,FJ-02,981,3.3,2.9,62.6,0.21,56.3
2026-09-18T04:42:16+08:00,FJ-02,979,3.2,2.9,62.4,0.21,56.0
2026-09-18T04:43:16+08:00,FJ-02,980,3.2,2.9,63.0,0.22,56.7
2026-09-18T04:44:16+08:00,FJ-02,979,3.4,2.9,62.3,0.21,56.3
2026-09-18T04:45:16+08:00,FJ-02,980,3.4,2.9,62.3,0.21,56.2
2026-09-18T04:46:16+08:00,FJ-02,979,3.3,2.8,62.7,0.21,56.4
2026-09-18T04:47:16+08:00,FJ-02,979,3.3,2.9,62.1,0.21,56.4
2026-09-18T04:48:16+08:00,FJ-02,982,3.3,3.0,62.7,0.21,57.0
2026-09-18T04:49:16+08:00,FJ-02,979,3.2,3.0,62.3,0.22,56.3
2026-09-18T04:50:16+08:00,FJ-02,978,3.2,3.0,64.0,0.21,56.4
2026-09-18T04:51:16+08:00,FJ-02,978,3.2,2.9,62.5,0.21,56.3
2026-09-18T04:52:16+08:00,FJ-02,980,3.2,3.0,62.1,0.21,56.5
2026-09-18T04:53:16+08:00,FJ-02,979,3.2,3.0,62.4,0.21,56.5
2026-09-18T04:54:16+08:00,FJ-02,980,3.3,2.9,62.5,0.21,56.7
2026-09-18T04:55:16+08:00,FJ-02,979,3.2,3.0,62.9,0.22,56.6
2026-09-18T04:56:16+08:00,FJ-02,980,3.2,2.9,61.5,0.22,56.4
2026-09-18T04:57:16+08:00,FJ-02,980,3.2,2.9,63.4,0.22,56.4
2026-09-18T04:58:16+08:00,FJ-02,979,3.2,2.9,63.3,0.21,56.9
2026-09-18T04:59:16+08:00,FJ-02,978,3.3,2.9,63.1,0.21,56.5
2026-09-18T05:00:16+08:00,FJ-02,979,3.3,3.0,62.8,0.21,56.6
2026-09-18T05:01:16+08:00,FJ-02,981,3.2,2.9,63.4,0.21,56.1
2026-09-18T05:02:16+08:00,FJ-02,979,3.3,3.0,63.4,0.21,56.0
2026-09-18T05:03:16+08:00,FJ-02,979,3.2,2.9,62.6,0.21,56.1
2026-09-18T05:04:16+08:00,FJ-02,980,3.2,2.9,61.3,0.21,56.1
2026-09-18T05:05:16+08:00,FJ-02,978,3.2,3.0,63.1,0.21,56.3
2026-09-18T05:06:16+08:00,FJ-02,979,3.3,2.9,63.0,0.21,56.4
2026-09-18T05:07:16+08:00,FJ-02,981,3.3,2.9,63.2,0.22,56.6
2026-09-18T05:08:16+08:00,FJ-02,981,3.2,3.0,62.7,0.22,56.5
2026-09-18T05:09:16+08:00,FJ-02,979,3.2,3.0,62.5,0.21,56.7
2026-09-18T05:10:16+08:00,FJ-02,979,3.3,3.0,62.2,0.22,56.2
2026-09-18T05:11:16+08:00,FJ-02,980,3.3,3.0,63.2,0.21,56.2
2026-09-18T05:12:16+08:00,FJ-02,979,3.3,3.0,63.3,0.21,56.2
2026-09-18T05:13:16+08:00,FJ-02,980,3.4,3.0,62.7,0.21,56.1
2026-09-18T05:14:16+08:00,FJ-02,978,3.2,2.9,63.3,0.22,56.5
2026-09-18T05:15:16+08:00,FJ-02,979,3.3,3.0,62.2,0.21,55.9
2026-09-18T05:16:16+08:00,FJ-02,981,3.2,3.0,62.5,0.21,56.7
2026-09-18T05:17:16+08:00,FJ-02,979,3.2,2.9,62.2,0.21,56.3
2026-09-18T05:18:16+08:00,FJ-02,979,3.2,3.0,62.5,0.21,57.1
2026-09-18T05:19:16+08:00,FJ-02,980,3.4,2.9,62.7,0.21,55.7
2026-09-18T05:20:16+08:00,FJ-02,979,3.2,3.0,62.3,0.22,56.3
2026-09-18T05:21:16+08:00,FJ-02,980,3.2,2.9,62.5,0.21,56.4
2026-09-18T05:22:16+08:00,FJ-02,980,3.3,2.9,62.5,0.21,55.9
2026-09-18T05:23:16+08:00,FJ-02,979,3.2,3.0,63.1,0.21,55.9
2026-09-18T05:24:16+08:00,FJ-02,979,3.2,2.9,62.9,0.22,56.2
2026-09-18T05:25:16+08:00,FJ-02,979,3.2,3.1,62.8,0.22,55.9
2026-09-18T05:26:16+08:00,FJ-02,980,3.2,3.0,63.4,0.21,56.5
2026-09-18T05:27:16+08:00,FJ-02,979,3.3,2.9,63.0,0.21,56.9
2026-09-18T05:28:16+08:00,FJ-02,981,3.2,3.0,62.4,0.21,56.6
2026-09-18T05:29:16+08:00,FJ-02,979,3.2,3.0,62.6,0.21,56.3
2026-09-18T05:30:16+08:00,FJ-02,979,3.3,2.9,61.9,0.21,56.7
2026-09-18T05:31:16+08:00,FJ-02,980,3.3,2.9,62.9,0.21,56.1
2026-09-18T05:32:16+08:00,FJ-02,980,3.1,3.0,62.7,0.21,55.9
2026-09-18T05:33:16+08:00,FJ-02,979,3.2,3.0,62.3,0.21,56.1
2026-09-18T05:34:16+08:00,FJ-02,982,3.3,3.0,62.9,0.22,56.1
2026-09-18T05:35:16+08:00,FJ-02,979,3.2,3.0,62.7,0.21,56.1
2026-09-18T05:36:16+08:00,FJ-02,980,3.2,3.0,63.3,0.22,55.6
2026-09-18T05:37:16+08:00,FJ-02,979,3.2,3.0,62.4,0.21,56.6
2026-09-18T05:38:16+08:00,FJ-02,979,3.2,2.9,62.2,0.21,56.2
2026-09-18T05:39:16+08:00,FJ-02,980,3.2,2.9,62.8,0.21,56.1
2026-09-18T05:40:16+08:00,FJ-02,980,3.3,2.9,63.2,0.21,56.8
2026-09-18T05:41:16+08:00,FJ-02,979,3.3,2.9,62.3,0.22,56.1
2026-09-18T05:42:16+08:00,FJ-02,978,3.3,3.0,62.8,0.21,56.5
2026-09-18T05:43:16+08:00,FJ-02,978,3.2,3.0,62.6,0.22,56.1
2026-09-18T05:44:16+08:00,FJ-02,980,3.2,2.9,62.5,0.22,56.2
2026-09-18T05:45:16+08:00,FJ-02,979,3.3,2.9,63.3,0.22,56.5
2026-09-18T05:46:16+08:00,FJ-02,979,3.3,3.0,62.8,0.22,57.2
2026-09-18T05:47:16+08:00,FJ-02,980,3.2,3.0,62.2,0.22,56.6
2026-09-18T05:48:16+08:00,FJ-02,979,3.3,2.9,63.3,0.21,56.0
2026-09-18T05:49:16+08:00,FJ-02,979,3.3,3.0,63.1,0.22,55.8
2026-09-18T05:50:16+08:00,FJ-02,979,3.2,2.9,62.8,0.21,56.0
2026-09-18T05:51:16+08:00,FJ-02,980,3.2,2.9,63.1,0.2,55.7
2026-09-18T05:52:16+08:00,FJ-02,980,3.3,3.0,62.4,0.21,56.2
2026-09-18T05:53:16+08:00,FJ-02,979,3.3,3.0,62.7,0.21,56.0
2026-09-18T05:54:16+08:00,FJ-02,980,3.2,3.0,64.0,0.21,56.5
2026-09-18T05:55:16+08:00,FJ-02,978,3.2,2.9,63.5,0.21,56.2
2026-09-18T05:56:16+08:00,FJ-02,980,3.2,3.0,63.4,0.21,56.9
2026-09-18T05:57:16+08:00,FJ-02,979,3.2,2.9,62.4,0.21,56.7
2026-09-18T05:58:16+08:00,FJ-02,981,3.2,3.0,62.3,0.21,56.3
2026-09-18T05:59:16+08:00,FJ-02,980,3.2,2.9,62.7,0.21,56.6
2026-09-18T06:00:16+08:00,FJ-02,980,3.2,3.0,63.5,0.21,56.7
2026-09-18T06:01:16+08:00,FJ-02,979,3.2,3.0,62.0,0.21,55.9
2026-09-18T06:02:16+08:00,FJ-02,979,3.2,2.9,63.5,0.21,56.3
2026-09-18T06:03:16+08:00,FJ-02,980,3.2,2.9,62.4,0.21,56.1
2026-09-18T06:04:16+08:00,FJ-02,981,3.2,3.0,63.2,0.22,56.9
2026-09-18T06:05:16+08:00,FJ-02,978,3.3,3.0,62.7,0.21,56.6
2026-09-18T06:06:16+08:00,FJ-02,980,3.3,3.0,62.6,0.21,56.5
2026-09-18T06:07:16+08:00,FJ-02,980,3.2,3.0,62.7,0.21,56.7
2026-09-18T06:08:16+08:00,FJ-02,979,3.4,2.9,62.9,0.22,56.6
2026-09-18T06:09:16+08:00,FJ-02,978,3.4,3.0,62.7,0.21,56.7
2026-09-18T06:10:16+08:00,FJ-02,980,3.2,3.0,63.4,0.21,55.9
2026-09-18T06:11:16+08:00,FJ-02,979,3.2,2.9,63.4,0.21,56.2
2026-09-18T06:12:16+08:00,FJ-02,979,3.3,2.9,63.3,0.21,56.6
2026-09-18T06:13:16+08:00,FJ-02,980,3.3,3.0,62.5,0.22,56.7
2026-09-18T06:14:16+08:00,FJ-02,979,3.2,3.0,62.3,0.21,56.4
2026-09-18T06:15:16+08:00,FJ-02,981,3.3,2.9,63.0,0.21,56.4
2026-09-18T06:16:16+08:00,FJ-02,978,3.3,2.9,62.5,0.21,56.5
2026-09-18T06:17:16+08:00,FJ-02,980,3.2,3.0,62.8,0.21,56.4
2026-09-18T06:18:16+08:00,FJ-02,979,3.3,3.0,62.6,0.22,56.2
2026-09-18T06:19:16+08:00,FJ-02,980,3.2,3.0,62.4,0.22,56.6
2026-09-18T06:20:16+08:00,FJ-02,980,3.3,3.1,63.2,0.21,56.0
2026-09-18T06:21:16+08:00,FJ-02,981,3.2,2.8,62.7,0.21,56.4
2026-09-18T06:22:16+08:00,FJ-02,980,3.2,2.9,62.7,0.21,56.2
2026-09-18T06:23:16+08:00,FJ-02,980,3.2,3.0,62.8,0.22,56.3
2026-09-18T06:24:16+08:00,FJ-02,979,3.2,2.9,63.7,0.21,56.3
2026-09-18T06:25:16+08:00,FJ-02,980,3.3,2.9,63.2,0.22,57.0
2026-09-18T06:26:16+08:00,FJ-02,980,3.2,2.9,63.2,0.21,56.2
2026-09-18T06:27:16+08:00,FJ-02,979,3.3,3.0,62.3,0.22,56.8
2026-09-18T06:28:16+08:00,FJ-02,979,3.4,2.9,62.9,0.22,56.4
2026-09-18T06:29:16+08:00,FJ-02,980,3.2,3.0,63.0,0.22,56.5
2026-09-18T06:30:16+08:00,FJ-02,978,3.3,3.0,62.8,0.21,56.9
2026-09-18T06:31:16+08:00,FJ-02,980,3.2,3.0,63.0,0.21,56.1
2026-09-18T06:32:16+08:00,FJ-02,978,3.2,2.9,62.5,0.21,56.0
2026-09-18T06:33:16+08:00,FJ-02,979,3.2,2.9,63.1,0.22,56.4
2026-09-18T06:34:16+08:00,FJ-02,979,3.2,2.9,62.6,0.21,55.9
2026-09-18T06:35:16+08:00,FJ-02,979,3.2,3.0,62.6,0.21,56.3
2026-09-18T06:36:16+08:00,FJ-02,979,3.3,2.9,61.7,0.21,56.5
2026-09-18T06:37:16+08:00,FJ-02,980,3.3,3.0,63.8,0.21,57.1
2026-09-18T06:38:16+08:00,FJ-02,979,3.3,2.9,63.1,0.21,56.2
2026-09-18T06:39:16+08:00,FJ-02,979,3.2,2.9,62.4,0.21,56.6
2026-09-18T06:40:16+08:00,FJ-02,980,3.3,3.0,63.3,0.21,56.4
2026-09-18T06:41:16+08:00,FJ-02,980,3.2,3.0,63.2,0.21,56.1
2026-09-18T06:42:16+08:00,FJ-02,980,3.3,2.9,62.8,0.21,56.2
2026-09-18T06:43:16+08:00,FJ-02,980,3.3,2.9,62.7,0.21,56.5
2026-09-18T06:44:16+08:00,FJ-02,980,3.2,2.9,62.9,0.21,56.8
2026-09-18T06:45:16+08:00,FJ-02,979,3.3,3.0,61.6,0.21,56.6
2026-09-18T06:46:16+08:00,FJ-02,980,3.2,3.0,63.6,0.22,56.4
2026-09-18T06:47:16+08:00,FJ-02,979,3.3,2.9,63.0,0.21,56.6
2026-09-18T06:48:16+08:00,FJ-02,980,3.2,3.1,62.6,0.21,56.1
2026-09-18T06:49:16+08:00,FJ-02,979,3.3,2.9,62.5,0.22,56.4
2026-09-18T06:50:16+08:00,FJ-02,981,3.3,2.9,63.1,0.21,56.4
2026-09-18T06:51:16+08:00,FJ-02,979,3.3,3.0,62.3,0.21,56.6
2026-09-18T06:52:16+08:00,FJ-02,980,3.2,2.9,62.8,0.22,56.3
2026-09-18T06:53:16+08:00,FJ-02,980,3.3,2.9,62.8,0.21,56.5
2026-09-18T06:54:16+08:00,FJ-02,979,3.2,2.9,62.8,0.22,56.3
2026-09-18T06:55:16+08:00,FJ-02,981,3.2,3.0,62.6,0.21,56.3
2026-09-18T06:56:16+08:00,FJ-02,980,3.3,3.0,63.0,0.21,56.5
2026-09-18T06:57:16+08:00,FJ-02,980,3.1,2.9,63.1,0.21,56.4
2026-09-18T06:58:16+08:00,FJ-02,980,3.2,2.9,63.7,0.22,56.3
2026-09-18T06:59:16+08:00,FJ-02,980,3.2,3.0,62.3,0.21,56.2
2026-09-18T07:00:16+08:00,FJ-02,979,3.2,3.1,63.5,0.21,56.1
2026-09-18T07:01:16+08:00,FJ-02,980,3.3,3.0,62.6,0.22,56.6
2026-09-18T07:02:16+08:00,FJ-02,981,3.1,3.0,62.8,0.21,56.3
2026-09-18T07:03:16+08:00,FJ-02,980,3.3,3.0,62.4,0.21,56.7
2026-09-18T07:04:16+08:00,FJ-02,979,3.2,3.1,62.5,0.22,56.3
2026-09-18T07:05:16+08:00,FJ-02,980,3.2,2.9,61.8,0.22,56.2
2026-09-18T07:06:16+08:00,FJ-02,979,3.2,3.0,63.2,0.21,56.3
2026-09-18T07:07:16+08:00,FJ-02,979,3.3,3.0,62.2,0.22,56.7
2026-09-18T07:08:16+08:00,FJ-02,981,3.2,2.9,62.5,0.21,56.7
2026-09-18T07:09:16+08:00,FJ-02,978,3.3,3.0,62.9,0.22,56.8
2026-09-18T07:10:16+08:00,FJ-02,979,3.3,3.0,63.0,0.22,56.8
2026-09-18T07:11:16+08:00,FJ-02,979,3.3,3.0,62.7,0.21,56.4
2026-09-18T07:12:16+08:00,FJ-02,980,3.3,3.0,62.9,0.21,56.1
2026-09-18T07:13:16+08:00,FJ-02,978,3.2,2.9,62.9,0.21,56.2
2026-09-18T07:14:16+08:00,FJ-02,980,3.3,2.9,62.3,0.21,56.8
2026-09-18T07:15:16+08:00,FJ-02,978,3.3,3.0,62.4,0.21,56.2
2026-09-18T07:16:16+08:00,FJ-02,979,3.3,3.0,62.7,0.22,56.7
2026-09-18T07:17:16+08:00,FJ-02,979,3.2,2.9,62.4,0.21,56.6
2026-09-18T07:18:16+08:00,FJ-02,980,3.3,2.9,62.5,0.21,55.8
2026-09-18T07:19:16+08:00,FJ-02,980,3.3,3.0,63.3,0.21,56.7
2026-09-18T07:20:16+08:00,FJ-02,979,3.3,3.0,63.5,0.22,56.0
2026-09-18T07:21:16+08:00,FJ-02,980,3.3,3.0,63.1,0.21,56.6
2026-09-18T07:22:16+08:00,FJ-02,977,3.3,3.1,62.2,0.21,56.9
2026-09-18T07:23:16+08:00,FJ-02,979,3.2,3.1,63.0,0.21,56.4
2026-09-18T07:24:16+08:00,FJ-02,980,3.3,2.9,63.3,0.21,56.2
2026-09-18T07:25:16+08:00,FJ-02,979,3.2,2.9,63.4,0.21,56.1
2026-09-18T07:26:16+08:00,FJ-02,979,3.3,3.1,62.3,0.21,55.8
2026-09-18T07:27:16+08:00,FJ-02,981,3.3,3.0,62.9,0.21,56.7
2026-09-18T07:28:16+08:00,FJ-02,978,3.3,3.0,63.4,0.21,56.5
2026-09-18T07:29:16+08:00,FJ-02,980,3.3,3.0,62.8,0.21,56.8
2026-09-18T07:30:16+08:00,FJ-02,980,3.2,2.9,63.0,0.21,56.7
2026-09-18T07:31:16+08:00,FJ-02,978,3.2,3.0,62.9,0.21,56.6
2026-09-18T07:32:16+08:00,FJ-02,981,3.2,3.0,63.3,0.21,56.1
2026-09-18T07:33:16+08:00,FJ-02,980,3.2,2.9,63.0,0.21,56.1
2026-09-18T07:34:16+08:00,FJ-02,980,3.3,2.9,63.3,0.22,56.5
2026-09-18T07:35:16+08:00,FJ-02,980,3.2,3.0,63.3,0.21,56.7
2026-09-18T07:36:16+08:00,FJ-02,980,3.2,2.9,61.7,0.21,56.7
2026-09-18T07:37:16+08:00,FJ-02,979,3.3,2.9,62.5,0.21,56.2
2026-09-18T07:38:16+08:00,FJ-02,980,3.2,2.9,63.4,0.21,56.0
2026-09-18T07:39:16+08:00,FJ-02,978,3.3,3.1,62.9,0.21,56.1
2026-09-18T07:40:16+08:00,FJ-02,980,3.2,2.9,62.0,0.22,56.2
2026-09-18T07:41:16+08:00,FJ-02,979,3.2,3.1,62.2,0.21,56.4
2026-09-18T07:42:16+08:00,FJ-02,980,3.3,2.9,63.5,0.21,56.6
2026-09-18T07:43:16+08:00,FJ-02,980,3.2,3.0,62.7,0.21,56.5
2026-09-18T07:44:16+08:00,FJ-02,980,3.2,2.9,62.8,0.21,56.8
2026-09-18T07:45:16+08:00,FJ-02,980,3.2,2.9,62.8,0.21,56.7
2026-09-18T07:46:16+08:00,FJ-02,980,3.3,3.0,63.2,0.22,56.5
2026-09-18T07:47:16+08:00,FJ-02,980,3.3,2.9,63.8,0.21,56.1
2026-09-18T07:48:16+08:00,FJ-02,980,3.3,3.1,62.8,0.21,56.0
2026-09-18T07:49:16+08:00,FJ-02,981,3.3,3.0,63.0,0.21,56.3
2026-09-18T07:50:16+08:00,FJ-02,979,3.3,3.0,63.3,0.21,56.1
2026-09-18T07:51:16+08:00,FJ-02,979,3.2,3.1,62.9,0.22,56.8
2026-09-18T07:52:16+08:00,FJ-02,980,3.2,3.0,63.8,0.22,57.0
2026-09-18T07:53:16+08:00,FJ-02,980,3.3,2.9,63.0,0.21,56.5
2026-09-18T07:54:16+08:00,FJ-02,980,3.3,2.8,62.5,0.22,56.1
2026-09-18T07:55:16+08:00,FJ-02,980,3.2,3.0,62.9,0.22,56.5
2026-09-18T07:56:16+08:00,FJ-02,980,3.3,2.9,62.9,0.21,56.7
2026-09-18T07:57:16+08:00,FJ-02,980,3.2,3.0,63.2,0.22,56.7
2026-09-18T07:58:16+08:00,FJ-02,979,3.2,3.0,63.2,0.21,56.8
2026-09-18T07:59:16+08:00,FJ-02,980,3.2,3.0,63.3,0.22,56.1
2026-09-18T08:00:16+08:00,FJ-02,978,3.3,2.9,63.1,0.21,56.9
2026-09-18T08:01:16+08:00,FJ-02,982,3.2,3.0,63.5,0.21,57.0
2026-09-18T08:02:16+08:00,FJ-02,979,3.2,2.9,62.2,0.22,56.5
2026-09-18T08:03:16+08:00,FJ-02,979,3.3,2.9,63.1,0.21,56.4
2026-09-18T08:04:16+08:00,FJ-02,981,3.3,3.0,63.0,0.21,56.3
2026-09-18T08:05:16+08:00,FJ-02,980,3.2,3.0,63.9,0.21,55.8
2026-09-18T08:06:16+08:00,FJ-02,980,3.2,3.0,62.8,0.21,56.4
2026-09-18T08:07:16+08:00,FJ-02,980,3.2,3.0,62.4,0.22,56.2
2026-09-18T08:08:16+08:00,FJ-02,979,3.2,3.0,62.9,0.21,57.0
2026-09-18T08:09:16+08:00,FJ-02,981,3.3,3.0,63.0,0.21,56.6
2026-09-18T08:10:16+08:00,FJ-02,980,3.2,2.9,63.1,0.21,56.5
2026-09-18T08:11:16+08:00,FJ-02,980,3.4,3.0,62.4,0.21,56.4
2026-09-18T08:12:16+08:00,FJ-02,980,3.3,3.0,62.5,0.21,56.6
2026-09-18T08:13:16+08:00,FJ-02,979,3.3,3.0,62.4,0.21,57.0
2026-09-18T08:14:16+08:00,FJ-02,979,3.3,3.0,62.7,0.21,56.7
2026-09-18T08:15:16+08:00,FJ-02,979,3.3,2.9,62.8,0.21,56.6
2026-09-18T08:16:16+08:00,FJ-02,979,3.3,2.9,63.6,0.21,56.7
2026-09-18T08:17:16+08:00,FJ-02,978,3.3,3.1,62.7,0.22,56.2
2026-09-18T08:18:16+08:00,FJ-02,980,3.2,3.0,63.1,0.21,56.7
2026-09-18T08:19:16+08:00,FJ-02,979,3.3,2.9,63.0,0.21,57.0
2026-09-18T08:20:16+08:00,FJ-02,980,3.3,3.0,61.7,0.21,56.2
2026-09-18T08:21:16+08:00,FJ-02,979,3.2,2.9,63.1,0.21,56.3
2026-09-18T08:22:16+08:00,FJ-02,979,3.3,3.0,62.4,0.21,56.2
2026-09-18T08:23:16+08:00,FJ-02,981,3.3,3.1,62.9,0.21,56.4
2026-09-18T08:24:16+08:00,FJ-02,979,3.3,3.0,63.0,0.21,56.4
2026-09-18T08:25:16+08:00,FJ-02,979,3.4,2.9,63.2,0.21,56.2
2026-09-18T08:26:16+08:00,FJ-02,979,3.3,2.9,62.3,0.21,56.8
2026-09-18T08:27:16+08:00,FJ-02,980,3.2,2.9,62.5,0.21,56.0
2026-09-18T08:28:16+08:00,FJ-02,979,3.2,3.0,63.5,0.21,56.5
2026-09-18T08:29:16+08:00,FJ-02,979,3.3,3.0,62.6,0.21,56.9
2026-09-18T08:30:16+08:00,FJ-02,979,3.2,3.0,62.9,0.22,56.6
2026-09-18T08:31:16+08:00,FJ-02,982,3.3,2.9,62.4,0.21,56.4
2026-09-18T08:32:16+08:00,FJ-02,979,3.2,2.9,62.3,0.22,56.3
2026-09-18T08:33:16+08:00,FJ-02,980,3.2,2.9,61.9,0.21,57.3
2026-09-18T08:34:16+08:00,FJ-02,980,3.3,2.9,64.0,0.21,56.6
2026-09-18T08:35:16+08:00,FJ-02,980,3.2,3.0,62.2,0.21,56.4
2026-09-18T08:36:16+08:00,FJ-02,979,3.2,2.9,63.2,0.21,56.7
2026-09-18T08:37:16+08:00,FJ-02,980,3.3,2.9,63.2,0.21,56.4
2026-09-18T08:38:16+08:00,FJ-02,979,3.2,3.0,63.2,0.22,55.9
2026-09-18T08:39:16+08:00,FJ-02,979,3.2,3.0,62.7,0.21,56.3
2026-09-18T08:40:16+08:00,FJ-02,980,3.3,2.9,63.5,0.21,56.7
2026-09-18T08:41:16+08:00,FJ-02,979,3.3,2.9,63.4,0.21,56.1
2026-09-18T08:42:16+08:00,FJ-02,980,3.3,2.9,62.2,0.22,56.6
2026-09-18T08:43:16+08:00,FJ-02,980,3.3,2.9,62.2,0.21,56.0
2026-09-18T08:44:16+08:00,FJ-02,979,3.3,3.0,63.1,0.21,56.7
2026-09-18T08:45:16+08:00,FJ-02,980,3.2,3.0,63.7,0.21,56.6
2026-09-18T08:46:16+08:00,FJ-02,979,3.2,3.0,62.4,0.21,56.3
2026-09-18T08:47:16+08:00,FJ-02,978,3.3,2.9,63.2,0.22,56.0
2026-09-18T08:48:16+08:00,FJ-02,980,3.3,3.0,62.7,0.21,56.2
2026-09-18T08:49:16+08:00,FJ-02,980,3.3,2.9,63.5,0.21,56.7
2026-09-18T08:50:16+08:00,FJ-02,980,3.3,3.0,63.2,0.21,56.2
2026-09-18T08:51:16+08:00,FJ-02,980,3.3,3.0,62.8,0.22,56.9
2026-09-18T08:52:16+08:00,FJ-02,979,3.3,3.0,63.8,0.21,56.5
2026-09-18T08:53:16+08:00,FJ-02,981,3.2,2.9,63.3,0.21,56.1
2026-09-18T08:54:16+08:00,FJ-02,981,3.2,2.9,61.9,0.21,56.2
2026-09-18T08:55:16+08:00,FJ-02,979,3.2,2.9,63.1,0.22,56.2
2026-09-18T08:56:16+08:00,FJ-02,980,3.3,2.9,63.7,0.21,56.8
2026-09-18T08:57:16+08:00,FJ-02,980,3.3,3.0,63.7,0.22,56.8
2026-09-18T08:58:16+08:00,FJ-02,980,3.3,3.0,62.7,0.22,56.5
2026-09-18T08:59:16+08:00,FJ-02,979,3.3,2.9,61.8,0.21,56.7
2026-09-18T09:00:16+08:00,FJ-02,978,3.2,2.9,63.0,0.21,56.4
2026-09-18T09:01:16+08:00,FJ-02,979,3.3,2.9,62.1,0.21,56.2
2026-09-18T09:02:16+08:00,FJ-02,979,3.2,2.9,63.7,0.21,56.5
2026-09-18T09:03:16+08:00,FJ-02,979,3.3,3.1,63.4,0.22,57.3
2026-09-18T09:04:16+08:00,FJ-02,979,3.2,2.9,62.3,0.21,56.6
2026-09-18T09:05:16+08:00,FJ-02,980,3.3,3.0,63.5,0.21,56.7
2026-09-18T09:06:16+08:00,FJ-02,980,3.2,3.0,63.0,0.21,56.6
2026-09-18T09:07:16+08:00,FJ-02,980,3.3,3.1,63.1,0.21,56.4
2026-09-18T09:08:16+08:00,FJ-02,979,3.3,2.9,62.6,0.21,55.9
2026-09-18T09:09:16+08:00,FJ-02,978,3.2,3.0,62.9,0.21,56.5
2026-09-18T09:10:16+08:00,FJ-02,980,3.3,3.0,62.9,0.21,56.6
2026-09-18T09:11:16+08:00,FJ-02,979,3.4,3.0,63.0,0.21,56.4
2026-09-18T09:12:16+08:00,FJ-02,980,3.2,3.0,62.6,0.21,56.5
2026-09-18T09:13:16+08:00,FJ-02,980,3.2,2.9,62.9,0.21,56.3
2026-09-18T09:14:16+08:00,FJ-02,979,3.2,2.9,63.1,0.21,56.9
2026-09-18T09:15:16+08:00,FJ-02,979,3.2,2.9,62.4,0.21,56.6
2026-09-18T09:16:16+08:00,FJ-02,980,3.2,3.0,61.4,0.22,56.2
2026-09-18T09:17:16+08:00,FJ-02,980,3.2,3.0,63.2,0.21,57.0
2026-09-18T09:18:16+08:00,FJ-02,980,3.2,3.0,63.1,0.21,56.8
2026-09-18T09:19:16+08:00,FJ-02,979,3.3,3.1,63.5,0.22,56.9
2026-09-18T09:20:16+08:00,FJ-02,980,3.2,2.8,63.6,0.21,56.3
2026-09-18T09:21:16+08:00,FJ-02,980,3.2,2.9,62.8,0.21,56.5
2026-09-18T09:22:16+08:00,FJ-02,980,3.2,3.0,63.0,0.21,56.8
2026-09-18T09:23:16+08:00,FJ-02,979,3.2,2.9,62.1,0.22,55.9
2026-09-18T09:24:16+08:00,FJ-02,979,3.3,2.9,63.4,0.21,56.6
2026-09-18T09:25:16+08:00,FJ-02,980,3.3,3.0,62.7,0.22,56.4
2026-09-18T09:26:16+08:00,FJ-02,980,3.2,2.9,62.9,0.22,56.5
2026-09-18T09:27:16+08:00,FJ-02,979,3.3,2.8,63.3,0.21,56.2
2026-09-18T09:28:16+08:00,FJ-02,979,3.3,2.9,63.4,0.21,56.4
2026-09-18T09:29:16+08:00,FJ-02,979,3.3,2.8,63.6,0.21,56.7
2026-09-18T09:30:16+08:00,FJ-02,980,3.2,2.9,62.2,0.21,56.1
2026-09-18T09:31:16+08:00,FJ-02,982,3.2,3.1,62.3,0.21,56.5
2026-09-18T09:32:16+08:00,FJ-02,978,3.3,2.9,63.3,0.21,56.4
2026-09-18T09:33:16+08:00,FJ-02,980,3.2,3.0,63.8,0.21,56.4
2026-09-18T09:34:16+08:00,FJ-02,978,3.3,2.9,62.8,0.21,56.7
2026-09-18T09:35:16+08:00,FJ-02,980,3.3,2.9,64.0,0.21,57.1
2026-09-18T09:36:16+08:00,FJ-02,979,3.2,2.9,63.0,0.21,56.3
2026-09-18T09:37:16+08:00,FJ-02,979,3.3,3.0,62.5,0.21,56.4
2026-09-18T09:38:16+08:00,FJ-02,978,3.4,3.0,63.9,0.22,56.5
2026-09-18T09:39:16+08:00,FJ-02,979,3.3,2.9,62.8,0.21,56.4
2026-09-18T09:40:16+08:00,FJ-02,980,3.3,3.0,63.2,0.21,56.2
2026-09-18T09:41:16+08:00,FJ-02,980,3.3,3.0,63.3,0.21,56.9
2026-09-18T09:42:16+08:00,FJ-02,980,3.3,3.0,62.6,0.21,56.5
2026-09-18T09:43:16+08:00,FJ-02,979,3.4,2.9,62.7,0.22,57.4
2026-09-18T09:44:16+08:00,FJ-02,980,3.2,2.9,63.3,0.21,56.7
2026-09-18T09:45:16+08:00,FJ-02,980,3.4,3.0,62.2,0.21,56.1
2026-09-18T09:46:16+08:00,FJ-02,979,3.3,3.0,63.4,0.22,56.5
2026-09-18T09:47:16+08:00,FJ-02,979,3.3,3.0,63.6,0.21,56.3
2026-09-18T09:48:16+08:00,FJ-02,980,3.3,3.0,62.9,0.21,56.9
2026-09-18T09:49:16+08:00,FJ-02,978,3.3,3.0,63.4,0.21,56.4
2026-09-18T09:50:16+08:00,FJ-02,982,3.2,3.0,62.8,0.21,56.7
2026-09-18T09:51:16+08:00,FJ-02,981,3.3,2.9,62.6,0.21,56.5
2026-09-18T09:52:16+08:00,FJ-02,979,3.3,3.0,62.8,0.21,56.0
2026-09-18T09:53:16+08:00,FJ-02,981,3.3,3.0,63.3,0.21,56.3
2026-09-18T09:54:16+08:00,FJ-02,979,3.3,2.9,62.3,0.21,56.5
2026-09-18T09:55:16+08:00,FJ-02,980,3.3,2.9,63.4,0.22,56.6
2026-09-18T09:56:16+08:00,FJ-02,980,3.3,2.9,62.7,0.21,56.9
2026-09-18T09:57:16+08:00,FJ-02,979,3.3,3.0,62.7,0.21,56.7
2026-09-18T09:58:16+08:00,FJ-02,981,3.3,2.9,62.2,0.21,56.4
2026-09-18T09:59:16+08:00,FJ-02,981,3.4,2.9,62.6,0.21,56.8
2026-09-18T10:00:16+08:00,FJ-02,979,3.2,3.0,63.0,0.21,56.6
2026-09-18T10:01:16+08:00,FJ-02,979,3.3,3.0,62.7,0.21,56.4
2026-09-18T10:02:16+08:00,FJ-02,978,3.3,3.0,63.8,0.21,56.0
2026-09-18T10:03:16+08:00,FJ-02,980,3.2,2.9,63.3,0.21,56.3
2026-09-18T10:04:16+08:00,FJ-02,980,3.2,3.0,62.9,0.21,56.6
2026-09-18T10:05:16+08:00,FJ-02,980,3.2,3.0,63.4,0.22,56.2
2026-09-18T10:06:16+08:00,FJ-02,980,3.3,2.9,62.8,0.21,56.9
2026-09-18T10:07:16+08:00,FJ-02,980,3.2,2.9,63.2,0.21,56.6
2026-09-18T10:08:16+08:00,FJ-02,979,3.2,2.9,63.1,0.22,56.7
2026-09-18T10:09:16+08:00,FJ-02,979,3.3,3.0,63.1,0.21,56.6
2026-09-18T10:10:16+08:00,FJ-02,979,3.3,3.0,63.3,0.21,56.6
2026-09-18T10:11:16+08:00,FJ-02,978,3.3,2.9,63.2,0.21,56.7
2026-09-18T10:12:16+08:00,FJ-02,980,3.3,3.0,64.0,0.21,56.7
2026-09-18T10:13:16+08:00,FJ-02,980,3.2,3.0,63.6,0.21,57.2
2026-09-18T10:14:16+08:00,FJ-02,980,3.3,3.0,62.8,0.21,56.7
2026-09-18T10:15:16+08:00,FJ-02,979,3.2,3.0,63.1,0.21,56.7
2026-09-18T10:16:16+08:00,FJ-02,979,3.3,2.9,62.4,0.22,55.7
2026-09-18T10:17:16+08:00,FJ-02,980,3.3,3.0,62.9,0.22,56.2
2026-09-18T10:18:16+08:00,FJ-02,981,3.1,3.0,63.7,0.21,56.6
2026-09-18T10:19:16+08:00,FJ-02,981,3.2,2.8,64.0,0.21,55.9
2026-09-18T10:20:16+08:00,FJ-02,982,3.4,2.9,63.1,0.21,56.8
2026-09-18T10:21:16+08:00,FJ-02,981,3.2,3.0,62.7,0.21,56.1
2026-09-18T10:22:16+08:00,FJ-02,980,3.2,2.9,61.7,0.21,55.6
2026-09-18T10:23:16+08:00,FJ-02,979,3.3,2.9,62.9,0.21,56.2
2026-09-18T10:24:16+08:00,FJ-02,980,3.3,3.1,63.2,0.21,56.5
2026-09-18T10:25:16+08:00,FJ-02,979,3.2,3.0,62.7,0.22,56.2
2026-09-18T10:26:16+08:00,FJ-02,979,3.4,2.9,62.8,0.22,57.2
2026-09-18T10:27:16+08:00,FJ-02,980,3.2,2.9,63.3,0.21,55.9
2026-09-18T10:28:16+08:00,FJ-02,980,3.2,3.0,63.3,0.22,56.3
2026-09-18T10:29:16+08:00,FJ-02,980,3.3,3.0,62.0,0.22,56.2
2026-09-18T10:30:16+08:00,FJ-02,980,3.3,2.9,63.1,0.21,56.5
2026-09-18T10:31:16+08:00,FJ-02,980,3.2,3.0,62.5,0.21,56.9
2026-09-18T10:32:16+08:00,FJ-02,980,3.3,3.0,62.9,0.21,56.7
2026-09-18T10:33:16+08:00,FJ-02,980,3.3,2.9,63.0,0.21,56.6
2026-09-18T10:34:16+08:00,FJ-02,981,3.3,3.0,63.6,0.21,56.4
2026-09-18T10:35:16+08:00,FJ-02,978,3.3,3.0,62.8,0.21,56.2
2026-09-18T10:36:16+08:00,FJ-02,980,3.2,3.0,63.5,0.22,56.7
2026-09-18T10:37:16+08:00,FJ-02,981,3.2,3.0,63.0,0.22,56.1
2026-09-18T10:38:16+08:00,FJ-02,979,3.4,3.0,62.9,0.22,56.4
2026-09-18T10:39:16+08:00,FJ-02,979,3.3,3.0,63.3,0.21,55.9
2026-09-18T10:40:16+08:00,FJ-02,979,3.4,2.9,62.6,0.21,56.2
2026-09-18T10:41:16+08:00,FJ-02,980,3.2,3.0,61.9,0.21,56.7
2026-09-18T10:42:16+08:00,FJ-02,979,3.3,3.0,63.5,0.21,56.7
2026-09-18T10:43:16+08:00,FJ-02,979,3.3,3.0,62.5,0.22,56.2
2026-09-18T10:44:16+08:00,FJ-02,980,3.2,2.9,63.3,0.21,56.7
2026-09-18T10:45:16+08:00,FJ-02,978,3.3,2.9,63.6,0.22,56.9
2026-09-18T10:46:16+08:00,FJ-02,980,3.3,2.9,62.2,0.22,56.4
2026-09-18T10:47:16+08:00,FJ-02,980,3.2,3.0,63.6,0.22,56.3
2026-09-18T10:48:16+08:00,FJ-02,979,3.3,2.9,62.9,0.21,56.9
2026-09-18T10:49:16+08:00,FJ-02,979,3.3,2.9,63.6,0.21,56.8
2026-09-18T10:50:16+08:00,FJ-02,979,3.3,2.9,63.2,0.21,56.2
2026-09-18T10:51:16+08:00,FJ-02,980,3.3,3.0,62.9,0.22,56.2
2026-09-18T10:52:16+08:00,FJ-02,980,3.3,3.0,62.2,0.22,56.6
2026-09-18T10:53:16+08:00,FJ-02,979,3.3,2.9,62.7,0.21,56.5
2026-09-18T10:54:16+08:00,FJ-02,979,3.3,3.0,62.9,0.21,56.6
2026-09-18T10:55:16+08:00,FJ-02,980,3.4,3.0,62.8,0.21,56.9
2026-09-18T10:56:16+08:00,FJ-02,980,3.3,2.9,62.8,0.21,56.7
2026-09-18T10:57:16+08:00,FJ-02,980,3.2,3.0,63.5,0.22,56.5
2026-09-18T10:58:16+08:00,FJ-02,980,3.3,3.0,62.2,0.22,56.5
2026-09-18T10:59:16+08:00,FJ-02,979,3.3,3.0,62.8,0.22,56.9
2026-09-18T11:00:16+08:00,FJ-02,978,3.3,3.0,63.1,0.21,56.5
2026-09-18T11:01:16+08:00,FJ-02,979,3.2,2.9,62.8,0.21,56.8
2026-09-18T11:02:16+08:00,FJ-02,979,3.4,2.9,63.0,0.21,56.9
2026-09-18T11:03:16+08:00,FJ-02,979,3.2,2.8,63.3,0.21,56.6
2026-09-18T11:04:16+08:00,FJ-02,981,3.2,3.0,63.9,0.21,56.6
2026-09-18T11:05:16+08:00,FJ-02,979,3.3,2.9,63.1,0.21,56.9
2026-09-18T11:06:16+08:00,FJ-02,978,3.2,2.9,63.8,0.21,56.4
2026-09-18T11:07:16+08:00,FJ-02,979,3.3,3.0,63.1,0.22,56.4
2026-09-18T11:08:16+08:00,FJ-02,981,3.2,3.0,63.3,0.22,57.0
2026-09-18T11:09:16+08:00,FJ-02,978,3.3,3.0,62.8,0.21,56.6
2026-09-18T11:10:16+08:00,FJ-02,979,3.3,2.9,63.9,0.21,56.8
2026-09-18T11:11:16+08:00,FJ-02,979,3.3,3.0,63.0,0.21,57.0
2026-09-18T11:12:16+08:00,FJ-02,981,3.2,2.9,63.9,0.21,56.0
2026-09-18T11:13:16+08:00,FJ-02,980,3.3,3.0,63.2,0.21,56.4
2026-09-18T11:14:16+08:00,FJ-02,979,3.3,2.9,63.7,0.21,56.0
2026-09-18T11:15:16+08:00,FJ-02,980,3.3,3.0,63.4,0.21,56.4
2026-09-18T11:16:16+08:00,FJ-02,980,3.3,2.9,62.6,0.22,56.5
2026-09-18T11:17:16+08:00,FJ-02,979,3.3,2.9,62.8,0.21,56.9
2026-09-18T11:18:16+08:00,FJ-02,980,3.2,3.0,63.6,0.21,56.8
2026-09-18T11:19:16+08:00,FJ-02,981,3.3,3.0,62.1,0.21,56.6
2026-09-18T11:20:16+08:00,FJ-02,980,3.3,3.0,63.5,0.21,56.6
2026-09-18T11:21:16+08:00,FJ-02,979,3.3,3.0,63.3,0.22,55.9
2026-09-18T11:22:16+08:00,FJ-02,979,3.3,3.0,62.9,0.22,57.0
2026-09-18T11:23:16+08:00,FJ-02,979,3.3,3.0,63.4,0.21,56.7
2026-09-18T11:24:16+08:00,FJ-02,980,3.3,3.0,62.2,0.21,56.6
2026-09-18T11:25:16+08:00,FJ-02,979,3.3,2.9,62.6,0.21,57.1
2026-09-18T11:26:16+08:00,FJ-02,979,3.2,3.0,61.8,0.21,56.7
2026-09-18T11:27:16+08:00,FJ-02,980,3.3,3.0,62.9,0.21,56.9
2026-09-18T11:28:16+08:00,FJ-02,981,3.4,3.0,62.9,0.21,56.5
2026-09-18T11:29:16+08:00,FJ-02,979,3.2,2.9,63.1,0.22,56.1
2026-09-18T11:30:16+08:00,FJ-02,980,3.3,3.0,63.1,0.21,56.5
2026-09-18T11:31:16+08:00,FJ-02,978,3.3,3.0,62.8,0.21,57.0
2026-09-18T11:32:16+08:00,FJ-02,980,3.2,3.0,63.3,0.21,56.5
2026-09-18T11:33:16+08:00,FJ-02,979,3.3,2.9,63.6,0.21,56.3
2026-09-18T11:34:16+08:00,FJ-02,980,3.1,3.0,62.7,0.22,56.2
2026-09-18T11:35:16+08:00,FJ-02,980,3.2,3.0,62.5,0.21,56.4
2026-09-18T11:36:16+08:00,FJ-02,979,3.3,3.0,62.7,0.21,56.4
2026-09-18T11:37:16+08:00,FJ-02,979,3.3,3.1,62.8,0.21,56.3
2026-09-18T11:38:16+08:00,FJ-02,980,3.3,3.0,62.7,0.21,56.0
2026-09-18T11:39:16+08:00,FJ-02,980,3.3,2.9,62.6,0.21,56.4
2026-09-18T11:40:16+08:00,FJ-02,979,3.3,3.0,62.3,0.21,56.7
2026-09-18T11:41:16+08:00,FJ-02,979,3.2,2.9,62.2,0.21,56.9
2026-09-18T11:42:16+08:00,FJ-02,980,3.3,3.0,63.4,0.22,56.5
2026-09-18T11:43:16+08:00,FJ-02,979,3.3,3.0,63.7,0.21,56.8
2026-09-18T11:44:16+08:00,FJ-02,980,3.3,3.0,63.5,0.21,56.2
2026-09-18T11:45:16+08:00,FJ-02,979,3.3,2.9,63.0,0.21,57.1
2026-09-18T11:46:16+08:00,FJ-02,979,3.2,2.9,62.7,0.21,56.0
2026-09-18T11:47:16+08:00,FJ-02,981,3.3,2.9,61.8,0.22,56.1
2026-09-18T11:48:16+08:00,FJ-02,980,3.2,3.0,63.8,0.21,55.8
2026-09-18T11:49:16+08:00,FJ-02,981,3.3,3.0,63.5,0.21,55.8
2026-09-18T11:50:16+08:00,FJ-02,980,3.3,2.9,63.5,0.22,56.2
2026-09-18T11:51:16+08:00,FJ-02,981,3.4,3.0,62.7,0.21,56.2
2026-09-18T11:52:16+08:00,FJ-02,979,3.4,2.9,63.5,0.21,56.7
2026-09-18T11:53:16+08:00,FJ-02,979,3.3,3.0,63.6,0.21,56.5
2026-09-18T11:54:16+08:00,FJ-02,980,3.3,3.0,63.5,0.21,56.2
2026-09-18T11:55:16+08:00,FJ-02,979,3.4,3.0,63.1,0.22,56.7
2026-09-18T11:56:16+08:00,FJ-02,979,3.3,2.9,63.0,0.21,56.4
2026-09-18T11:57:16+08:00,FJ-02,979,3.2,2.9,62.9,0.21,56.8
2026-09-18T11:58:16+08:00,FJ-02,979,3.3,2.9,62.1,0.21,56.5
2026-09-18T11:59:16+08:00,FJ-02,980,3.3,2.9,62.4,0.21,57.0
2026-09-18T12:00:16+08:00,FJ-02,980,3.2,3.0,63.0,0.22,56.9
2026-09-18T12:01:16+08:00,FJ-02,980,3.3,3.0,63.3,0.21,55.8
2026-09-18T12:02:16+08:00,FJ-02,982,3.4,3.0,64.1,0.22,56.7
2026-09-18T12:03:16+08:00,FJ-02,978,3.3,3.0,63.4,0.21,56.3
2026-09-18T12:04:16+08:00,FJ-02,980,3.3,3.0,63.1,0.21,56.6
2026-09-18T12:05:16+08:00,FJ-02,980,3.2,3.0,62.2,0.21,56.3
2026-09-18T12:06:16+08:00,FJ-02,980,3.3,3.0,62.6,0.21,56.3
2026-09-18T12:07:16+08:00,FJ-02,980,3.3,3.0,63.1,0.22,56.4
2026-09-18T12:08:16+08:00,FJ-02,980,3.2,3.0,62.4,0.21,56.2
2026-09-18T12:09:16+08:00,FJ-02,981,3.4,3.1,62.5,0.21,56.8
2026-09-18T12:10:16+08:00,FJ-02,979,3.3,3.0,63.0,0.21,56.6
2026-09-18T12:11:16+08:00,FJ-02,980,3.2,2.9,62.3,0.21,56.7
2026-09-18T12:12:16+08:00,FJ-02,980,3.3,3.0,62.4,0.22,56.6
2026-09-18T12:13:16+08:00,FJ-02,979,3.3,2.9,63.0,0.21,56.6
2026-09-18T12:14:16+08:00,FJ-02,979,3.3,2.9,62.5,0.21,56.6
2026-09-18T12:15:16+08:00,FJ-02,979,3.2,3.0,62.4,0.22,56.3
2026-09-18T12:16:16+08:00,FJ-02,979,3.3,3.0,62.9,0.21,56.7
2026-09-18T12:17:16+08:00,FJ-02,980,3.3,2.9,62.4,0.21,56.5
2026-09-18T12:18:16+08:00,FJ-02,980,3.2,2.9,63.3,0.21,56.8
2026-09-18T12:19:16+08:00,FJ-02,979,3.3,3.0,62.7,0.22,56.2
2026-09-18T12:20:16+08:00,FJ-02,981,3.3,3.0,63.0,0.21,57.3
2026-09-18T12:21:16+08:00,FJ-02,979,3.2,3.1,62.8,0.21,56.9
2026-09-18T12:22:16+08:00,FJ-02,980,3.3,3.0,62.8,0.22,56.7
2026-09-18T12:23:16+08:00,FJ-02,978,3.3,3.0,62.5,0.21,56.3
2026-09-18T12:24:16+08:00,FJ-02,980,3.4,3.0,63.1,0.21,56.8
2026-09-18T12:25:16+08:00,FJ-02,981,3.3,3.0,62.3,0.21,56.6
2026-09-18T12:26:16+08:00,FJ-02,981,3.2,3.0,62.7,0.22,56.5
2026-09-18T12:27:16+08:00,FJ-02,979,3.3,3.0,63.1,0.21,56.9
2026-09-18T12:28:16+08:00,FJ-02,978,3.3,2.9,63.0,0.21,56.4
2026-09-18T12:29:16+08:00,FJ-02,980,3.3,3.0,62.7,0.22,55.9
2026-09-18T12:30:16+08:00,FJ-02,978,3.3,3.0,62.2,0.22,56.2
2026-09-18T12:31:16+08:00,FJ-02,980,3.3,2.9,63.3,0.21,56.7
2026-09-18T12:32:16+08:00,FJ-02,981,3.3,3.0,61.8,0.21,56.3
2026-09-18T12:33:16+08:00,FJ-02,980,3.2,3.0,62.8,0.21,56.4
2026-09-18T12:34:16+08:00,FJ-02,979,3.3,3.0,62.5,0.21,56.2
2026-09-18T12:35:16+08:00,FJ-02,978,3.3,2.9,61.6,0.21,56.7
2026-09-18T12:36:16+08:00,FJ-02,981,3.3,3.0,63.5,0.21,57.0
2026-09-18T12:37:16+08:00,FJ-02,980,3.3,2.9,62.0,0.21,57.1
2026-09-18T12:38:16+08:00,FJ-02,980,3.3,3.0,63.0,0.21,56.7
2026-09-18T12:39:16+08:00,FJ-02,981,3.2,3.0,63.7,0.21,56.8
2026-09-18T12:40:16+08:00,FJ-02,980,3.3,3.0,63.6,0.22,56.7
2026-09-18T12:41:16+08:00,FJ-02,977,3.2,3.0,63.2,0.21,56.6
2026-09-18T12:42:16+08:00,FJ-02,981,3.3,3.0,63.7,0.21,56.5
2026-09-18T12:43:16+08:00,FJ-02,981,3.3,3.0,63.9,0.22,57.1
2026-09-18T12:44:16+08:00,FJ-02,979,3.2,3.0,62.3,0.22,55.9
2026-09-18T12:45:16+08:00,FJ-02,979,3.2,3.0,63.2,0.21,56.6
2026-09-18T12:46:16+08:00,FJ-02,980,3.3,3.0,62.6,0.22,56.5
2026-09-18T12:47:16+08:00,FJ-02,979,3.2,3.0,63.5,0.21,56.4
2026-09-18T12:48:16+08:00,FJ-02,979,3.3,3.0,62.2,0.21,56.6
2026-09-18T12:49:16+08:00,FJ-02,981,3.3,2.9,62.5,0.22,56.5
2026-09-18T12:50:16+08:00,FJ-02,980,3.2,3.0,62.5,0.21,56.4
2026-09-18T12:51:16+08:00,FJ-02,981,3.2,3.1,61.8,0.21,56.9
2026-09-18T12:52:16+08:00,FJ-02,980,3.2,3.0,63.0,0.22,57.1
2026-09-18T12:53:16+08:00,FJ-02,979,3.2,2.9,63.4,0.22,55.9
2026-09-18T12:54:16+08:00,FJ-02,978,3.3,3.0,64.1,0.22,56.6
2026-09-18T12:55:16+08:00,FJ-02,980,3.3,2.9,63.4,0.21,56.5
2026-09-18T12:56:16+08:00,FJ-02,980,3.3,3.0,63.6,0.21,56.5
2026-09-18T12:57:16+08:00,FJ-02,979,3.3,2.9,62.8,0.22,56.3
2026-09-18T12:58:16+08:00,FJ-02,980,3.3,3.0,62.3,0.21,56.7
2026-09-18T12:59:16+08:00,FJ-02,979,3.3,3.0,62.9,0.21,56.5
2026-09-18T13:00:16+08:00,FJ-02,981,3.2,3.0,62.6,0.21,56.8
2026-09-18T13:01:16+08:00,FJ-02,980,3.3,3.0,62.7,0.21,56.5
2026-09-18T13:02:16+08:00,FJ-02,980,3.2,3.1,63.5,0.22,55.9
2026-09-18T13:03:16+08:00,FJ-02,980,3.3,3.0,62.7,0.21,56.5
2026-09-18T13:04:16+08:00,FJ-02,980,3.3,3.0,63.1,0.21,56.7
2026-09-18T13:05:16+08:00,FJ-02,980,3.3,2.9,62.5,0.21,56.0
2026-09-18T13:06:16+08:00,FJ-02,979,3.3,3.0,62.8,0.22,56.5
2026-09-18T13:07:16+08:00,FJ-02,981,3.2,3.0,61.9,0.21,56.4
2026-09-18T13:08:16+08:00,FJ-02,978,3.2,2.9,62.4,0.21,56.8
2026-09-18T13:09:16+08:00,FJ-02,980,3.3,3.0,63.3,0.21,56.5
2026-09-18T13:10:16+08:00,FJ-02,980,3.3,2.9,62.7,0.21,56.6
2026-09-18T13:11:16+08:00,FJ-02,979,3.3,3.0,62.6,0.21,56.3
2026-09-18T13:12:16+08:00,FJ-02,981,3.3,2.9,64.2,0.21,56.5
2026-09-18T13:13:16+08:00,FJ-02,980,3.2,3.0,63.0,0.22,56.2
2026-09-18T13:14:16+08:00,FJ-02,978,3.3,2.9,62.9,0.21,56.8
2026-09-18T13:15:16+08:00,FJ-02,978,3.2,3.1,63.6,0.22,56.2
2026-09-18T13:16:16+08:00,FJ-02,979,3.3,2.9,63.2,0.21,56.6
2026-09-18T13:17:16+08:00,FJ-02,979,3.4,3.1,62.5,0.22,56.0
2026-09-18T13:18:16+08:00,FJ-02,981,3.3,3.0,62.6,0.21,56.0
2026-09-18T13:19:16+08:00,FJ-02,981,3.3,2.9,63.7,0.22,56.5
2026-09-18T13:20:16+08:00,FJ-02,981,3.2,3.1,62.8,0.21,57.5
2026-09-18T13:21:16+08:00,FJ-02,979,3.3,3.0,62.8,0.22,56.4
2026-09-18T13:22:16+08:00,FJ-02,981,3.2,3.1,62.6,0.21,56.8
2026-09-18T13:23:16+08:00,FJ-02,980,3.3,3.0,62.1,0.21,57.4
2026-09-18T13:24:16+08:00,FJ-02,981,3.3,3.0,62.8,0.21,56.7
2026-09-18T13:25:16+08:00,FJ-02,981,3.3,2.9,63.0,0.21,56.0
2026-09-18T13:26:16+08:00,FJ-02,979,3.2,3.0,63.4,0.21,56.5
2026-09-18T13:27:16+08:00,FJ-02,980,3.2,3.0,64.3,0.21,56.5
2026-09-18T13:28:16+08:00,FJ-02,978,3.3,3.0,63.2,0.21,56.8
2026-09-18T13:29:16+08:00,FJ-02,979,3.3,3.1,63.1,0.22,57.1
2026-09-18T13:30:16+08:00,FJ-02,981,3.2,3.0,62.8,0.21,56.6
2026-09-18T13:31:16+08:00,FJ-02,981,3.3,3.0,62.8,0.22,55.9
2026-09-18T13:32:16+08:00,FJ-02,981,3.2,3.0,62.9,0.22,56.4
2026-09-18T13:33:16+08:00,FJ-02,981,3.2,3.0,63.0,0.22,56.4
2026-09-18T13:34:16+08:00,FJ-02,980,3.3,3.0,63.6,0.21,56.1
2026-09-18T13:35:16+08:00,FJ-02,980,3.3,3.0,63.6,0.21,56.9
2026-09-18T13:36:16+08:00,FJ-02,979,3.3,3.0,62.5,0.21,56.5
2026-09-18T13:37:16+08:00,FJ-02,980,3.2,3.0,63.1,0.22,56.5
2026-09-18T13:38:16+08:00,FJ-02,980,3.2,3.0,61.8,0.21,56.0
2026-09-18T13:39:16+08:00,FJ-02,980,3.4,3.0,63.4,0.22,56.8
2026-09-18T13:40:16+08:00,FJ-02,980,3.2,3.0,62.7,0.21,56.8
2026-09-18T13:41:16+08:00,FJ-02,979,3.3,3.0,64.1,0.21,56.5
2026-09-18T13:42:16+08:00,FJ-02,980,3.3,3.0,62.8,0.22,56.5
2026-09-18T13:43:16+08:00,FJ-02,981,3.3,3.0,63.2,0.21,56.5
2026-09-18T13:44:16+08:00,FJ-02,979,3.3,2.9,62.8,0.21,56.4
2026-09-18T13:45:16+08:00,FJ-02,981,3.3,2.9,63.0,0.22,56.9
2026-09-18T13:46:16+08:00,FJ-02,980,3.4,3.0,63.5,0.22,56.7
2026-09-18T13:47:16+08:00,FJ-02,980,3.3,3.0,63.0,0.21,56.5
2026-09-18T13:48:16+08:00,FJ-02,979,3.3,3.1,63.7,0.21,56.6
2026-09-18T13:49:16+08:00,FJ-02,981,3.3,3.0,64.0,0.22,56.2
2026-09-18T13:50:16+08:00,FJ-02,980,3.3,2.9,62.4,0.21,56.4
2026-09-18T13:51:16+08:00,FJ-02,980,3.2,3.0,63.1,0.22,56.6
2026-09-18T13:52:16+08:00,FJ-02,977,3.3,3.0,63.8,0.22,56.2
2026-09-18T13:53:16+08:00,FJ-02,980,3.3,3.0,62.4,0.21,56.7
2026-09-18T13:54:16+08:00,FJ-02,978,3.3,3.0,62.5,0.21,56.3
2026-09-18T13:55:16+08:00,FJ-02,981,3.2,2.9,62.4,0.21,56.7
2026-09-18T13:56:16+08:00,FJ-02,981,3.3,3.0,62.9,0.22,56.9
2026-09-18T13:57:16+08:00,FJ-02,979,3.2,3.0,62.6,0.21,57.2
2026-09-18T13:58:16+08:00,FJ-02,979,3.3,3.0,63.4,0.21,56.9
2026-09-18T13:59:16+08:00,FJ-02,980,3.3,3.0,62.6,0.21,56.9
2026-09-18T14:00:16+08:00,FJ-02,981,3.2,3.0,63.9,0.21,56.8
2026-09-18T14:01:16+08:00,FJ-02,980,3.3,3.0,63.3,0.21,56.3
2026-09-18T14:02:16+08:00,FJ-02,979,3.3,3.0,62.7,0.21,56.7
2026-09-18T14:03:16+08:00,FJ-02,979,3.3,3.0,63.5,0.21,56.7
2026-09-18T14:04:16+08:00,FJ-02,979,3.3,3.0,63.4,0.21,56.6
2026-09-18T14:05:16+08:00,FJ-02,979,3.2,3.0,62.6,0.21,57.0
2026-09-18T14:06:16+08:00,FJ-02,979,3.2,2.9,63.2,0.21,56.7
2026-09-18T14:07:16+08:00,FJ-02,980,3.3,3.0,62.4,0.21,56.9
2026-09-18T14:08:16+08:00,FJ-02,979,3.3,3.0,64.2,0.21,57.0
2026-09-18T14:09:16+08:00,FJ-02,979,3.2,3.0,63.4,0.22,56.1
2026-09-18T14:10:16+08:00,FJ-02,978,3.2,2.9,63.6,0.21,56.3
2026-09-18T14:11:16+08:00,FJ-02,978,3.3,2.9,63.8,0.21,56.4
2026-09-18T14:12:16+08:00,FJ-02,980,3.4,3.0,63.3,0.22,56.7
2026-09-18T14:13:16+08:00,FJ-02,979,3.3,3.0,62.6,0.21,56.6
2026-09-18T14:14:16+08:00,FJ-02,980,3.3,2.9,62.9,0.21,56.6
2026-09-18T14:15:16+08:00,FJ-02,979,3.3,2.9,63.0,0.22,55.8
2026-09-18T14:16:16+08:00,FJ-02,979,3.3,2.9,62.6,0.21,56.5
2026-09-18T14:17:16+08:00,FJ-02,980,3.2,2.9,63.5,0.21,56.1
2026-09-18T14:18:16+08:00,FJ-02,980,3.3,2.9,63.8,0.21,56.3
2026-09-18T14:19:16+08:00,FJ-02,980,3.3,3.0,62.6,0.21,56.6
2026-09-18T14:20:16+08:00,FJ-02,980,3.3,2.9,63.3,0.21,56.2
2026-09-18T14:21:16+08:00,FJ-02,980,3.3,3.0,62.8,0.21,56.7
2026-09-18T14:22:16+08:00,FJ-02,979,3.2,3.0,62.5,0.21,56.5
2026-09-18T14:23:16+08:00,FJ-02,979,3.3,2.8,63.1,0.21,56.5
2026-09-18T14:24:16+08:00,FJ-02,980,3.3,3.0,63.6,0.21,56.3
2026-09-18T14:25:16+08:00,FJ-02,980,3.3,2.9,62.5,0.22,56.6
2026-09-18T14:26:16+08:00,FJ-02,978,3.2,3.0,63.2,0.22,56.4
2026-09-18T14:27:16+08:00,FJ-02,979,3.2,3.1,62.9,0.22,56.5
2026-09-18T14:28:16+08:00,FJ-02,980,3.3,2.9,63.1,0.21,56.7
2026-09-18T14:29:16+08:00,FJ-02,978,3.2,3.0,63.7,0.22,56.2
2026-09-18T14:30:16+08:00,FJ-02,979,3.3,2.9,63.6,0.21,56.9
2026-09-18T14:31:16+08:00,FJ-02,978,3.3,3.1,63.5,0.21,56.7
2026-09-18T14:32:16+08:00,FJ-02,979,3.3,3.0,62.5,0.21,56.2
2026-09-18T14:33:16+08:00,FJ-02,979,3.3,3.0,64.0,0.21,56.4
2026-09-18T14:34:16+08:00,FJ-02,980,3.3,3.0,63.4,0.21,56.9
2026-09-18T14:35:16+08:00,FJ-02,981,3.3,3.1,62.7,0.21,56.7
2026-09-18T14:36:16+08:00,FJ-02,980,3.2,3.0,62.7,0.21,56.3
2026-09-18T14:37:16+08:00,FJ-02,980,3.3,3.0,63.6,0.21,57.2
2026-09-18T14:38:16+08:00,FJ-02,980,3.3,3.0,62.5,0.21,56.8
2026-09-18T14:39:16+08:00,FJ-02,978,3.3,3.1,63.0,0.21,56.4
2026-09-18T14:40:16+08:00,FJ-02,979,3.2,3.0,62.5,0.21,56.2
2026-09-18T14:41:16+08:00,FJ-02,980,3.3,3.0,62.8,0.22,56.3
2026-09-18T14:42:16+08:00,FJ-02,980,3.2,2.8,62.8,0.21,55.9
2026-09-18T14:43:16+08:00,FJ-02,980,3.3,3.1,63.8,0.21,56.0
2026-09-18T14:44:16+08:00,FJ-02,980,3.3,3.1,62.7,0.21,57.3
2026-09-18T14:45:16+08:00,FJ-02,981,3.3,2.9,63.3,0.22,56.8
2026-09-18T14:46:16+08:00,FJ-02,981,3.3,3.0,62.4,0.22,56.8
2026-09-18T14:47:16+08:00,FJ-02,980,3.2,3.0,63.3,0.22,56.7
2026-09-18T14:48:16+08:00,FJ-02,979,3.2,2.9,63.4,0.21,56.4
2026-09-18T14:49:16+08:00,FJ-02,979,3.2,3.0,62.5,0.21,56.8
2026-09-18T14:50:16+08:00,FJ-02,981,3.3,3.0,63.6,0.21,56.6
2026-09-18T14:51:16+08:00,FJ-02,982,3.3,3.0,63.8,0.21,56.7
2026-09-18T14:52:16+08:00,FJ-02,980,3.3,2.9,62.7,0.22,56.8
2026-09-18T14:53:16+08:00,FJ-02,980,3.3,3.0,62.8,0.21,56.5
2026-09-18T14:54:16+08:00,FJ-02,980,3.2,3.1,63.4,0.21,56.6
2026-09-18T14:55:16+08:00,FJ-02,979,3.3,2.9,62.9,0.21,56.9
2026-09-18T14:56:16+08:00,FJ-02,979,3.4,3.0,63.6,0.22,56.5
2026-09-18T14:57:16+08:00,FJ-02,980,3.2,2.9,62.5,0.22,56.2
2026-09-18T14:58:16+08:00,FJ-02,979,3.2,3.0,63.4,0.21,57.1
2026-09-18T14:59:16+08:00,FJ-02,981,3.2,3.0,63.6,0.22,56.4
2026-09-18T15:00:16+08:00,FJ-02,980,3.3,3.0,64.2,0.21,56.2
2026-09-18T15:01:16+08:00,FJ-02,980,3.4,3.0,63.1,0.21,57.2
2026-09-18T15:02:16+08:00,FJ-02,982,3.3,3.0,62.4,0.21,56.2
2026-09-18T15:03:16+08:00,FJ-02,979,3.3,2.9,63.3,0.21,56.7
2026-09-18T15:04:16+08:00,FJ-02,980,3.4,3.0,63.3,0.21,56.4
2026-09-18T15:05:16+08:00,FJ-02,981,3.2,3.0,62.9,0.21,56.4
2026-09-18T15:06:16+08:00,FJ-02,979,3.3,3.1,62.6,0.21,56.9
2026-09-18T15:07:16+08:00,FJ-02,978,3.3,3.0,62.7,0.22,56.6
2026-09-18T15:08:16+08:00,FJ-02,980,3.3,2.9,63.2,0.22,56.5
2026-09-18T15:09:16+08:00,FJ-02,979,3.3,3.1,62.3,0.21,56.8
2026-09-18T15:10:16+08:00,FJ-02,980,3.3,3.0,62.9,0.21,56.2
2026-09-18T15:11:16+08:00,FJ-02,979,3.3,2.9,63.0,0.21,56.6
2026-09-18T15:12:16+08:00,FJ-02,979,3.3,3.0,63.7,0.22,56.4
2026-09-18T15:13:16+08:00,FJ-02,980,3.3,3.0,64.1,0.21,56.9
2026-09-18T15:14:16+08:00,FJ-02,980,3.3,2.9,62.2,0.22,57.0
2026-09-18T15:15:16+08:00,FJ-02,981,3.3,3.0,63.2,0.21,56.6
2026-09-18T15:16:16+08:00,FJ-02,981,3.4,2.9,64.0,0.22,56.6
2026-09-18T15:17:16+08:00,FJ-02,980,3.3,3.0,63.1,0.21,56.7
2026-09-18T15:18:16+08:00,FJ-02,979,3.2,3.0,63.4,0.21,56.8
2026-09-18T15:19:16+08:00,FJ-02,980,3.3,3.0,62.8,0.22,56.4
2026-09-18T15:20:16+08:00,FJ-02,978,3.3,3.0,63.8,0.21,56.9
2026-09-18T15:21:16+08:00,FJ-02,981,3.4,3.0,62.6,0.21,56.8
2026-09-18T15:22:16+08:00,FJ-02,981,3.2,3.0,62.3,0.21,56.6
2026-09-18T15:23:16+08:00,FJ-02,980,3.2,3.0,62.8,0.21,56.2
2026-09-18T15:24:16+08:00,FJ-02,980,3.3,3.0,63.6,0.21,56.9
2026-09-18T15:25:16+08:00,FJ-02,981,3.2,3.0,63.9,0.21,57.5
2026-09-18T15:26:16+08:00,FJ-02,979,3.3,3.0,63.5,0.21,57.1
2026-09-18T15:27:16+08:00,FJ-02,981,3.3,2.8,63.3,0.22,57.1
2026-09-18T15:28:16+08:00,FJ-02,981,3.3,3.1,62.7,0.21,56.2
2026-09-18T15:29:16+08:00,FJ-02,981,3.2,3.0,63.3,0.22,56.6
2026-09-18T15:30:16+08:00,FJ-02,981,3.2,2.9,63.3,0.21,56.9
2026-09-18T15:31:16+08:00,FJ-02,978,3.2,3.0,62.5,0.21,56.6
2026-09-18T15:32:16+08:00,FJ-02,979,3.3,3.0,63.2,0.21,56.4
2026-09-18T15:33:16+08:00,FJ-02,979,3.3,2.9,63.0,0.21,56.7
2026-09-18T15:34:16+08:00,FJ-02,981,3.3,2.9,63.3,0.21,56.7
2026-09-18T15:35:16+08:00,FJ-02,980,3.2,3.1,63.5,0.22,56.7
2026-09-18T15:36:16+08:00,FJ-02,979,3.3,3.0,63.2,0.22,57.0
2026-09-18T15:37:16+08:00,FJ-02,980,3.3,2.9,63.2,0.21,57.0
2026-09-18T15:38:16+08:00,FJ-02,980,3.3,3.0,63.1,0.21,56.6
2026-09-18T15:39:16+08:00,FJ-02,979,3.2,3.0,63.7,0.21,56.7
2026-09-18T15:40:16+08:00,FJ-02,979,3.3,2.9,63.4,0.21,55.4
2026-09-18T15:41:16+08:00,FJ-02,978,3.2,3.0,63.4,0.22,56.4
2026-09-18T15:42:16+08:00,FJ-02,978,3.3,3.0,62.9,0.21,56.9
2026-09-18T15:43:16+08:00,FJ-02,980,3.2,3.1,63.2,0.21,56.6
2026-09-18T15:44:16+08:00,FJ-02,980,3.2,2.9,63.5,0.21,56.8
2026-09-18T15:45:16+08:00,FJ-02,981,3.2,2.9,63.5,0.21,57.2
2026-09-18T15:46:16+08:00,FJ-02,979,3.3,2.9,63.1,0.21,57.2
2026-09-18T15:47:16+08:00,FJ-02,980,3.3,3.0,62.9,0.21,57.0
2026-09-18T15:48:16+08:00,FJ-02,979,3.4,3.0,63.1,0.21,56.1
2026-09-18T15:49:16+08:00,FJ-02,978,3.3,2.9,63.3,0.21,56.7
2026-09-18T15:50:16+08:00,FJ-02,979,3.3,2.9,63.6,0.22,56.5
2026-09-18T15:51:16+08:00,FJ-02,979,3.2,3.0,63.8,0.21,56.7
2026-09-18T15:52:16+08:00,FJ-02,982,3.3,3.0,63.3,0.21,56.5
2026-09-18T15:53:16+08:00,FJ-02,981,3.3,3.0,63.4,0.21,56.3
2026-09-18T15:54:16+08:00,FJ-02,979,3.3,3.0,63.1,0.21,56.7
2026-09-18T15:55:16+08:00,FJ-02,980,3.3,3.0,63.6,0.21,56.3
2026-09-18T15:56:16+08:00,FJ-02,980,3.2,2.9,63.1,0.21,57.2
2026-09-18T15:57:16+08:00,FJ-02,981,3.2,3.0,63.2,0.21,57.0
2026-09-18T15:58:16+08:00,FJ-02,980,3.3,3.0,62.7,0.21,56.6
2026-09-18T15:59:16+08:00,FJ-02,979,3.3,2.9,62.8,0.21,56.5
2026-09-18T16:00:16+08:00,FJ-02,980,3.3,3.0,63.2,0.21,56.7
2026-09-18T16:01:16+08:00,FJ-02,981,3.3,3.0,63.4,0.21,56.3
2026-09-18T16:02:16+08:00,FJ-02,980,3.3,3.0,63.1,0.22,57.4
2026-09-18T16:03:16+08:00,FJ-02,980,3.3,2.9,63.0,0.21,56.5
2026-09-18T16:04:16+08:00,FJ-02,980,3.3,3.0,63.4,0.22,57.0
2026-09-18T16:05:16+08:00,FJ-02,980,3.3,3.0,63.6,0.21,56.1
2026-09-18T16:06:16+08:00,FJ-02,979,3.3,2.9,64.2,0.22,56.5
2026-09-18T16:07:16+08:00,FJ-02,981,3.3,3.0,63.3,0.21,56.4
2026-09-18T16:08:16+08:00,FJ-02,980,3.3,3.0,63.2,0.21,56.5
2026-09-18T16:09:16+08:00,FJ-02,979,3.2,3.0,63.4,0.21,56.4
2026-09-18T16:10:16+08:00,FJ-02,978,3.3,3.1,63.0,0.22,56.4
2026-09-18T16:11:16+08:00,FJ-02,980,3.4,3.1,64.1,0.22,56.3
2026-09-18T16:12:16+08:00,FJ-02,979,3.3,3.0,63.5,0.21,57.0
2026-09-18T16:13:16+08:00,FJ-02,980,3.3,3.0,63.1,0.21,56.4
2026-09-18T16:14:16+08:00,FJ-02,980,3.4,2.9,63.7,0.21,57.1
2026-09-18T16:15:16+08:00,FJ-02,982,3.3,3.0,63.5,0.21,56.4
2026-09-18T16:16:16+08:00,FJ-02,979,3.3,3.0,64.1,0.22,56.7
2026-09-18T16:17:16+08:00,FJ-02,982,3.3,3.0,63.1,0.22,56.8
2026-09-18T16:18:16+08:00,FJ-02,980,3.2,3.0,63.8,0.21,56.7
2026-09-18T16:19:16+08:00,FJ-02,980,3.2,3.0,63.6,0.22,56.2
2026-09-18T16:20:16+08:00,FJ-02,980,3.3,3.0,64.1,0.21,56.6
2026-09-18T16:21:16+08:00,FJ-02,980,3.2,2.9,63.5,0.21,56.5
2026-09-18T16:22:16+08:00,FJ-02,979,3.3,3.0,63.2,0.21,56.9
2026-09-18T16:23:16+08:00,FJ-02,980,3.3,2.9,63.6,0.21,56.9
2026-09-18T16:24:16+08:00,FJ-02,980,3.2,3.0,62.6,0.21,56.6
2026-09-18T16:25:16+08:00,FJ-02,980,3.2,2.9,63.2,0.21,56.8
2026-09-18T16:26:16+08:00,FJ-02,980,3.3,3.0,63.7,0.22,56.2
2026-09-18T16:27:16+08:00,FJ-02,980,3.3,2.9,63.6,0.22,56.7
2026-09-18T16:28:16+08:00,FJ-02,980,3.2,2.9,64.7,0.21,56.6
2026-09-18T16:29:16+08:00,FJ-02,979,3.2,3.0,63.2,0.21,56.8
2026-09-18T16:30:16+08:00,FJ-02,979,3.3,3.0,63.2,0.21,57.0
2026-09-18T16:31:16+08:00,FJ-02,978,3.3,3.0,63.6,0.21,56.7
2026-09-18T16:32:16+08:00,FJ-02,979,3.3,3.0,63.1,0.22,56.7
2026-09-18T16:33:16+08:00,FJ-02,979,3.3,2.9,64.0,0.22,57.3
2026-09-18T16:34:16+08:00,FJ-02,979,3.3,3.0,63.0,0.22,56.1
2026-09-18T16:35:16+08:00,FJ-02,981,3.3,3.0,62.5,0.21,57.1
2026-09-18T16:36:16+08:00,FJ-02,980,3.2,3.0,63.7,0.21,56.7
2026-09-18T16:37:16+08:00,FJ-02,980,3.3,3.0,63.2,0.22,57.2
2026-09-18T16:38:16+08:00,FJ-02,981,3.2,2.9,63.6,0.21,57.0
2026-09-18T16:39:16+08:00,FJ-02,980,3.3,3.0,63.2,0.21,56.8
2026-09-18T16:40:16+08:00,FJ-02,979,3.3,3.0,63.7,0.22,56.8
2026-09-18T16:41:16+08:00,FJ-02,980,3.2,3.1,63.4,0.22,56.8
2026-09-18T16:42:16+08:00,FJ-02,981,3.3,3.0,63.3,0.21,56.4
2026-09-18T16:43:16+08:00,FJ-02,980,3.3,3.0,63.1,0.21,56.6
2026-09-18T16:44:16+08:00,FJ-02,982,3.2,3.0,62.6,0.21,56.3
2026-09-18T16:45:16+08:00,FJ-02,980,3.3,3.0,63.7,0.21,56.1
2026-09-18T16:46:16+08:00,FJ-02,979,3.4,3.0,63.3,0.21,56.8
2026-09-18T16:47:16+08:00,FJ-02,981,3.2,2.9,63.0,0.21,56.8
2026-09-18T16:48:16+08:00,FJ-02,979,3.3,3.0,63.1,0.22,56.9
2026-09-18T16:49:16+08:00,FJ-02,979,3.3,3.0,63.0,0.22,56.9
2026-09-18T16:50:16+08:00,FJ-02,979,3.3,3.0,62.9,0.21,57.3
2026-09-18T16:51:16+08:00,FJ-02,980,3.3,3.1,63.9,0.21,56.8
2026-09-18T16:52:16+08:00,FJ-02,981,3.3,3.0,63.7,0.21,56.7
2026-09-18T16:53:16+08:00,FJ-02,980,3.3,3.0,63.4,0.21,56.0
2026-09-18T16:54:16+08:00,FJ-02,980,3.3,3.0,63.6,0.21,57.2
2026-09-18T16:55:16+08:00,FJ-02,979,3.2,3.0,63.4,0.21,56.6
2026-09-18T16:56:16+08:00,FJ-02,979,3.3,2.9,62.4,0.21,56.8
2026-09-18T16:57:16+08:00,FJ-02,981,3.3,2.9,64.0,0.21,56.6
2026-09-18T16:58:16+08:00,FJ-02,980,3.3,3.0,64.0,0.21,56.6
2026-09-18T16:59:16+08:00,FJ-02,980,3.2,3.0,64.0,0.21,56.4
2026-09-18T17:00:16+08:00,FJ-02,979,3.3,3.0,63.2,0.21,56.7
2026-09-18T17:01:16+08:00,FJ-02,980,3.3,3.0,63.0,0.21,56.2
2026-09-18T17:02:16+08:00,FJ-02,980,3.3,3.0,63.6,0.21,56.8
2026-09-18T17:03:16+08:00,FJ-02,980,3.3,2.9,63.5,0.21,56.5
2026-09-18T17:04:16+08:00,FJ-02,981,3.3,2.9,62.8,0.21,57.0
2026-09-18T17:05:16+08:00,FJ-02,981,3.2,2.9,62.8,0.22,56.3
2026-09-18T17:06:16+08:00,FJ-02,979,3.3,3.0,62.7,0.22,56.7
2026-09-18T17:07:16+08:00,FJ-02,981,3.3,3.1,63.8,0.21,57.1
2026-09-18T17:08:16+08:00,FJ-02,980,3.3,3.0,63.2,0.21,56.2
2026-09-18T17:09:16+08:00,FJ-02,981,3.2,2.9,63.6,0.21,56.5
2026-09-18T17:10:16+08:00,FJ-02,979,3.3,3.0,62.3,0.21,56.9
2026-09-18T17:11:16+08:00,FJ-02,981,3.2,3.0,63.2,0.21,56.4
2026-09-18T17:12:16+08:00,FJ-02,979,3.4,2.9,62.8,0.21,56.6
2026-09-18T17:13:16+08:00,FJ-02,980,3.3,3.0,63.3,0.22,56.2
2026-09-18T17:14:16+08:00,FJ-02,980,3.3,3.0,63.6,0.21,57.5
2026-09-18T17:15:16+08:00,FJ-02,981,3.3,3.0,62.8,0.22,56.5
2026-09-18T17:16:16+08:00,FJ-02,978,3.3,3.0,63.4,0.22,57.0
2026-09-18T17:17:16+08:00,FJ-02,980,3.3,3.0,62.9,0.21,56.0
2026-09-18T17:18:16+08:00,FJ-02,979,3.3,2.9,63.1,0.22,57.3
2026-09-18T17:19:16+08:00,FJ-02,979,3.3,2.9,62.9,0.22,56.7
2026-09-18T17:20:16+08:00,FJ-02,980,3.3,3.0,62.6,0.21,56.4
2026-09-18T17:21:16+08:00,FJ-02,980,3.3,3.0,62.6,0.21,56.8
2026-09-18T17:22:16+08:00,FJ-02,979,3.3,3.0,63.0,0.22,56.1
2026-09-18T17:23:16+08:00,FJ-02,980,3.3,3.0,63.3,0.21,56.5
2026-09-18T17:24:16+08:00,FJ-02,980,3.2,2.9,63.7,0.21,56.3
2026-09-18T17:25:16+08:00,FJ-02,979,3.3,2.9,64.1,0.21,56.8
2026-09-18T17:26:16+08:00,FJ-02,981,3.3,3.0,63.5,0.22,57.3
2026-09-18T17:27:16+08:00,FJ-02,980,3.3,3.0,63.6,0.21,57.0
2026-09-18T17:28:16+08:00,FJ-02,980,3.3,2.9,63.7,0.22,56.7
2026-09-18T17:29:16+08:00,FJ-02,979,3.3,3.1,63.7,0.21,56.6
2026-09-18T17:30:16+08:00,FJ-02,980,3.3,2.9,63.2,0.21,56.7
2026-09-18T17:31:16+08:00,FJ-02,980,3.3,3.0,62.6,0.21,56.8
2026-09-18T17:32:16+08:00,FJ-02,981,3.2,3.0,63.4,0.22,56.6
2026-09-18T17:33:16+08:00,FJ-02,979,3.3,3.0,62.5,0.21,56.3
2026-09-18T17:34:16+08:00,FJ-02,979,3.2,3.1,63.1,0.21,56.5
2026-09-18T17:35:16+08:00,FJ-02,979,3.3,3.0,63.4,0.22,56.3
2026-09-18T17:36:16+08:00,FJ-02,980,3.3,3.0,63.7,0.21,56.3
2026-09-18T17:37:16+08:00,FJ-02,980,3.3,3.0,63.2,0.21,57.0
2026-09-18T17:38:16+08:00,FJ-02,981,3.3,2.9,63.7,0.22,57.0
2026-09-18T17:39:16+08:00,FJ-02,980,3.2,3.0,63.5,0.22,56.6
2026-09-18T17:40:16+08:00,FJ-02,981,3.3,3.1,62.9,0.22,56.7
2026-09-18T17:41:16+08:00,FJ-02,981,3.3,3.0,64.0,0.22,56.8
2026-09-18T17:42:16+08:00,FJ-02,981,3.3,3.0,62.9,0.22,56.4
2026-09-18T17:43:16+08:00,FJ-02,980,3.3,2.9,63.2,0.21,56.8
2026-09-18T17:44:16+08:00,FJ-02,980,3.2,3.0,63.5,0.21,56.7
2026-09-18T17:45:16+08:00,FJ-02,980,3.2,3.0,63.7,0.21,57.1
2026-09-18T17:46:16+08:00,FJ-02,982,3.3,2.9,63.1,0.21,56.4
2026-09-18T17:47:16+08:00,FJ-02,979,3.3,3.0,63.2,0.21,57.0
2026-09-18T17:48:16+08:00,FJ-02,981,3.3,3.0,64.4,0.22,56.7
2026-09-18T17:49:16+08:00,FJ-02,980,3.2,3.0,63.7,0.22,56.5
2026-09-18T17:50:16+08:00,FJ-02,981,3.3,3.1,62.0,0.21,56.5
2026-09-18T17:51:16+08:00,FJ-02,980,3.4,2.9,63.6,0.22,56.7
2026-09-18T17:52:16+08:00,FJ-02,980,3.2,3.0,62.7,0.21,56.6
2026-09-18T17:53:16+08:00,FJ-02,980,3.3,3.0,63.4,0.21,56.4
2026-09-18T17:54:16+08:00,FJ-02,981,3.3,3.0,62.6,0.21,56.9
2026-09-18T17:55:16+08:00,FJ-02,980,3.3,3.0,63.3,0.22,56.8
2026-09-18T17:56:16+08:00,FJ-02,979,3.4,3.0,63.2,0.22,56.3
2026-09-18T17:57:16+08:00,FJ-02,980,3.2,3.0,62.6,0.21,56.6
2026-09-18T17:58:16+08:00,FJ-02,981,3.3,3.0,64.4,0.21,56.2
2026-09-18T17:59:16+08:00,FJ-02,980,3.2,3.0,64.0,0.21,56.8
2026-09-18T18:00:16+08:00,FJ-02,981,3.3,3.0,63.5,0.22,56.9
2026-09-18T18:01:16+08:00,FJ-02,980,3.3,2.9,63.5,0.21,56.3
2026-09-18T18:02:16+08:00,FJ-02,980,3.2,2.9,62.7,0.21,56.9
2026-09-18T18:03:16+08:00,FJ-02,980,3.3,3.0,63.4,0.22,56.7
2026-09-18T18:04:16+08:00,FJ-02,980,3.3,3.0,63.7,0.21,56.6
2026-09-18T18:05:16+08:00,FJ-02,980,3.3,3.0,62.9,0.21,56.9
2026-09-18T18:06:16+08:00,FJ-02,979,3.4,3.0,62.9,0.22,56.9
2026-09-18T18:07:16+08:00,FJ-02,980,3.3,2.9,62.4,0.21,57.0
2026-09-18T18:08:16+08:00,FJ-02,980,3.3,2.9,63.0,0.21,56.8
2026-09-18T18:09:16+08:00,FJ-02,980,3.3,3.0,62.8,0.21,56.6
2026-09-18T18:10:16+08:00,FJ-02,981,3.4,3.0,62.8,0.22,56.4
2026-09-18T18:11:16+08:00,FJ-02,981,3.3,3.0,63.4,0.22,57.3
2026-09-18T18:12:16+08:00,FJ-02,980,3.2,3.0,63.7,0.21,57.2
2026-09-18T18:13:16+08:00,FJ-02,980,3.3,3.0,62.6,0.21,56.9
2026-09-18T18:14:16+08:00,FJ-02,980,3.3,3.0,63.4,0.21,57.2
2026-09-18T18:15:16+08:00,FJ-02,979,3.2,3.1,63.2,0.21,56.2
2026-09-18T18:16:16+08:00,FJ-02,982,3.2,3.0,63.4,0.21,56.6
2026-09-18T18:17:16+08:00,FJ-02,981,3.2,2.9,63.5,0.21,56.8
2026-09-18T18:18:16+08:00,FJ-02,981,3.4,2.9,64.2,0.21,56.5
2026-09-18T18:19:16+08:00,FJ-02,980,3.3,2.9,63.4,0.21,56.8
2026-09-18T18:20:16+08:00,FJ-02,981,3.3,3.0,63.6,0.22,56.1
2026-09-18T18:21:16+08:00,FJ-02,979,3.3,3.1,63.9,0.21,56.6
2026-09-18T18:22:16+08:00,FJ-02,980,3.3,2.9,63.2,0.21,56.1
2026-09-18T18:23:16+08:00,FJ-02,980,3.3,3.0,63.8,0.22,56.9
2026-09-18T18:24:16+08:00,FJ-02,982,3.3,3.0,63.3,0.22,56.7
2026-09-18T18:25:16+08:00,FJ-02,979,3.4,2.9,63.8,0.21,56.8
2026-09-18T18:26:16+08:00,FJ-02,980,3.3,2.9,63.8,0.21,56.6
2026-09-18T18:27:16+08:00,FJ-02,979,3.3,3.0,63.8,0.22,56.6
2026-09-18T18:28:16+08:00,FJ-02,981,3.2,3.1,62.8,0.21,56.9
2026-09-18T18:29:16+08:00,FJ-02,979,3.3,3.0,63.8,0.21,55.9
2026-09-18T18:30:16+08:00,FJ-02,980,3.4,3.0,63.7,0.21,57.2
2026-09-18T18:31:16+08:00,FJ-02,978,3.3,3.0,63.2,0.21,56.7
2026-09-18T18:32:16+08:00,FJ-02,979,3.3,3.0,62.8,0.21,56.4
2026-09-18T18:33:16+08:00,FJ-02,980,3.2,2.9,63.4,0.22,56.9
2026-09-18T18:34:16+08:00,FJ-02,980,3.2,3.0,62.6,0.22,56.4
2026-09-18T18:35:16+08:00,FJ-02,980,3.2,3.0,63.3,0.21,56.4
2026-09-18T18:36:16+08:00,FJ-02,979,3.2,2.9,62.6,0.21,56.4
2026-09-18T18:37:16+08:00,FJ-02,978,3.3,3.1,62.8,0.21,56.4
2026-09-18T18:38:16+08:00,FJ-02,979,3.3,3.0,63.1,0.21,56.6
2026-09-18T18:39:16+08:00,FJ-02,981,3.2,3.0,63.8,0.21,56.9
2026-09-18T18:40:16+08:00,FJ-02,979,3.2,3.0,63.1,0.21,56.8
2026-09-18T18:41:16+08:00,FJ-02,980,3.3,2.9,64.1,0.22,56.4
2026-09-18T18:42:16+08:00,FJ-02,979,3.3,2.9,63.3,0.22,56.3
2026-09-18T18:43:16+08:00,FJ-02,980,3.3,3.0,63.2,0.21,56.6
2026-09-18T18:44:16+08:00,FJ-02,980,3.3,3.0,62.9,0.21,56.6
2026-09-18T18:45:16+08:00,FJ-02,980,3.3,3.0,62.8,0.21,56.9
2026-09-18T18:46:16+08:00,FJ-02,980,3.3,3.0,63.6,0.22,56.8
2026-09-18T18:47:16+08:00,FJ-02,979,3.2,3.1,63.1,0.21,57.0
2026-09-18T18:48:16+08:00,FJ-02,979,3.2,2.9,63.3,0.21,56.6
2026-09-18T18:49:16+08:00,FJ-02,979,3.3,3.0,63.1,0.21,56.8
2026-09-18T18:50:16+08:00,FJ-02,979,3.3,3.0,64.2,0.21,57.8
2026-09-18T18:51:16+08:00,FJ-02,978,3.2,3.0,63.4,0.21,56.7
2026-09-18T18:52:16+08:00,FJ-02,980,3.4,3.0,63.8,0.22,56.3
2026-09-18T18:53:16+08:00,FJ-02,981,3.3,2.9,62.9,0.22,56.7
2026-09-18T18:54:16+08:00,FJ-02,980,3.3,3.0,63.0,0.21,56.8
2026-09-18T18:55:16+08:00,FJ-02,980,3.3,3.0,63.0,0.21,56.6
2026-09-18T18:56:16+08:00,FJ-02,980,3.3,3.0,63.5,0.21,56.6
2026-09-18T18:57:16+08:00,FJ-02,980,3.3,3.0,63.2,0.22,56.7
2026-09-18T18:58:16+08:00,FJ-02,980,3.2,3.0,63.5,0.22,56.5
2026-09-18T18:59:16+08:00,FJ-02,980,3.3,2.9,63.8,0.21,56.9
2026-09-18T19:00:16+08:00,FJ-02,979,3.4,2.9,63.4,0.21,57.1
2026-09-18T19:01:16+08:00,FJ-02,980,3.3,3.0,63.3,0.22,57.1
2026-09-18T19:02:16+08:00,FJ-02,980,3.2,3.0,63.2,0.21,57.0
2026-09-18T19:03:16+08:00,FJ-02,979,3.3,3.0,63.4,0.21,56.7
2026-09-18T19:04:16+08:00,FJ-02,980,3.3,3.1,64.0,0.21,56.4
2026-09-18T19:05:16+08:00,FJ-02,981,3.3,3.0,62.9,0.22,56.9
2026-09-18T19:06:16+08:00,FJ-02,979,3.3,3.0,64.4,0.21,56.1
2026-09-18T19:07:16+08:00,FJ-02,979,3.3,3.0,63.6,0.21,56.8
2026-09-18T19:08:16+08:00,FJ-02,979,3.3,3.0,63.2,0.22,55.9
2026-09-18T19:09:16+08:00,FJ-02,981,3.4,3.0,63.1,0.21,57.1
2026-09-18T19:10:16+08:00,FJ-02,979,3.4,2.9,63.8,0.22,56.9
2026-09-18T19:11:16+08:00,FJ-02,980,3.3,3.0,62.7,0.21,56.4
2026-09-18T19:12:16+08:00,FJ-02,980,3.3,3.0,63.5,0.21,56.5
2026-09-18T19:13:16+08:00,FJ-02,979,3.3,2.9,63.2,0.22,57.0
2026-09-18T19:14:16+08:00,FJ-02,981,3.4,3.0,62.5,0.21,56.3
2026-09-18T19:15:16+08:00,FJ-02,981,3.2,3.0,64.3,0.22,57.1
2026-09-18T19:16:16+08:00,FJ-02,979,3.2,2.9,62.7,0.21,57.0
2026-09-18T19:17:16+08:00,FJ-02,979,3.4,2.9,62.8,0.22,56.7
2026-09-18T19:18:16+08:00,FJ-02,980,3.2,2.9,62.5,0.22,56.1
2026-09-18T19:19:16+08:00,FJ-02,980,3.3,2.9,61.8,0.21,57.1
2026-09-18T19:20:16+08:00,FJ-02,981,3.3,2.8,63.2,0.22,56.8
2026-09-18T19:21:16+08:00,FJ-02,978,3.3,3.1,63.4,0.21,56.6
2026-09-18T19:22:16+08:00,FJ-02,980,3.3,3.0,62.6,0.22,56.8
2026-09-18T19:23:16+08:00,FJ-02,980,3.3,3.1,63.1,0.21,56.6
2026-09-18T19:24:16+08:00,FJ-02,981,3.3,3.0,62.8,0.21,56.6
2026-09-18T19:25:16+08:00,FJ-02,980,3.2,2.9,62.9,0.22,56.7
2026-09-18T19:26:16+08:00,FJ-02,981,3.2,3.1,63.4,0.22,56.6
2026-09-18T19:27:16+08:00,FJ-02,981,3.4,3.0,63.3,0.22,56.7
2026-09-18T19:28:16+08:00,FJ-02,979,3.3,3.0,64.0,0.21,57.0
2026-09-18T19:29:16+08:00,FJ-02,981,3.3,3.0,62.6,0.22,57.0
2026-09-18T19:30:16+08:00,FJ-02,980,3.3,3.1,63.2,0.22,56.8
2026-09-18T19:31:16+08:00,FJ-02,980,3.3,2.9,63.4,0.21,56.8
2026-09-18T19:32:16+08:00,FJ-02,981,3.3,3.0,63.9,0.21,56.7
2026-09-18T19:33:16+08:00,FJ-02,979,3.2,3.1,64.3,0.21,56.9
2026-09-18T19:34:16+08:00,FJ-02,979,3.2,3.0,62.7,0.22,56.5
2026-09-18T19:35:16+08:00,FJ-02,980,3.3,3.0,63.4,0.22,56.6
2026-09-18T19:36:16+08:00,FJ-02,980,3.2,3.0,63.9,0.21,56.5
2026-09-18T19:37:16+08:00,FJ-02,981,3.2,3.0,63.5,0.21,57.0
2026-09-18T19:38:16+08:00,FJ-02,979,3.2,3.0,63.2,0.21,56.7
2026-09-18T19:39:16+08:00,FJ-02,981,3.3,3.1,64.0,0.22,56.4
2026-09-18T19:40:16+08:00,FJ-02,980,3.2,2.9,63.2,0.21,56.7
2026-09-18T19:41:16+08:00,FJ-02,979,3.3,2.9,63.4,0.21,56.3
2026-09-18T19:42:16+08:00,FJ-02,980,3.3,2.9,62.3,0.22,57.0
2026-09-18T19:43:16+08:00,FJ-02,979,3.4,3.0,62.9,0.21,56.4
2026-09-18T19:44:16+08:00,FJ-02,980,3.3,2.9,63.6,0.21,56.1
2026-09-18T19:45:16+08:00,FJ-02,980,3.3,3.0,63.3,0.22,56.6
2026-09-18T19:46:16+08:00,FJ-02,980,3.3,3.0,62.7,0.21,57.0
2026-09-18T19:47:16+08:00,FJ-02,978,3.3,3.2,63.5,0.22,56.9
2026-09-18T19:48:16+08:00,FJ-02,981,3.3,3.1,63.3,0.22,56.7
2026-09-18T19:49:16+08:00,FJ-02,980,3.2,3.0,62.9,0.21,56.8
2026-09-18T19:50:16+08:00,FJ-02,980,3.3,3.0,62.5,0.22,56.1
2026-09-18T19:51:16+08:00,FJ-02,979,3.3,3.0,63.5,0.21,56.9
2026-09-18T19:52:16+08:00,FJ-02,981,3.4,3.0,62.8,0.22,56.7
2026-09-18T19:53:16+08:00,FJ-02,980,3.4,3.0,63.4,0.22,56.5
2026-09-18T19:54:16+08:00,FJ-02,981,3.4,3.0,63.1,0.21,56.4
2026-09-18T19:55:16+08:00,FJ-02,978,3.3,3.0,64.2,0.21,57.2
2026-09-18T19:56:16+08:00,FJ-02,981,3.3,3.0,63.7,0.22,57.2
2026-09-18T19:57:16+08:00,FJ-02,980,3.3,3.0,63.3,0.21,56.6
2026-09-18T19:58:16+08:00,FJ-02,979,3.4,3.0,63.8,0.21,56.3
2026-09-18T19:59:16+08:00,FJ-02,979,3.3,3.0,63.6,0.22,56.5
2026-09-18T20:00:16+08:00,FJ-02,981,3.3,3.0,63.7,0.22,56.7
2026-09-18T20:01:16+08:00,FJ-02,980,3.2,3.0,62.8,0.21,56.3
2026-09-18T20:02:16+08:00,FJ-02,980,3.3,3.0,63.5,0.22,56.9
2026-09-18T20:03:16+08:00,FJ-02,981,3.3,3.0,62.5,0.21,56.6
2026-09-18T20:04:16+08:00,FJ-02,980,3.3,3.0,63.8,0.22,56.4
2026-09-18T20:05:16+08:00,FJ-02,980,3.3,3.0,63.0,0.22,56.4
2026-09-18T20:06:16+08:00,FJ-02,980,3.2,2.9,63.5,0.21,56.3
2026-09-18T20:07:16+08:00,FJ-02,979,3.3,3.1,63.3,0.21,56.3
2026-09-18T20:08:16+08:00,FJ-02,980,3.4,3.1,63.7,0.21,56.6
2026-09-18T20:09:16+08:00,FJ-02,979,3.2,2.9,63.9,0.21,56.1
2026-09-18T20:10:16+08:00,FJ-02,980,3.3,3.0,63.4,0.21,56.6
2026-09-18T20:11:16+08:00,FJ-02,980,3.3,3.0,63.3,0.22,56.9
2026-09-18T20:12:16+08:00,FJ-02,981,3.3,3.0,64.1,0.22,56.4
2026-09-18T20:13:16+08:00,FJ-02,980,3.3,3.0,63.2,0.21,56.9
2026-09-18T20:14:16+08:00,FJ-02,979,3.3,3.0,62.9,0.21,57.2
2026-09-18T20:15:16+08:00,FJ-02,981,3.4,3.1,63.5,0.22,56.8
2026-09-18T20:16:16+08:00,FJ-02,979,3.4,3.0,63.6,0.22,56.7
2026-09-18T20:17:16+08:00,FJ-02,981,3.4,3.0,64.5,0.22,57.0
2026-09-18T20:18:16+08:00,FJ-02,979,3.4,3.0,63.5,0.21,57.0
2026-09-18T20:19:16+08:00,FJ-02,979,3.2,3.0,64.0,0.22,56.4
2026-09-18T20:20:16+08:00,FJ-02,980,3.3,3.0,63.0,0.22,56.8
2026-09-18T20:21:16+08:00,FJ-02,979,3.3,3.0,63.5,0.22,56.6
2026-09-18T20:22:16+08:00,FJ-02,980,3.2,2.9,64.3,0.21,57.5
2026-09-18T20:23:16+08:00,FJ-02,978,3.4,2.9,63.6,0.21,56.3
2026-09-18T20:24:16+08:00,FJ-02,982,3.2,3.0,63.2,0.21,56.7
2026-09-18T20:25:16+08:00,FJ-02,980,3.3,3.0,63.1,0.21,57.3
2026-09-18T20:26:16+08:00,FJ-02,980,3.3,3.0,63.5,0.22,56.9
2026-09-18T20:27:16+08:00,FJ-02,979,3.3,3.0,62.0,0.22,56.5
2026-09-18T20:28:16+08:00,FJ-02,981,3.2,3.0,62.8,0.21,56.5
2026-09-18T20:29:16+08:00,FJ-02,979,3.3,3.0,63.6,0.21,56.2
2026-09-18T20:30:16+08:00,FJ-02,981,3.4,3.0,64.1,0.21,56.4
2026-09-18T20:31:16+08:00,FJ-02,979,3.3,3.0,63.2,0.21,56.4
2026-09-18T20:32:16+08:00,FJ-02,981,3.3,3.0,63.3,0.21,56.4
2026-09-18T20:33:16+08:00,FJ-02,979,3.2,2.9,63.3,0.21,56.7
2026-09-18T20:34:16+08:00,FJ-02,980,3.3,2.9,62.9,0.21,56.6
2026-09-18T20:35:16+08:00,FJ-02,980,3.4,3.0,62.5,0.21,56.4
2026-09-18T20:36:16+08:00,FJ-02,981,3.3,3.0,63.5,0.21,56.8
2026-09-18T20:37:16+08:00,FJ-02,980,3.3,2.9,62.2,0.21,56.7
2026-09-18T20:38:16+08:00,FJ-02,980,3.3,3.1,62.9,0.21,56.6
2026-09-18T20:39:16+08:00,FJ-02,979,3.4,3.0,63.5,0.21,57.0
2026-09-18T20:40:16+08:00,FJ-02,980,3.3,3.0,63.0,0.21,56.9
2026-09-18T20:41:16+08:00,FJ-02,981,3.3,3.0,63.2,0.22,57.1
2026-09-18T20:42:16+08:00,FJ-02,980,3.2,3.0,63.4,0.21,56.7
2026-09-18T20:43:16+08:00,FJ-02,980,3.3,3.0,63.2,0.21,57.0
2026-09-18T20:44:16+08:00,FJ-02,981,3.3,3.0,63.9,0.22,56.5
2026-09-18T20:45:16+08:00,FJ-02,980,3.3,3.0,62.6,0.21,56.6
2026-09-18T20:46:16+08:00,FJ-02,980,3.3,2.9,63.0,0.21,56.5
2026-09-18T20:47:16+08:00,FJ-02,980,3.3,3.0,63.2,0.22,56.8
2026-09-18T20:48:16+08:00,FJ-02,979,3.2,3.0,63.6,0.22,56.8
2026-09-18T20:49:16+08:00,FJ-02,981,3.4,3.1,64.0,0.21,56.5
2026-09-18T20:50:16+08:00,FJ-02,980,3.3,3.0,63.8,0.22,56.9
2026-09-18T20:51:16+08:00,FJ-02,979,3.3,3.0,63.2,0.22,56.7
2026-09-18T20:52:16+08:00,FJ-02,979,3.3,3.0,63.8,0.21,57.0
2026-09-18T20:53:16+08:00,FJ-02,981,3.3,3.0,63.0,0.22,56.6
2026-09-18T20:54:16+08:00,FJ-02,980,3.3,3.0,63.3,0.21,56.5
2026-09-18T20:55:16+08:00,FJ-02,979,3.3,3.0,63.7,0.21,56.5
2026-09-18T20:56:16+08:00,FJ-02,981,3.3,3.0,63.2,0.22,56.6
2026-09-18T20:57:16+08:00,FJ-02,980,3.3,3.0,63.3,0.21,56.5
2026-09-18T20:58:16+08:00,FJ-02,980,3.3,3.0,63.9,0.22,56.8
2026-09-18T20:59:16+08:00,FJ-02,978,3.3,3.0,64.2,0.21,56.4
2026-09-18T21:00:16+08:00,FJ-02,980,3.3,3.0,63.2,0.22,56.9
2026-09-18T21:01:16+08:00,FJ-02,980,3.3,3.0,63.7,0.22,57.1
2026-09-18T21:02:16+08:00,FJ-02,981,3.3,3.0,64.0,0.22,56.5
2026-09-18T21:03:16+08:00,FJ-02,980,3.2,2.9,63.7,0.22,56.2
2026-09-18T21:04:16+08:00,FJ-02,979,3.3,3.1,63.0,0.21,57.2
2026-09-18T21:05:16+08:00,FJ-02,980,3.3,3.0,63.1,0.21,56.4
2026-09-18T21:06:16+08:00,FJ-02,980,3.3,3.0,62.4,0.21,56.9
2026-09-18T21:07:16+08:00,FJ-02,981,3.4,3.0,63.2,0.21,56.0
2026-09-18T21:08:16+08:00,FJ-02,980,3.3,3.1,63.7,0.21,56.9
2026-09-18T21:09:16+08:00,FJ-02,978,3.3,2.9,63.8,0.22,57.0
2026-09-18T21:10:16+08:00,FJ-02,980,3.3,2.9,63.4,0.21,56.7
2026-09-18T21:11:16+08:00,FJ-02,980,3.3,3.0,63.0,0.22,56.9
2026-09-18T21:12:16+08:00,FJ-02,979,3.2,2.9,62.3,0.21,56.8
2026-09-18T21:13:16+08:00,FJ-02,982,3.3,3.0,62.1,0.22,56.4
2026-09-18T21:14:16+08:00,FJ-02,980,3.2,3.0,63.9,0.22,56.7
2026-09-18T21:15:16+08:00,FJ-02,980,3.3,3.0,63.3,0.22,56.3
2026-09-18T21:16:16+08:00,FJ-02,980,3.2,3.0,63.1,0.21,56.6
2026-09-18T21:17:16+08:00,FJ-02,978,3.4,3.1,63.5,0.21,57.5
2026-09-18T21:18:16+08:00,FJ-02,981,3.2,3.0,62.7,0.22,56.9
2026-09-18T21:19:16+08:00,FJ-02,980,3.3,2.9,63.9,0.21,56.9
2026-09-18T21:20:16+08:00,FJ-02,980,3.2,3.1,64.0,0.22,56.4
2026-09-18T21:21:16+08:00,FJ-02,980,3.3,2.9,64.0,0.22,56.6
2026-09-18T21:22:16+08:00,FJ-02,980,3.3,2.9,64.1,0.21,56.5
2026-09-18T21:23:16+08:00,FJ-02,979,3.3,3.1,63.5,0.22,56.6
2026-09-18T21:24:16+08:00,FJ-02,979,3.2,3.0,63.0,0.21,56.6
2026-09-18T21:25:16+08:00,FJ-02,979,3.3,3.1,63.7,0.22,56.7
2026-09-18T21:26:16+08:00,FJ-02,979,3.3,3.0,63.0,0.21,56.8
2026-09-18T21:27:16+08:00,FJ-02,980,3.3,3.0,63.1,0.22,56.3
2026-09-18T21:28:16+08:00,FJ-02,980,3.3,3.0,63.0,0.21,57.1
2026-09-18T21:29:16+08:00,FJ-02,980,3.3,3.0,63.0,0.21,57.1
2026-09-18T21:30:16+08:00,FJ-02,981,3.2,2.9,64.4,0.21,57.2
2026-09-18T21:31:16+08:00,FJ-02,978,3.3,3.0,62.8,0.21,56.8
2026-09-18T21:32:16+08:00,FJ-02,980,3.2,3.0,62.7,0.21,56.6
2026-09-18T21:33:16+08:00,FJ-02,979,3.4,2.9,63.6,0.22,57.4
2026-09-18T21:34:16+08:00,FJ-02,979,3.3,3.0,63.3,0.22,56.6
2026-09-18T21:35:16+08:00,FJ-02,981,3.3,3.0,63.8,0.21,56.8
2026-09-18T21:36:16+08:00,FJ-02,980,3.3,3.0,62.8,0.22,57.2
2026-09-18T21:37:16+08:00,FJ-02,978,3.3,3.0,63.6,0.21,56.7
2026-09-18T21:38:16+08:00,FJ-02,980,3.3,3.0,62.9,0.21,57.2
2026-09-18T21:39:16+08:00,FJ-02,978,3.2,2.9,62.7,0.22,56.5
2026-09-18T21:40:16+08:00,FJ-02,979,3.2,3.1,64.1,0.21,56.9
2026-09-18T21:41:16+08:00,FJ-02,979,3.4,3.0,63.3,0.22,56.7
2026-09-18T21:42:16+08:00,FJ-02,980,3.3,3.1,64.1,0.22,56.6
2026-09-18T21:43:16+08:00,FJ-02,980,3.3,3.0,63.0,0.21,56.8
2026-09-18T21:44:16+08:00,FJ-02,979,3.4,3.0,63.1,0.22,57.3
2026-09-18T21:45:16+08:00,FJ-02,980,3.3,3.0,63.1,0.21,57.4
2026-09-18T21:46:16+08:00,FJ-02,981,3.3,2.9,63.1,0.21,56.6
2026-09-18T21:47:16+08:00,FJ-02,981,3.3,3.0,64.6,0.21,57.1
2026-09-18T21:48:16+08:00,FJ-02,980,3.3,3.0,63.3,0.21,56.3
2026-09-18T21:49:16+08:00,FJ-02,979,3.3,3.0,63.2,0.21,56.7
2026-09-18T21:50:16+08:00,FJ-02,981,3.2,2.9,62.5,0.21,56.8
2026-09-18T21:51:16+08:00,FJ-02,980,3.3,3.0,64.3,0.22,56.2
2026-09-18T21:52:16+08:00,FJ-02,979,3.3,3.0,63.5,0.21,56.3
2026-09-18T21:53:16+08:00,FJ-02,980,3.3,3.1,63.0,0.22,56.3
2026-09-18T21:54:16+08:00,FJ-02,980,3.3,3.0,63.1,0.22,56.4
2026-09-18T21:55:16+08:00,FJ-02,981,3.4,3.0,63.5,0.21,57.1
2026-09-18T21:56:16+08:00,FJ-02,980,3.3,3.0,63.9,0.21,56.8
2026-09-18T21:57:16+08:00,FJ-02,980,3.3,3.0,63.4,0.22,56.6
2026-09-18T21:58:16+08:00,FJ-02,980,3.3,3.1,63.1,0.22,56.2
2026-09-18T21:59:16+08:00,FJ-02,978,3.3,3.0,63.4,0.22,56.6
2026-09-18T22:00:16+08:00,FJ-02,979,3.3,3.1,63.5,0.22,57.1
2026-09-18T22:01:16+08:00,FJ-02,980,3.3,3.0,63.7,0.22,56.6
2026-09-18T22:02:16+08:00,FJ-02,980,3.2,3.0,64.0,0.21,56.5
2026-09-18T22:03:16+08:00,FJ-02,981,3.3,3.1,64.1,0.21,56.7
2026-09-18T22:04:16+08:00,FJ-02,982,3.3,3.0,63.2,0.21,57.0
2026-09-18T22:05:16+08:00,FJ-02,980,3.3,3.0,64.0,0.21,56.4
2026-09-18T22:06:16+08:00,FJ-02,981,3.2,3.0,63.5,0.22,56.7
2026-09-18T22:07:16+08:00,FJ-02,981,3.4,3.0,63.3,0.22,56.9
2026-09-18T22:08:16+08:00,FJ-02,980,3.3,2.9,63.4,0.22,56.1
2026-09-18T22:09:16+08:00,FJ-02,979,3.3,3.1,63.3,0.21,56.3
2026-09-18T22:10:16+08:00,FJ-02,979,3.3,3.0,63.4,0.21,56.4
2026-09-18T22:11:16+08:00,FJ-02,980,3.3,3.0,63.4,0.21,57.0
2026-09-18T22:12:16+08:00,FJ-02,980,3.4,3.0,63.3,0.21,57.1
2026-09-18T22:13:16+08:00,FJ-02,980,3.3,2.9,63.4,0.21,56.5
2026-09-18T22:14:16+08:00,FJ-02,981,3.3,3.0,62.9,0.22,56.6
2026-09-18T22:15:16+08:00,FJ-02,980,3.4,2.9,62.3,0.21,57.1
2026-09-18T22:16:16+08:00,FJ-02,979,3.2,3.0,62.8,0.22,56.3
2026-09-18T22:17:16+08:00,FJ-02,981,3.3,3.0,63.1,0.21,56.5
2026-09-18T22:18:16+08:00,FJ-02,980,3.3,3.0,62.7,0.21,56.3
2026-09-18T22:19:16+08:00,FJ-02,981,3.4,3.0,63.6,0.21,56.5
2026-09-18T22:20:16+08:00,FJ-02,981,3.3,3.1,63.4,0.21,56.7
2026-09-18T22:21:16+08:00,FJ-02,979,3.3,3.1,64.2,0.21,57.3
2026-09-18T22:22:16+08:00,FJ-02,980,3.2,3.0,62.9,0.22,56.7
2026-09-18T22:23:16+08:00,FJ-02,980,3.3,3.0,63.3,0.21,56.8
2026-09-18T22:24:16+08:00,FJ-02,981,3.2,2.9,64.0,0.22,57.0
2026-09-18T22:25:16+08:00,FJ-02,980,3.3,2.9,62.7,0.22,56.7
2026-09-18T22:26:16+08:00,FJ-02,981,3.3,3.0,62.7,0.21,56.7
2026-09-18T22:27:16+08:00,FJ-02,978,3.3,3.1,63.3,0.22,56.6
2026-09-18T22:28:16+08:00,FJ-02,980,3.3,2.9,62.6,0.22,56.7
2026-09-18T22:29:16+08:00,FJ-02,980,3.3,2.9,63.4,0.22,56.6
2026-09-18T22:30:16+08:00,FJ-02,978,3.3,3.0,63.7,0.22,56.5
2026-09-18T22:31:16+08:00,FJ-02,981,3.4,3.0,63.6,0.21,56.5
2026-09-18T22:32:16+08:00,FJ-02,981,3.2,2.9,64.1,0.21,56.5
2026-09-18T22:33:16+08:00,FJ-02,981,3.3,3.0,63.9,0.22,56.7
2026-09-18T22:34:16+08:00,FJ-02,979,3.3,3.0,63.6,0.21,57.7
2026-09-18T22:35:16+08:00,FJ-02,979,3.3,3.0,63.1,0.22,56.5
2026-09-18T22:36:16+08:00,FJ-02,979,3.3,3.0,63.4,0.22,57.0
2026-09-18T22:37:16+08:00,FJ-02,980,3.2,3.0,63.8,0.21,56.4
2026-09-18T22:38:16+08:00,FJ-02,982,3.2,3.0,63.3,0.21,56.8
2026-09-18T22:39:16+08:00,FJ-02,979,3.3,3.0,63.5,0.21,56.8
2026-09-18T22:40:16+08:00,FJ-02,979,3.4,3.0,63.4,0.21,57.3
2026-09-18T22:41:16+08:00,FJ-02,980,3.4,2.9,64.2,0.21,56.7
2026-09-18T22:42:16+08:00,FJ-02,980,3.3,3.0,63.4,0.21,56.7
2026-09-18T22:43:16+08:00,FJ-02,982,3.3,3.0,63.5,0.21,56.2
2026-09-18T22:44:16+08:00,FJ-02,981,3.3,3.0,62.9,0.21,56.8
2026-09-18T22:45:16+08:00,FJ-02,980,3.2,3.0,62.9,0.22,57.1
2026-09-18T22:46:16+08:00,FJ-02,979,3.3,3.0,63.6,0.22,56.7
2026-09-18T22:47:16+08:00,FJ-02,980,3.2,3.0,62.6,0.21,57.0
2026-09-18T22:48:16+08:00,FJ-02,979,3.2,3.0,63.5,0.21,56.8
2026-09-18T22:49:16+08:00,FJ-02,979,3.4,3.0,63.8,0.21,56.9
2026-09-18T22:50:16+08:00,FJ-02,980,3.4,3.0,63.2,0.21,56.8
2026-09-18T22:51:16+08:00,FJ-02,979,3.2,3.0,64.2,0.21,56.7
2026-09-18T22:52:16+08:00,FJ-02,981,3.3,3.0,63.3,0.22,56.7
2026-09-18T22:53:16+08:00,FJ-02,981,3.3,3.0,63.9,0.22,56.8
2026-09-18T22:54:16+08:00,FJ-02,980,3.3,3.0,62.4,0.22,56.9
2026-09-18T22:55:16+08:00,FJ-02,981,3.3,3.1,63.1,0.22,56.9
2026-09-18T22:56:16+08:00,FJ-02,979,3.3,3.0,63.5,0.22,56.6
2026-09-18T22:57:16+08:00,FJ-02,981,3.3,3.0,62.9,0.22,57.1
2026-09-18T22:58:16+08:00,FJ-02,979,3.3,3.1,63.6,0.21,57.0
2026-09-18T22:59:16+08:00,FJ-02,979,3.4,3.0,63.9,0.21,56.9
2026-09-18T23:00:16+08:00,FJ-02,980,3.3,3.0,63.5,0.21,56.3
2026-09-18T23:01:16+08:00,FJ-02,980,3.2,3.1,63.5,0.22,56.6
2026-09-18T23:02:16+08:00,FJ-02,980,3.4,3.1,62.6,0.22,56.8
2026-09-18T23:03:16+08:00,FJ-02,980,3.3,2.9,63.6,0.22,56.9
2026-09-18T23:04:16+08:00,FJ-02,981,3.2,3.0,63.0,0.22,56.4
2026-09-18T23:05:16+08:00,FJ-02,980,3.3,2.9,63.7,0.22,57.0
2026-09-18T23:06:16+08:00,FJ-02,980,3.3,3.0,64.7,0.21,56.9
2026-09-18T23:07:16+08:00,FJ-02,980,3.3,3.0,62.3,0.21,56.8
2026-09-18T23:08:16+08:00,FJ-02,980,3.2,3.1,63.1,0.22,57.1
2026-09-18T23:09:16+08:00,FJ-02,980,3.3,2.9,63.6,0.21,56.7
2026-09-18T23:10:16+08:00,FJ-02,980,3.3,3.0,63.1,0.22,57.1
2026-09-18T23:11:16+08:00,FJ-02,982,3.3,3.0,63.4,0.22,56.5
2026-09-18T23:12:16+08:00,FJ-02,979,3.3,3.1,64.1,0.21,56.6
2026-09-18T23:13:16+08:00,FJ-02,981,3.4,3.0,63.3,0.21,56.5
2026-09-18T23:14:16+08:00,FJ-02,979,3.4,3.1,63.9,0.21,57.0
2026-09-18T23:15:16+08:00,FJ-02,978,3.3,3.0,62.9,0.21,57.0
2026-09-18T23:16:16+08:00,FJ-02,980,3.2,2.9,63.7,0.21,56.5
2026-09-18T23:17:16+08:00,FJ-02,981,3.2,3.0,63.2,0.22,56.7
2026-09-18T23:18:16+08:00,FJ-02,980,3.3,3.0,63.7,0.21,56.8
2026-09-18T23:19:16+08:00,FJ-02,981,3.3,3.0,62.9,0.22,56.8
2026-09-18T23:20:16+08:00,FJ-02,980,3.2,3.0,63.1,0.21,56.6
2026-09-18T23:21:16+08:00,FJ-02,979,3.3,2.9,63.8,0.22,56.7
2026-09-18T23:22:16+08:00,FJ-02,981,3.3,3.1,63.6,0.21,56.6
2026-09-18T23:23:16+08:00,FJ-02,979,3.4,3.1,62.4,0.22,56.8
2026-09-18T23:24:16+08:00,FJ-02,980,3.3,3.1,63.3,0.21,56.9
2026-09-18T23:25:16+08:00,FJ-02,979,3.3,3.1,63.7,0.21,57.2
2026-09-18T23:26:16+08:00,FJ-02,981,3.2,3.1,63.7,0.22,57.0
2026-09-18T23:27:16+08:00,FJ-02,980,3.3,3.0,63.4,0.21,56.5
2026-09-18T23:28:16+08:00,FJ-02,979,3.3,3.0,63.3,0.22,56.5
2026-09-18T23:29:16+08:00,FJ-02,980,3.3,3.0,64.0,0.21,56.7
2026-09-18T23:30:16+08:00,FJ-02,980,3.3,3.0,63.1,0.22,56.7
2026-09-18T23:31:16+08:00,FJ-02,980,3.3,3.0,63.9,0.21,57.2
2026-09-18T23:32:16+08:00,FJ-02,980,3.4,2.9,63.8,0.21,56.4
2026-09-18T23:33:16+08:00,FJ-02,981,3.3,3.0,64.0,0.22,56.5
2026-09-18T23:34:16+08:00,FJ-02,981,3.3,3.0,64.1,0.21,57.0
2026-09-18T23:35:16+08:00,FJ-02,980,3.3,2.9,63.5,0.21,56.9
2026-09-18T23:36:16+08:00,FJ-02,980,3.3,3.0,63.2,0.21,56.7
2026-09-18T23:37:16+08:00,FJ-02,980,3.2,3.0,63.2,0.22,56.3
2026-09-18T23:38:16+08:00,FJ-02,980,3.3,3.0,64.3,0.21,56.6
2026-09-18T23:39:16+08:00,FJ-02,980,3.3,3.0,63.8,0.22,57.6
2026-09-18T23:40:16+08:00,FJ-02,980,3.3,3.0,63.0,0.22,56.9
2026-09-18T23:41:16+08:00,FJ-02,980,3.3,2.9,63.4,0.21,57.0
2026-09-18T23:42:16+08:00,FJ-02,980,3.3,3.0,64.3,0.21,56.3
2026-09-18T23:43:16+08:00,FJ-02,980,3.3,2.9,63.9,0.21,56.8
2026-09-18T23:44:16+08:00,FJ-02,980,3.3,3.0,63.4,0.21,57.0
2026-09-18T23:45:16+08:00,FJ-02,980,3.3,3.0,64.5,0.22,56.7
2026-09-18T23:46:16+08:00,FJ-02,980,3.3,3.0,63.6,0.21,56.5
2026-09-18T23:47:16+08:00,FJ-02,981,3.3,3.0,63.5,0.22,56.0
2026-09-18T23:48:16+08:00,FJ-02,981,3.3,3.0,64.0,0.22,56.7
2026-09-18T23:49:16+08:00,FJ-02,980,3.2,3.0,64.1,0.22,57.1
2026-09-18T23:50:16+08:00,FJ-02,980,3.3,3.0,63.6,0.21,57.3
2026-09-18T23:51:16+08:00,FJ-02,981,3.3,3.0,63.4,0.21,56.7
2026-09-18T23:52:16+08:00,FJ-02,978,3.3,3.1,63.2,0.21,56.9
2026-09-18T23:53:16+08:00,FJ-02,980,3.4,2.9,63.9,0.22,56.6
2026-09-18T23:54:16+08:00,FJ-02,979,3.3,3.0,64.1,0.22,56.4
2026-09-18T23:55:16+08:00,FJ-02,980,3.3,3.0,63.1,0.22,57.2
2026-09-18T23:56:16+08:00,FJ-02,980,3.3,3.1,63.5,0.21,57.1
2026-09-18T23:57:16+08:00,FJ-02,980,3.3,3.0,62.9,0.21,57.1
2026-09-18T23:58:16+08:00,FJ-02,981,3.3,3.0,64.3,0.22,57.1
2026-09-18T23:59:16+08:00,FJ-02,980,3.3,2.9,63.7,0.21,56.6
2026-09-19T00:00:16+08:00,FJ-02,980,3.3,2.9,63.5,0.21,56.4
2026-09-19T00:01:16+08:00,FJ-02,979,3.4,3.1,63.9,0.21,56.5
2026-09-19T00:02:16+08:00,FJ-02,978,3.2,3.0,63.9,0.21,56.4
2026-09-19T00:03:16+08:00,FJ-02,980,3.4,3.0,63.2,0.22,57.1
2026-09-19T00:04:16+08:00,FJ-02,979,3.3,3.0,63.8,0.22,56.8
2026-09-19T00:05:16+08:00,FJ-02,980,3.2,3.0,62.9,0.22,56.7
2026-09-19T00:06:16+08:00,FJ-02,979,3.4,2.9,64.0,0.21,56.8
2026-09-19T00:07:16+08:00,FJ-02,980,3.4,3.0,62.8,0.21,56.7
2026-09-19T00:08:16+08:00,FJ-02,979,3.3,3.0,63.5,0.21,56.4
2026-09-19T00:09:16+08:00,FJ-02,980,3.3,3.0,63.5,0.22,57.2
2026-09-19T00:10:16+08:00,FJ-02,980,3.4,3.1,62.6,0.22,56.7
2026-09-19T00:11:16+08:00,FJ-02,980,3.3,2.9,63.8,0.22,57.1
2026-09-19T00:12:16+08:00,FJ-02,980,3.3,3.1,63.1,0.21,56.3
2026-09-19T00:13:16+08:00,FJ-02,981,3.3,3.0,64.3,0.22,57.1
2026-09-19T00:14:16+08:00,FJ-02,979,3.4,3.0,63.3,0.21,56.9
2026-09-19T00:15:16+08:00,FJ-02,979,3.3,3.0,64.3,0.21,56.6
2026-09-19T00:16:16+08:00,FJ-02,980,3.4,3.1,63.5,0.22,56.8
2026-09-19T00:17:16+08:00,FJ-02,980,3.2,3.0,62.6,0.2,56.5
2026-09-19T00:18:16+08:00,FJ-02,981,3.3,3.0,63.2,0.21,56.8
2026-09-19T00:19:16+08:00,FJ-02,979,3.2,3.0,63.3,0.22,56.6
2026-09-19T00:20:16+08:00,FJ-02,979,3.3,3.0,63.4,0.21,56.7
2026-09-19T00:21:16+08:00,FJ-02,980,3.4,3.0,64.2,0.22,56.7
2026-09-19T00:22:16+08:00,FJ-02,980,3.3,3.0,64.3,0.22,56.8
2026-09-19T00:23:16+08:00,FJ-02,979,3.2,3.1,63.2,0.22,56.6
2026-09-19T00:24:16+08:00,FJ-02,981,3.2,3.0,63.7,0.21,56.8
2026-09-19T00:25:16+08:00,FJ-02,981,3.3,3.0,63.3,0.21,56.8
2026-09-19T00:26:16+08:00,FJ-02,979,3.4,3.0,63.8,0.22,56.7
2026-09-19T00:27:16+08:00,FJ-02,980,3.3,3.0,63.8,0.21,56.5
2026-09-19T00:28:16+08:00,FJ-02,980,3.3,3.0,64.1,0.21,56.7
2026-09-19T00:29:16+08:00,FJ-02,982,3.3,2.9,63.6,0.21,56.7
2026-09-19T00:30:16+08:00,FJ-02,980,3.3,2.9,63.9,0.22,56.3
2026-09-19T00:31:16+08:00,FJ-02,980,3.3,3.1,63.3,0.22,56.5
2026-09-19T00:32:16+08:00,FJ-02,979,3.3,3.0,63.2,0.22,56.8
2026-09-19T00:33:16+08:00,FJ-02,981,3.3,3.0,63.3,0.21,56.4
2026-09-19T00:34:16+08:00,FJ-02,980,3.3,3.0,62.6,0.22,57.1
2026-09-19T00:35:16+08:00,FJ-02,979,3.3,3.0,63.4,0.22,56.5
2026-09-19T00:36:16+08:00,FJ-02,978,3.3,3.1,63.6,0.22,56.9
2026-09-19T00:37:16+08:00,FJ-02,980,3.2,3.0,63.5,0.21,56.2
2026-09-19T00:38:16+08:00,FJ-02,980,3.3,3.0,64.2,0.22,56.2
2026-09-19T00:39:16+08:00,FJ-02,980,3.3,3.0,63.6,0.21,56.8
2026-09-19T00:40:16+08:00,FJ-02,980,3.2,3.0,62.7,0.21,56.4
2026-09-19T00:41:16+08:00,FJ-02,981,3.3,3.0,63.1,0.22,56.5
2026-09-19T00:42:16+08:00,FJ-02,982,3.3,3.0,62.9,0.21,56.6
2026-09-19T00:43:16+08:00,FJ-02,978,3.3,3.0,63.4,0.21,56.9
2026-09-19T00:44:16+08:00,FJ-02,981,3.3,3.0,63.5,0.22,56.7
2026-09-19T00:45:16+08:00,FJ-02,981,3.3,3.0,63.5,0.21,57.0
2026-09-19T00:46:16+08:00,FJ-02,979,3.3,3.1,63.3,0.22,56.9
2026-09-19T00:47:16+08:00,FJ-02,980,3.3,3.0,62.7,0.21,57.3
2026-09-19T00:48:16+08:00,FJ-02,979,3.2,2.9,64.0,0.21,56.6
2026-09-19T00:49:16+08:00,FJ-02,980,3.3,3.1,63.7,0.22,56.8
2026-09-19T00:50:16+08:00,FJ-02,981,3.3,3.0,63.3,0.21,56.9
2026-09-19T00:51:16+08:00,FJ-02,981,3.3,3.1,63.2,0.22,56.8
2026-09-19T00:52:16+08:00,FJ-02,979,3.2,2.9,63.0,0.21,56.9
2026-09-19T00:53:16+08:00,FJ-02,981,3.3,3.0,63.6,0.21,56.7
2026-09-19T00:54:16+08:00,FJ-02,979,3.3,3.1,64.0,0.22,56.4
2026-09-19T00:55:16+08:00,FJ-02,979,3.2,3.0,63.8,0.22,56.2
2026-09-19T00:56:16+08:00,FJ-02,981,3.3,3.0,64.8,0.21,57.2
2026-09-19T00:57:16+08:00,FJ-02,981,3.2,3.0,64.1,0.21,56.7
2026-09-19T00:58:16+08:00,FJ-02,980,3.2,3.1,64.0,0.21,56.5
2026-09-19T00:59:16+08:00,FJ-02,979,3.3,3.0,63.5,0.21,56.7
2026-09-19T01:00:16+08:00,FJ-02,980,3.2,3.0,63.2,0.22,57.1
2026-09-19T01:01:16+08:00,FJ-02,979,3.3,3.0,63.2,0.22,57.1
2026-09-19T01:02:16+08:00,FJ-02,979,3.3,3.1,63.7,0.22,57.7
2026-09-19T01:03:16+08:00,FJ-02,980,3.3,3.0,63.9,0.22,56.6
2026-09-19T01:04:16+08:00,FJ-02,980,3.4,3.0,63.2,0.22,56.9
2026-09-19T01:05:16+08:00,FJ-02,981,3.3,3.0,64.2,0.22,56.9
2026-09-19T01:06:16+08:00,FJ-02,981,3.2,3.0,64.3,0.21,56.9
2026-09-19T01:07:16+08:00,FJ-02,979,3.3,2.9,63.8,0.21,57.2
2026-09-19T01:08:16+08:00,FJ-02,981,3.3,3.0,64.7,0.21,56.7
2026-09-19T01:09:16+08:00,FJ-02,981,3.3,3.1,63.0,0.21,56.8
2026-09-19T01:10:16+08:00,FJ-02,981,3.3,3.0,63.7,0.21,57.1
2026-09-19T01:11:16+08:00,FJ-02,981,3.3,2.9,63.9,0.22,56.1
2026-09-19T01:12:16+08:00,FJ-02,981,3.3,3.1,63.9,0.22,56.5
2026-09-19T01:13:16+08:00,FJ-02,981,3.3,2.9,63.1,0.22,56.5
2026-09-19T01:14:16+08:00,FJ-02,980,3.4,3.0,63.9,0.22,56.1
2026-09-19T01:15:16+08:00,FJ-02,980,3.2,2.9,63.4,0.22,56.9
2026-09-19T01:16:16+08:00,FJ-02,982,3.3,3.2,63.9,0.22,56.8
2026-09-19T01:17:16+08:00,FJ-02,981,3.4,3.0,64.0,0.22,56.9
2026-09-19T01:18:16+08:00,FJ-02,981,3.2,3.0,63.2,0.21,56.9
2026-09-19T01:19:16+08:00,FJ-02,979,3.3,3.1,63.3,0.21,56.7
2026-09-19T01:20:16+08:00,FJ-02,980,3.2,3.0,63.2,0.21,56.7
2026-09-19T01:21:16+08:00,FJ-02,980,3.3,3.0,63.7,0.21,56.6
2026-09-19T01:22:16+08:00,FJ-02,980,3.3,3.0,64.4,0.22,57.2
2026-09-19T01:23:16+08:00,FJ-02,981,3.3,3.0,63.2,0.22,56.9
2026-09-19T01:24:16+08:00,FJ-02,979,3.2,2.9,63.8,0.21,56.8
2026-09-19T01:25:16+08:00,FJ-02,982,3.3,3.0,63.3,0.22,57.0
2026-09-19T01:26:16+08:00,FJ-02,981,3.4,3.0,63.5,0.22,56.9
2026-09-19T01:27:16+08:00,FJ-02,981,3.4,2.9,62.7,0.21,56.5
2026-09-19T01:28:16+08:00,FJ-02,980,3.3,2.9,63.9,0.21,56.9
2026-09-19T01:29:16+08:00,FJ-02,981,3.3,3.0,62.8,0.22,56.5
2026-09-19T01:30:16+08:00,FJ-02,981,3.4,3.0,62.5,0.21,56.8
2026-09-19T01:31:16+08:00,FJ-02,978,3.3,3.1,63.3,0.21,56.6
2026-09-19T01:32:16+08:00,FJ-02,980,3.3,3.0,64.2,0.22,56.5
2026-09-19T01:33:16+08:00,FJ-02,980,3.4,3.0,63.1,0.22,56.7
2026-09-19T01:34:16+08:00,FJ-02,980,3.3,2.9,63.6,0.21,57.3
2026-09-19T01:35:16+08:00,FJ-02,980,3.2,3.0,63.8,0.21,56.6
2026-09-19T01:36:16+08:00,FJ-02,980,3.3,3.1,63.8,0.21,57.0
2026-09-19T01:37:16+08:00,FJ-02,979,3.3,3.0,63.5,0.21,56.5
2026-09-19T01:38:16+08:00,FJ-02,979,3.3,3.0,63.9,0.21,56.5
2026-09-19T01:39:16+08:00,FJ-02,979,3.3,3.1,63.5,0.22,56.8
2026-09-19T01:40:16+08:00,FJ-02,980,3.2,2.9,63.5,0.22,56.8
2026-09-19T01:41:16+08:00,FJ-02,979,3.3,3.0,63.3,0.21,56.2
2026-09-19T01:42:16+08:00,FJ-02,979,3.3,3.0,63.5,0.21,57.2
2026-09-19T01:43:16+08:00,FJ-02,979,3.3,3.0,63.9,0.22,56.7
2026-09-19T01:44:16+08:00,FJ-02,980,3.3,3.0,62.4,0.22,57.3
2026-09-19T01:45:16+08:00,FJ-02,981,3.4,3.1,64.1,0.22,57.0
2026-09-19T01:46:16+08:00,FJ-02,982,3.3,3.0,63.0,0.21,56.9
2026-09-19T01:47:16+08:00,FJ-02,980,3.3,3.0,64.3,0.22,57.0
2026-09-19T01:48:16+08:00,FJ-02,981,3.4,2.9,63.2,0.22,56.7
2026-09-19T01:49:16+08:00,FJ-02,979,3.3,2.9,62.9,0.21,56.1
2026-09-19T01:50:16+08:00,FJ-02,980,3.3,3.1,63.3,0.22,56.0
2026-09-19T01:51:16+08:00,FJ-02,981,3.3,3.0,62.9,0.22,57.1
2026-09-19T01:52:16+08:00,FJ-02,979,3.2,3.1,63.1,0.22,56.4
2026-09-19T01:53:16+08:00,FJ-02,980,3.2,3.0,63.3,0.22,56.5
2026-09-19T01:54:16+08:00,FJ-02,980,3.4,3.1,64.3,0.22,57.8
2026-09-19T01:55:16+08:00,FJ-02,981,3.3,3.0,63.6,0.21,56.6
2026-09-19T01:56:16+08:00,FJ-02,980,3.3,3.2,62.6,0.22,56.8
2026-09-19T01:57:16+08:00,FJ-02,978,3.3,3.0,64.6,0.22,57.2
2026-09-19T01:58:16+08:00,FJ-02,980,3.3,3.0,62.8,0.22,57.1
2026-09-19T01:59:16+08:00,FJ-02,980,3.4,3.0,62.8,0.21,56.4
2026-09-19T02:00:16+08:00,FJ-02,979,3.3,3.0,64.2,0.21,56.7
2026-09-19T02:01:16+08:00,FJ-02,981,3.3,3.1,63.5,0.22,57.4
2026-09-19T02:02:16+08:00,FJ-02,980,3.3,3.0,63.3,0.21,56.8
2026-09-19T02:03:16+08:00,FJ-02,980,3.3,3.0,64.3,0.22,56.7
2026-09-19T02:04:16+08:00,FJ-02,979,3.3,2.9,63.4,0.22,56.3
2026-09-19T02:05:16+08:00,FJ-02,979,3.3,2.9,63.3,0.22,56.7
2026-09-19T02:06:16+08:00,FJ-02,979,3.3,3.1,63.5,0.21,56.8
2026-09-19T02:07:16+08:00,FJ-02,980,3.4,3.0,63.7,0.22,56.3
2026-09-19T02:08:16+08:00,FJ-02,981,3.3,3.1,63.0,0.22,56.5
2026-09-19T02:09:16+08:00,FJ-02,978,3.3,3.1,63.7,0.22,57.2
2026-09-19T02:10:16+08:00,FJ-02,978,3.3,3.0,62.7,0.21,57.1
2026-09-19T02:11:16+08:00,FJ-02,980,3.4,3.0,63.8,0.21,56.8
2026-09-19T02:12:16+08:00,FJ-02,979,3.3,3.0,63.6,0.21,57.4
2026-09-19T02:13:16+08:00,FJ-02,982,3.3,3.1,64.2,0.21,57.3
2026-09-19T02:14:16+08:00,FJ-02,981,3.3,3.0,63.8,0.22,56.7
2026-09-19T02:15:16+08:00,FJ-02,980,3.3,3.0,63.8,0.21,56.6
2026-09-19T02:16:16+08:00,FJ-02,980,3.2,3.0,64.6,0.22,56.8
2026-09-19T02:17:16+08:00,FJ-02,981,3.3,3.0,62.8,0.21,56.3
2026-09-19T02:18:16+08:00,FJ-02,979,3.4,3.0,64.4,0.22,57.0
2026-09-19T02:19:16+08:00,FJ-02,978,3.2,2.9,63.1,0.22,56.0
2026-09-19T02:20:16+08:00,FJ-02,981,3.4,3.0,63.5,0.22,56.8
2026-09-19T02:21:16+08:00,FJ-02,981,3.3,3.0,63.9,0.21,57.0
2026-09-19T02:22:16+08:00,FJ-02,980,3.3,3.0,63.9,0.21,57.3
2026-09-19T02:23:16+08:00,FJ-02,981,3.3,3.1,62.7,0.22,56.6
2026-09-19T02:24:16+08:00,FJ-02,980,3.4,3.1,64.7,0.22,56.8
2026-09-19T02:25:16+08:00,FJ-02,981,3.3,3.0,63.2,0.21,56.8
2026-09-19T02:26:16+08:00,FJ-02,979,3.3,3.0,62.5,0.22,57.2
2026-09-19T02:27:16+08:00,FJ-02,979,3.4,3.0,63.7,0.22,56.5
2026-09-19T02:28:16+08:00,FJ-02,980,3.4,3.0,64.6,0.22,56.5
2026-09-19T02:29:16+08:00,FJ-02,981,3.3,3.0,62.8,0.22,57.4
2026-09-19T02:30:16+08:00,FJ-02,980,3.4,3.0,63.4,0.22,57.4
2026-09-19T02:31:16+08:00,FJ-02,981,3.3,3.0,63.6,0.21,56.7
2026-09-19T02:32:16+08:00,FJ-02,980,3.3,3.1,64.4,0.21,57.1
2026-09-19T02:33:16+08:00,FJ-02,980,3.3,3.0,63.5,0.22,57.0
2026-09-19T02:34:16+08:00,FJ-02,980,3.3,3.1,63.8,0.22,56.9
2026-09-19T02:35:16+08:00,FJ-02,981,3.3,3.1,63.8,0.22,57.2
2026-09-19T02:36:16+08:00,FJ-02,980,3.3,2.9,64.5,0.21,56.2
2026-09-19T02:37:16+08:00,FJ-02,980,3.3,3.1,64.1,0.22,56.4
2026-09-19T02:38:16+08:00,FJ-02,980,3.2,3.1,64.1,0.22,56.8
2026-09-19T02:39:16+08:00,FJ-02,980,3.3,3.1,64.2,0.21,56.3
2026-09-19T02:40:16+08:00,FJ-02,981,3.3,3.0,64.3,0.22,56.9
2026-09-19T02:41:16+08:00,FJ-02,981,3.3,3.0,62.8,0.22,57.1
2026-09-19T02:42:16+08:00,FJ-02,980,3.3,3.0,63.4,0.21,56.7
2026-09-19T02:43:16+08:00,FJ-02,979,3.4,3.0,64.0,0.21,57.0
2026-09-19T02:44:16+08:00,FJ-02,979,3.3,3.0,63.5,0.21,56.8
2026-09-19T02:45:16+08:00,FJ-02,981,3.4,3.0,63.4,0.21,57.1
2026-09-19T02:46:16+08:00,FJ-02,980,3.4,3.0,63.3,0.21,56.9
2026-09-19T02:47:16+08:00,FJ-02,979,3.3,3.0,63.7,0.22,56.6
2026-09-19T02:48:16+08:00,FJ-02,980,3.3,3.0,64.5,0.21,56.5
2026-09-19T02:49:16+08:00,FJ-02,981,3.3,3.1,63.4,0.21,56.1
2026-09-19T02:50:16+08:00,FJ-02,980,3.3,3.0,64.4,0.21,56.6
2026-09-19T02:51:16+08:00,FJ-02,981,3.3,3.0,63.8,0.22,57.2
2026-09-19T02:52:16+08:00,FJ-02,981,3.3,3.0,63.7,0.22,57.2
2026-09-19T02:53:16+08:00,FJ-02,980,3.3,3.1,64.4,0.22,57.0
2026-09-19T02:54:16+08:00,FJ-02,980,3.3,3.0,63.7,0.22,56.8
2026-09-19T02:55:16+08:00,FJ-02,979,3.3,3.0,64.2,0.21,56.6
2026-09-19T02:56:16+08:00,FJ-02,981,3.3,3.0,63.5,0.22,56.6
2026-09-19T02:57:16+08:00,FJ-02,979,3.3,2.9,63.2,0.21,57.4
2026-09-19T02:58:16+08:00,FJ-02,981,3.3,3.0,63.9,0.22,56.8
2026-09-19T02:59:16+08:00,FJ-02,981,3.3,3.0,64.0,0.21,57.0
2026-09-19T03:00:16+08:00,FJ-02,980,3.3,3.0,63.3,0.22,56.9
2026-09-19T03:01:16+08:00,FJ-02,978,3.3,3.0,64.3,0.22,56.4
2026-09-19T03:02:16+08:00,FJ-02,981,3.3,3.0,63.4,0.21,56.9
2026-09-19T03:03:16+08:00,FJ-02,980,3.3,3.0,63.6,0.21,56.3
2026-09-19T03:04:16+08:00,FJ-02,981,3.3,3.1,64.4,0.22,57.0
2026-09-19T03:05:16+08:00,FJ-02,980,3.2,3.0,64.0,0.22,56.7
2026-09-19T03:06:16+08:00,FJ-02,980,3.3,3.1,63.9,0.21,56.3
2026-09-19T03:07:16+08:00,FJ-02,980,3.3,3.1,65.0,0.22,55.8
2026-09-19T03:08:16+08:00,FJ-02,980,3.3,2.9,64.5,0.22,56.6
2026-09-19T03:09:16+08:00,FJ-02,981,3.4,3.0,63.6,0.22,57.2
2026-09-19T03:10:16+08:00,FJ-02,981,3.3,3.0,63.4,0.22,57.2
2026-09-19T03:11:16+08:00,FJ-02,980,3.3,3.0,64.8,0.21,57.0
2026-09-19T03:12:16+08:00,FJ-02,979,3.4,3.1,63.3,0.22,57.1
2026-09-19T03:13:16+08:00,FJ-02,979,3.4,2.9,63.3,0.22,56.4
2026-09-19T03:14:16+08:00,FJ-02,980,3.3,2.9,63.9,0.22,56.8
2026-09-19T03:15:16+08:00,FJ-02,981,3.3,3.1,64.0,0.22,56.8
2026-09-19T03:16:16+08:00,FJ-02,981,3.4,3.0,63.5,0.22,57.2
2026-09-19T03:17:16+08:00,FJ-02,982,3.3,3.0,63.4,0.22,56.8
2026-09-19T03:18:16+08:00,FJ-02,980,3.3,2.9,63.9,0.22,56.7
2026-09-19T03:19:16+08:00,FJ-02,981,3.3,2.9,63.7,0.22,57.4
2026-09-19T03:20:16+08:00,FJ-02,980,3.3,3.0,63.8,0.22,57.2
2026-09-19T03:21:16+08:00,FJ-02,981,3.3,3.0,63.8,0.22,56.3
2026-09-19T03:22:16+08:00,FJ-02,981,3.3,3.0,63.1,0.22,56.6
2026-09-19T03:23:16+08:00,FJ-02,979,3.4,3.0,63.3,0.21,56.8
2026-09-19T03:24:16+08:00,FJ-02,978,3.3,3.0,63.4,0.21,56.8
2026-09-19T03:25:16+08:00,FJ-02,979,3.2,3.1,63.0,0.22,57.5
2026-09-19T03:26:16+08:00,FJ-02,980,3.3,3.0,63.4,0.21,56.9
2026-09-19T03:27:16+08:00,FJ-02,980,3.3,3.0,63.2,0.22,56.7
2026-09-19T03:28:16+08:00,FJ-02,981,3.2,3.0,63.6,0.21,56.5
2026-09-19T03:29:16+08:00,FJ-02,980,3.4,3.0,64.3,0.21,56.8
2026-09-19T03:30:16+08:00,FJ-02,981,3.3,2.9,63.5,0.21,57.0
2026-09-19T03:31:16+08:00,FJ-02,980,3.4,2.9,64.2,0.21,56.8
2026-09-19T03:32:16+08:00,FJ-02,980,3.4,3.0,63.4,0.21,56.4
2026-09-19T03:33:16+08:00,FJ-02,979,3.3,3.1,63.8,0.21,57.3
2026-09-19T03:34:16+08:00,FJ-02,981,3.4,3.0,62.8,0.22,57.1
2026-09-19T03:35:16+08:00,FJ-02,979,3.3,2.9,63.2,0.22,56.7
2026-09-19T03:36:16+08:00,FJ-02,980,3.4,3.0,62.7,0.21,56.9
2026-09-19T03:37:16+08:00,FJ-02,980,3.2,3.0,64.1,0.22,57.1
2026-09-19T03:38:16+08:00,FJ-02,980,3.3,3.1,64.1,0.21,56.9
2026-09-19T03:39:16+08:00,FJ-02,981,3.3,3.1,63.6,0.21,56.9
2026-09-19T03:40:16+08:00,FJ-02,979,3.4,3.0,63.6,0.21,56.3
2026-09-19T03:41:16+08:00,FJ-02,981,3.3,3.0,63.6,0.22,56.7
2026-09-19T03:42:16+08:00,FJ-02,979,3.3,2.9,64.9,0.22,57.0
2026-09-19T03:43:16+08:00,FJ-02,979,3.3,3.0,64.4,0.22,57.1
2026-09-19T03:44:16+08:00,FJ-02,979,3.3,3.0,63.6,0.22,56.7
2026-09-19T03:45:16+08:00,FJ-02,980,3.2,3.1,63.5,0.22,56.0
2026-09-19T03:46:16+08:00,FJ-02,982,3.3,3.0,63.2,0.22,56.4
2026-09-19T03:47:16+08:00,FJ-02,980,3.3,2.9,63.5,0.22,56.8
2026-09-19T03:48:16+08:00,FJ-02,981,3.4,3.0,63.5,0.22,57.2
2026-09-19T03:49:16+08:00,FJ-02,979,3.3,3.1,64.2,0.22,57.0
2026-09-19T03:50:16+08:00,FJ-02,979,3.3,3.1,63.8,0.21,56.9
2026-09-19T03:51:16+08:00,FJ-02,981,3.2,2.9,63.2,0.22,56.5
2026-09-19T03:52:16+08:00,FJ-02,979,3.4,3.0,63.7,0.21,57.2
2026-09-19T03:53:16+08:00,FJ-02,979,3.3,3.0,62.8,0.22,56.9
2026-09-19T03:54:16+08:00,FJ-02,980,3.3,3.0,63.9,0.22,56.1
2026-09-19T03:55:16+08:00,FJ-02,981,3.3,3.0,64.0,0.22,56.6
2026-09-19T03:56:16+08:00,FJ-02,981,3.3,3.0,63.1,0.22,57.0
2026-09-19T03:57:16+08:00,FJ-02,980,3.3,3.0,63.0,0.22,56.7
2026-09-19T03:58:16+08:00,FJ-02,981,3.4,3.0,64.4,0.21,56.8
2026-09-19T03:59:16+08:00,FJ-02,980,3.3,3.1,63.9,0.22,56.9
2026-09-19T04:00:16+08:00,FJ-02,980,3.4,3.0,64.1,0.21,56.6
2026-09-19T04:01:16+08:00,FJ-02,980,3.3,3.0,64.1,0.21,56.8
2026-09-19T04:02:16+08:00,FJ-02,979,3.3,3.0,63.3,0.22,56.9
2026-09-19T04:03:16+08:00,FJ-02,980,3.2,2.9,64.5,0.21,56.6
2026-09-19T04:04:16+08:00,FJ-02,981,3.3,3.0,63.9,0.22,57.3
2026-09-19T04:05:16+08:00,FJ-02,980,3.4,3.0,63.2,0.22,56.6
2026-09-19T04:06:16+08:00,FJ-02,979,3.3,3.1,63.7,0.22,57.1
2026-09-19T04:07:16+08:00,FJ-02,981,3.3,3.0,64.4,0.22,57.0
2026-09-19T04:08:16+08:00,FJ-02,979,3.3,3.0,63.2,0.21,56.8
2026-09-19T04:09:16+08:00,FJ-02,979,3.4,3.0,63.7,0.22,56.9
2026-09-19T04:10:16+08:00,FJ-02,980,3.4,3.0,64.0,0.22,56.7
2026-09-19T04:11:16+08:00,FJ-02,980,3.3,3.0,63.2,0.22,57.1
2026-09-19T04:12:16+08:00,FJ-02,980,3.3,3.0,63.8,0.22,57.2
2026-09-19T04:13:16+08:00,FJ-02,979,3.3,3.1,64.2,0.22,56.9
2026-09-19T04:14:16+08:00,FJ-02,981,3.2,3.0,64.7,0.21,57.2
2026-09-19T04:15:16+08:00,FJ-02,980,3.3,3.0,63.5,0.22,56.8
2026-09-19T04:16:16+08:00,FJ-02,980,3.3,2.9,63.5,0.21,57.1
2026-09-19T04:17:16+08:00,FJ-02,979,3.3,3.1,63.8,0.21,57.3
2026-09-19T04:18:16+08:00,FJ-02,981,3.4,3.0,63.5,0.21,57.2
2026-09-19T04:19:16+08:00,FJ-02,980,3.2,3.1,64.0,0.22,56.7
2026-09-19T04:20:16+08:00,FJ-02,981,3.3,2.9,63.4,0.22,56.9
2026-09-19T04:21:16+08:00,FJ-02,981,3.3,3.0,63.7,0.22,57.2
2026-09-19T04:22:16+08:00,FJ-02,979,3.3,3.0,63.1,0.22,56.7
2026-09-19T04:23:16+08:00,FJ-02,981,3.3,3.0,63.4,0.21,57.0
2026-09-19T04:24:16+08:00,FJ-02,980,3.4,3.0,64.1,0.22,57.1
2026-09-19T04:25:16+08:00,FJ-02,979,3.3,3.1,64.0,0.22,56.6
2026-09-19T04:26:16+08:00,FJ-02,980,3.3,2.9,63.4,0.22,56.8
2026-09-19T04:27:16+08:00,FJ-02,980,3.3,3.0,63.6,0.22,56.6
2026-09-19T04:28:16+08:00,FJ-02,980,3.3,3.0,64.2,0.22,57.0
2026-09-19T04:29:16+08:00,FJ-02,979,3.3,3.1,64.0,0.22,56.7
2026-09-19T04:30:16+08:00,FJ-02,981,3.2,3.2,63.4,0.22,56.9
2026-09-19T04:31:16+08:00,FJ-02,978,3.3,3.0,62.8,0.21,56.7
2026-09-19T04:32:16+08:00,FJ-02,981,3.3,3.1,63.4,0.21,57.0
2026-09-19T04:33:16+08:00,FJ-02,980,3.3,3.0,64.1,0.22,56.7
2026-09-19T04:34:16+08:00,FJ-02,979,3.4,3.1,64.3,0.22,57.3
2026-09-19T04:35:16+08:00,FJ-02,980,3.4,3.1,64.0,0.22,56.7
2026-09-19T04:36:16+08:00,FJ-02,980,3.2,3.0,62.6,0.22,57.1
2026-09-19T04:37:16+08:00,FJ-02,981,3.3,3.0,63.2,0.21,57.4
2026-09-19T04:38:16+08:00,FJ-02,979,3.4,3.0,64.0,0.21,56.5
2026-09-19T04:39:16+08:00,FJ-02,981,3.3,3.0,63.6,0.21,57.0
2026-09-19T04:40:16+08:00,FJ-02,982,3.3,3.1,63.2,0.22,56.6
2026-09-19T04:41:16+08:00,FJ-02,981,3.3,3.1,63.2,0.22,56.5
2026-09-19T04:42:16+08:00,FJ-02,980,3.4,3.0,63.4,0.22,57.1
2026-09-19T04:43:16+08:00,FJ-02,980,3.4,3.2,64.1,0.22,56.4
2026-09-19T04:44:16+08:00,FJ-02,981,3.3,3.1,63.3,0.21,56.9
2026-09-19T04:45:16+08:00,FJ-02,981,3.3,3.0,63.6,0.21,56.5
2026-09-19T04:46:16+08:00,FJ-02,980,3.4,3.1,63.8,0.22,57.1
2026-09-19T04:47:16+08:00,FJ-02,981,3.3,3.0,63.6,0.22,56.8
2026-09-19T04:48:16+08:00,FJ-02,981,3.2,3.1,63.1,0.21,56.9
2026-09-19T04:49:16+08:00,FJ-02,978,3.3,2.9,63.5,0.22,56.7
2026-09-19T04:50:16+08:00,FJ-02,981,3.4,3.1,65.1,0.22,57.1
2026-09-19T04:51:16+08:00,FJ-02,979,3.4,3.1,63.6,0.22,56.5
2026-09-19T04:52:16+08:00,FJ-02,980,3.2,3.0,63.2,0.21,56.9
2026-09-19T04:53:16+08:00,FJ-02,980,3.3,3.1,63.9,0.22,56.8
2026-09-19T04:54:16+08:00,FJ-02,981,3.3,3.0,63.5,0.22,56.7
2026-09-19T04:55:16+08:00,FJ-02,981,3.4,3.1,63.6,0.21,57.0
2026-09-19T04:56:16+08:00,FJ-02,980,3.3,3.1,63.8,0.22,57.2
2026-09-19T04:57:16+08:00,FJ-02,981,3.2,3.0,64.2,0.22,56.6
2026-09-19T04:58:16+08:00,FJ-02,980,3.4,3.1,63.3,0.22,56.9
2026-09-19T04:59:16+08:00,FJ-02,980,3.4,3.0,63.8,0.21,56.6
2026-09-19T05:00:16+08:00,FJ-02,980,3.3,3.0,62.9,0.22,57.4
2026-09-19T05:01:16+08:00,FJ-02,980,3.3,3.1,64.1,0.21,56.5
2026-09-19T05:02:16+08:00,FJ-02,981,3.4,3.0,64.0,0.22,57.4
2026-09-19T05:03:16+08:00,FJ-02,981,3.3,3.0,64.2,0.22,57.2
2026-09-19T05:04:16+08:00,FJ-02,981,3.2,3.0,63.5,0.22,57.2
2026-09-19T05:05:16+08:00,FJ-02,980,3.3,3.1,63.4,0.21,57.4
2026-09-19T05:06:16+08:00,FJ-02,980,3.4,3.0,63.7,0.21,57.1
2026-09-19T05:07:16+08:00,FJ-02,980,3.3,3.0,64.9,0.22,56.5
2026-09-19T05:08:16+08:00,FJ-02,981,3.3,3.0,63.7,0.21,56.3
2026-09-19T05:09:16+08:00,FJ-02,982,3.3,3.0,64.0,0.21,57.0
2026-09-19T05:10:16+08:00,FJ-02,980,3.3,2.9,64.0,0.22,57.1
2026-09-19T05:11:16+08:00,FJ-02,980,3.4,3.0,63.5,0.22,56.4
2026-09-19T05:12:16+08:00,FJ-02,980,3.3,3.0,63.8,0.22,57.0
2026-09-19T05:13:16+08:00,FJ-02,981,3.3,3.0,63.6,0.21,56.1
2026-09-19T05:14:16+08:00,FJ-02,980,3.4,3.1,64.0,0.21,57.1
2026-09-19T05:15:16+08:00,FJ-02,980,3.3,3.1,64.3,0.22,56.6
2026-09-19T05:16:16+08:00,FJ-02,980,3.3,3.1,64.6,0.22,56.9
2026-09-19T05:17:16+08:00,FJ-02,981,3.4,3.0,63.7,0.21,57.1
2026-09-19T05:18:16+08:00,FJ-02,980,3.3,3.0,63.6,0.21,56.9
2026-09-19T05:19:16+08:00,FJ-02,981,3.4,3.0,65.0,0.21,57.1
2026-09-19T05:20:16+08:00,FJ-02,980,3.3,3.0,63.4,0.22,57.1
2026-09-19T05:21:16+08:00,FJ-02,981,3.3,3.2,63.8,0.22,56.2
2026-09-19T05:22:16+08:00,FJ-02,980,3.3,3.0,63.9,0.21,57.3
2026-09-19T05:23:16+08:00,FJ-02,980,3.3,3.1,63.1,0.21,56.5
2026-09-19T05:24:16+08:00,FJ-02,979,3.3,3.1,63.6,0.21,56.6
2026-09-19T05:25:16+08:00,FJ-02,980,3.2,3.0,62.7,0.22,57.4
2026-09-19T05:26:16+08:00,FJ-02,980,3.3,3.0,64.5,0.22,56.7
2026-09-19T05:27:16+08:00,FJ-02,981,3.3,3.0,63.6,0.22,56.8
2026-09-19T05:28:16+08:00,FJ-02,980,3.3,3.1,63.0,0.22,56.5
2026-09-19T05:29:16+08:00,FJ-02,981,3.3,3.0,64.5,0.22,56.8
2026-09-19T05:30:16+08:00,FJ-02,981,3.3,3.0,63.8,0.21,57.0
2026-09-19T05:31:16+08:00,FJ-02,979,3.4,3.0,63.8,0.22,56.4
2026-09-19T05:32:16+08:00,FJ-02,979,3.3,3.0,64.0,0.22,57.0
2026-09-19T05:33:16+08:00,FJ-02,979,3.2,3.0,63.5,0.21,56.9
2026-09-19T05:34:16+08:00,FJ-02,980,3.3,3.0,63.9,0.22,57.1
2026-09-19T05:35:16+08:00,FJ-02,981,3.3,3.0,63.8,0.21,56.6
2026-09-19T05:36:16+08:00,FJ-02,981,3.4,3.0,63.5,0.22,56.5
2026-09-19T05:37:16+08:00,FJ-02,980,3.3,3.0,64.6,0.21,56.8
2026-09-19T05:38:16+08:00,FJ-02,980,3.3,3.0,64.7,0.22,56.9
2026-09-19T05:39:16+08:00,FJ-02,980,3.3,3.0,64.4,0.22,56.4
2026-09-19T05:40:16+08:00,FJ-02,980,3.3,3.0,63.3,0.21,57.1
2026-09-19T05:41:16+08:00,FJ-02,979,3.3,3.1,64.1,0.21,56.8
2026-09-19T05:42:16+08:00,FJ-02,980,3.4,3.1,63.8,0.21,56.6
2026-09-19T05:43:16+08:00,FJ-02,981,3.3,3.0,63.6,0.22,56.5
2026-09-19T05:44:16+08:00,FJ-02,980,3.4,3.1,64.2,0.22,56.6
2026-09-19T05:45:16+08:00,FJ-02,981,3.4,3.0,63.9,0.22,56.7
2026-09-19T05:46:16+08:00,FJ-02,979,3.3,3.0,63.0,0.21,56.7
2026-09-19T05:47:16+08:00,FJ-02,980,3.2,3.1,63.6,0.21,57.0
2026-09-19T05:48:16+08:00,FJ-02,981,3.2,2.9,63.9,0.22,57.0
2026-09-19T05:49:16+08:00,FJ-02,981,3.3,3.0,63.5,0.22,57.0
2026-09-19T05:50:16+08:00,FJ-02,979,3.3,3.1,63.4,0.21,57.3
2026-09-19T05:51:16+08:00,FJ-02,980,3.4,3.0,63.2,0.22,56.6
2026-09-19T05:52:16+08:00,FJ-02,980,3.3,3.0,63.4,0.22,57.0
2026-09-19T05:53:16+08:00,FJ-02,979,3.3,2.9,63.3,0.22,56.8
2026-09-19T05:54:16+08:00,FJ-02,980,3.3,3.0,63.8,0.21,56.9
2026-09-19T05:55:16+08:00,FJ-02,981,3.3,3.0,63.9,0.22,56.9
2026-09-19T05:56:16+08:00,FJ-02,981,3.3,3.0,63.0,0.22,57.3
2026-09-19T05:57:16+08:00,FJ-02,982,3.2,3.0,63.6,0.22,57.4
2026-09-19T05:58:16+08:00,FJ-02,980,3.4,3.1,63.0,0.22,57.4
2026-09-19T05:59:16+08:00,FJ-02,980,3.3,3.1,63.3,0.22,57.1
2026-09-19T06:00:16+08:00,FJ-02,979,3.4,3.0,64.8,0.21,56.5
2026-09-19T06:01:16+08:00,FJ-02,980,3.3,3.1,63.9,0.22,56.8
2026-09-19T06:02:16+08:00,FJ-02,979,3.4,2.9,63.5,0.21,56.3
2026-09-19T06:03:16+08:00,FJ-02,980,3.4,3.0,63.9,0.21,56.9
2026-09-19T06:04:16+08:00,FJ-02,980,3.3,3.0,64.1,0.22,56.9
2026-09-19T06:05:16+08:00,FJ-02,980,3.3,3.1,63.8,0.21,57.1
2026-09-19T06:06:16+08:00,FJ-02,980,3.3,3.0,63.8,0.21,56.3
2026-09-19T06:07:16+08:00,FJ-02,981,3.3,3.0,63.7,0.22,56.7
2026-09-19T06:08:16+08:00,FJ-02,981,3.4,3.1,64.0,0.22,56.9
2026-09-19T06:09:16+08:00,FJ-02,982,3.3,3.0,63.8,0.21,57.1
2026-09-19T06:10:16+08:00,FJ-02,980,3.4,3.1,64.1,0.22,56.9
2026-09-19T06:11:16+08:00,FJ-02,982,3.3,3.0,63.5,0.22,56.8
2026-09-19T06:12:16+08:00,FJ-02,980,3.3,3.0,63.7,0.22,57.0
2026-09-19T06:13:16+08:00,FJ-02,980,3.3,3.0,63.6,0.22,56.6
2026-09-19T06:14:16+08:00,FJ-02,979,3.3,2.9,63.8,0.22,56.6
2026-09-19T06:15:16+08:00,FJ-02,981,3.3,3.2,64.0,0.22,56.6
2026-09-19T06:16:16+08:00,FJ-02,980,3.4,2.9,64.0,0.22,56.5
2026-09-19T06:17:16+08:00,FJ-02,979,3.3,3.0,63.8,0.21,57.0
2026-09-19T06:18:16+08:00,FJ-02,980,3.3,3.0,64.5,0.22,56.8
2026-09-19T06:19:16+08:00,FJ-02,980,3.3,3.0,63.5,0.22,57.0
2026-09-19T06:20:16+08:00,FJ-02,981,3.3,3.0,64.5,0.22,57.0
2026-09-19T06:21:16+08:00,FJ-02,980,3.3,3.0,64.2,0.21,57.2
2026-09-19T06:22:16+08:00,FJ-02,982,3.4,3.0,65.1,0.21,56.6
2026-09-19T06:23:16+08:00,FJ-02,979,3.3,3.0,64.3,0.21,56.3
2026-09-19T06:24:16+08:00,FJ-02,981,3.3,3.1,63.5,0.22,57.2
2026-09-19T06:25:16+08:00,FJ-02,980,3.3,3.0,64.3,0.21,57.0
2026-09-19T06:26:16+08:00,FJ-02,981,3.3,3.0,63.5,0.22,57.1
2026-09-19T06:27:16+08:00,FJ-02,980,3.3,3.0,63.7,0.22,57.3
2026-09-19T06:28:16+08:00,FJ-02,981,3.3,3.0,63.9,0.22,56.6
2026-09-19T06:29:16+08:00,FJ-02,979,3.3,3.0,63.2,0.22,56.7
2026-09-19T06:30:16+08:00,FJ-02,981,3.3,3.1,63.0,0.21,56.9
2026-09-19T06:31:16+08:00,FJ-02,980,3.4,3.0,64.0,0.22,57.0
2026-09-19T06:32:16+08:00,FJ-02,981,3.4,3.0,64.2,0.22,56.6
2026-09-19T06:33:16+08:00,FJ-02,979,3.3,3.0,63.3,0.22,56.8
2026-09-19T06:34:16+08:00,FJ-02,980,3.3,3.0,63.7,0.21,56.9
2026-09-19T06:35:16+08:00,FJ-02,980,3.4,3.0,63.5,0.21,57.3
2026-09-19T06:36:16+08:00,FJ-02,980,3.3,3.0,63.5,0.22,56.7
2026-09-19T06:37:16+08:00,FJ-02,980,3.3,3.0,64.4,0.22,56.7
2026-09-19T06:38:16+08:00,FJ-02,979,3.2,3.0,63.7,0.21,56.8
2026-09-19T06:39:16+08:00,FJ-02,979,3.3,3.1,64.4,0.22,56.9
2026-09-19T06:40:16+08:00,FJ-02,979,3.4,3.0,63.7,0.22,57.1
2026-09-19T06:41:16+08:00,FJ-02,980,3.3,3.0,64.5,0.22,57.2
2026-09-19T06:42:16+08:00,FJ-02,981,3.3,3.0,63.8,0.21,57.0
2026-09-19T06:43:16+08:00,FJ-02,981,3.3,3.0,63.0,0.22,57.0
2026-09-19T06:44:16+08:00,FJ-02,981,3.3,3.0,63.8,0.21,57.3
2026-09-19T06:45:16+08:00,FJ-02,980,3.3,3.1,63.9,0.21,57.1
2026-09-19T06:46:16+08:00,FJ-02,981,3.3,3.0,63.6,0.22,57.0
2026-09-19T06:47:16+08:00,FJ-02,981,3.4,3.1,63.9,0.22,57.1
2026-09-19T06:48:16+08:00,FJ-02,980,3.4,3.1,63.5,0.22,56.8
2026-09-19T06:49:16+08:00,FJ-02,981,3.3,3.0,64.2,0.21,56.6
2026-09-19T06:50:16+08:00,FJ-02,980,3.3,3.0,63.6,0.22,56.2
2026-09-19T06:51:16+08:00,FJ-02,980,3.3,3.0,64.0,0.22,56.5
2026-09-19T06:52:16+08:00,FJ-02,980,3.3,3.0,63.5,0.22,56.5
2026-09-19T06:53:16+08:00,FJ-02,980,3.5,2.9,63.2,0.22,57.1
2026-09-19T06:54:16+08:00,FJ-02,980,3.2,3.0,63.5,0.22,57.4
2026-09-19T06:55:16+08:00,FJ-02,979,3.4,3.0,63.7,0.21,57.4
2026-09-19T06:56:16+08:00,FJ-02,979,3.4,3.0,63.5,0.21,57.6
2026-09-19T06:57:16+08:00,FJ-02,982,3.3,3.1,64.8,0.22,56.6
2026-09-19T06:58:16+08:00,FJ-02,981,3.3,3.0,64.6,0.22,57.4
2026-09-19T06:59:16+08:00,FJ-02,981,3.3,3.0,65.0,0.22,56.6
2026-09-19T07:00:16+08:00,FJ-02,981,3.3,2.9,63.7,0.22,56.8
2026-09-19T07:01:16+08:00,FJ-02,981,3.3,3.0,64.3,0.21,57.1
2026-09-19T07:02:16+08:00,FJ-02,981,3.3,3.1,64.5,0.22,57.1
2026-09-19T07:03:16+08:00,FJ-02,979,3.4,3.1,63.8,0.21,57.3
2026-09-19T07:04:16+08:00,FJ-02,978,3.3,3.0,63.4,0.22,57.0
2026-09-19T07:05:16+08:00,FJ-02,980,3.4,3.0,63.7,0.22,56.7
2026-09-19T07:06:16+08:00,FJ-02,980,3.4,3.1,64.2,0.22,56.9
2026-09-19T07:07:16+08:00,FJ-02,979,3.3,3.2,63.4,0.22,57.1
2026-09-19T07:08:16+08:00,FJ-02,980,3.2,3.0,63.2,0.21,56.6
2026-09-19T07:09:16+08:00,FJ-02,980,3.3,3.0,63.1,0.22,57.3
2026-09-19T07:10:16+08:00,FJ-02,980,3.3,3.0,64.4,0.22,56.8
2026-09-19T07:11:16+08:00,FJ-02,980,3.3,3.0,63.8,0.22,57.3
2026-09-19T07:12:16+08:00,FJ-02,981,3.3,3.0,63.9,0.21,56.8
2026-09-19T07:13:16+08:00,FJ-02,981,3.3,3.1,64.4,0.22,56.8
2026-09-19T07:14:16+08:00,FJ-02,978,3.4,3.0,63.5,0.23,56.7
2026-09-19T07:15:16+08:00,FJ-02,981,3.3,3.0,63.2,0.21,57.0
2026-09-19T07:16:16+08:00,FJ-02,980,3.3,3.0,63.0,0.22,57.1
2026-09-19T07:17:16+08:00,FJ-02,982,3.4,3.0,63.8,0.21,57.2
2026-09-19T07:18:16+08:00,FJ-02,980,3.4,3.0,63.8,0.22,56.5
2026-09-19T07:19:16+08:00,FJ-02,980,3.4,3.0,63.8,0.22,56.6
2026-09-19T07:20:16+08:00,FJ-02,980,3.3,3.0,63.7,0.22,57.1
2026-09-19T07:21:16+08:00,FJ-02,980,3.4,3.0,63.5,0.22,56.9
2026-09-19T07:22:16+08:00,FJ-02,980,3.4,3.0,64.2,0.21,56.9
2026-09-19T07:23:16+08:00,FJ-02,980,3.4,3.0,64.3,0.21,56.9
2026-09-19T07:24:16+08:00,FJ-02,981,3.3,3.0,64.0,0.21,57.0
2026-09-19T07:25:16+08:00,FJ-02,980,3.3,3.0,63.9,0.21,57.1
2026-09-19T07:26:16+08:00,FJ-02,979,3.4,3.1,64.3,0.22,56.8
2026-09-19T07:27:16+08:00,FJ-02,980,3.4,3.1,63.3,0.21,56.6
2026-09-19T07:28:16+08:00,FJ-02,981,3.4,3.0,63.7,0.22,56.7
2026-09-19T07:29:16+08:00,FJ-02,980,3.3,3.0,64.0,0.22,57.1
2026-09-19T07:30:16+08:00,FJ-02,979,3.4,3.0,64.2,0.21,56.5
2026-09-19T07:31:16+08:00,FJ-02,980,3.3,3.0,63.9,0.21,56.9
2026-09-19T07:32:16+08:00,FJ-02,981,3.3,3.1,63.5,0.21,57.0
2026-09-19T07:33:16+08:00,FJ-02,981,3.4,3.0,63.8,0.22,56.9
2026-09-19T07:34:16+08:00,FJ-02,981,3.2,3.0,63.8,0.22,56.8
2026-09-19T07:35:16+08:00,FJ-02,980,3.3,2.9,63.8,0.21,56.9
2026-09-19T07:36:16+08:00,FJ-02,980,3.3,3.0,63.7,0.21,57.0
2026-09-19T07:37:16+08:00,FJ-02,981,3.3,3.0,63.9,0.22,56.4
2026-09-19T07:38:16+08:00,FJ-02,981,3.4,3.1,63.2,0.22,57.0
2026-09-19T07:39:16+08:00,FJ-02,982,3.2,3.0,63.3,0.21,56.9
2026-09-19T07:40:16+08:00,FJ-02,980,3.4,3.0,64.4,0.22,57.3
2026-09-19T07:41:16+08:00,FJ-02,982,3.3,3.1,63.4,0.21,57.0
2026-09-19T07:42:16+08:00,FJ-02,980,3.2,3.0,63.9,0.21,57.2
2026-09-19T07:43:16+08:00,FJ-02,980,3.2,3.0,64.3,0.22,57.3
2026-09-19T07:44:16+08:00,FJ-02,981,3.4,3.0,64.7,0.22,56.7
2026-09-19T07:45:16+08:00,FJ-02,980,3.3,3.1,64.0,0.22,57.3
2026-09-19T07:46:16+08:00,FJ-02,981,3.3,2.9,64.0,0.22,57.2
2026-09-19T07:47:16+08:00,FJ-02,981,3.3,3.0,65.3,0.22,57.4
2026-09-19T07:48:16+08:00,FJ-02,979,3.3,3.0,64.2,0.22,56.7
2026-09-19T07:49:16+08:00,FJ-02,980,3.3,3.1,63.5,0.22,56.4
2026-09-19T07:50:16+08:00,FJ-02,980,3.4,3.0,63.7,0.22,57.4
2026-09-19T07:51:16+08:00,FJ-02,980,3.3,3.0,64.4,0.22,57.2
2026-09-19T07:52:16+08:00,FJ-02,981,3.3,3.0,63.7,0.22,57.0
2026-09-19T07:53:16+08:00,FJ-02,981,3.3,3.0,64.2,0.21,56.5
2026-09-19T07:54:16+08:00,FJ-02,981,3.3,3.0,63.9,0.22,56.8
2026-09-19T07:55:16+08:00,FJ-02,980,3.3,2.9,63.5,0.22,57.1
2026-09-19T07:56:16+08:00,FJ-02,981,3.3,3.1,63.1,0.22,57.5
2026-09-19T07:57:16+08:00,FJ-02,980,3.3,3.1,63.9,0.22,57.0
2026-09-19T07:58:16+08:00,FJ-02,980,3.4,3.0,63.8,0.22,57.3
2026-09-19T07:59:16+08:00,FJ-02,980,3.3,3.0,63.5,0.22,57.3
2026-09-19T08:00:16+08:00,FJ-02,982,3.4,3.0,64.0,0.21,57.0
2026-09-19T08:01:16+08:00,FJ-02,981,3.4,3.0,63.3,0.21,57.4
2026-09-19T08:02:16+08:00,FJ-02,980,3.3,3.1,63.7,0.22,56.8
2026-09-19T08:03:16+08:00,FJ-02,980,3.3,3.0,63.7,0.22,56.7
2026-09-19T08:04:16+08:00,FJ-02,981,3.3,3.0,63.6,0.21,56.5
2026-09-19T08:05:16+08:00,FJ-02,981,3.4,3.0,64.2,0.21,57.3
2026-09-19T08:06:16+08:00,FJ-02,980,3.3,3.0,63.9,0.22,57.0
2026-09-19T08:07:16+08:00,FJ-02,981,3.2,2.9,63.5,0.22,56.7
2026-09-19T08:08:16+08:00,FJ-02,980,3.1,3.0,63.8,0.21,56.8
2026-09-19T08:09:16+08:00,FJ-02,977,3.3,3.1,63.9,0.22,56.7
2026-09-19T08:10:16+08:00,FJ-02,981,3.3,2.9,64.3,0.21,56.9
2026-09-19T08:11:16+08:00,FJ-02,981,3.3,3.1,64.0,0.22,56.8
2026-09-19T08:12:16+08:00,FJ-02,980,3.2,3.1,63.5,0.21,57.0
2026-09-19T08:13:16+08:00,FJ-02,980,3.3,2.9,63.9,0.22,57.3
2026-09-19T08:14:16+08:00,FJ-02,980,3.3,3.0,63.3,0.22,57.0
2026-09-19T08:15:16+08:00,FJ-02,981,3.3,3.0,63.5,0.22,57.3
2026-09-19T08:16:16+08:00,FJ-02,980,3.3,3.1,64.6,0.21,57.6
2026-09-19T08:17:16+08:00,FJ-02,980,3.3,3.0,63.2,0.21,57.0
2026-09-19T08:18:16+08:00,FJ-02,979,3.3,3.0,63.0,0.22,56.5
2026-09-19T08:19:16+08:00,FJ-02,980,3.2,3.0,64.1,0.22,57.5
2026-09-19T08:20:16+08:00,FJ-02,981,3.3,3.0,64.5,0.22,56.9
2026-09-19T08:21:16+08:00,FJ-02,980,3.4,3.1,63.6,0.22,56.7
2026-09-19T08:22:16+08:00,FJ-02,979,3.2,2.9,63.4,0.22,57.0
2026-09-19T08:23:16+08:00,FJ-02,981,3.3,3.0,63.9,0.21,56.8
2026-09-19T08:24:16+08:00,FJ-02,980,3.4,2.9,63.7,0.21,56.9
2026-09-19T08:25:16+08:00,FJ-02,981,3.3,3.1,64.0,0.21,57.2
2026-09-19T08:26:16+08:00,FJ-02,979,3.4,3.1,63.9,0.21,56.8
2026-09-19T08:27:16+08:00,FJ-02,981,3.3,3.1,63.5,0.21,56.7
2026-09-19T08:28:16+08:00,FJ-02,979,3.3,3.1,62.9,0.22,56.9
2026-09-19T08:29:16+08:00,FJ-02,978,3.3,3.0,64.1,0.22,56.4
2026-09-19T08:30:16+08:00,FJ-02,980,3.4,3.0,63.7,0.22,57.3
2026-09-19T08:31:16+08:00,FJ-02,981,3.3,3.0,64.0,0.21,57.0
2026-09-19T08:32:16+08:00,FJ-02,978,3.3,3.1,63.9,0.22,56.6
2026-09-19T08:33:16+08:00,FJ-02,981,3.3,3.0,64.1,0.21,57.5
2026-09-19T08:34:16+08:00,FJ-02,981,3.3,3.0,63.7,0.22,56.5
2026-09-19T08:35:16+08:00,FJ-02,981,3.3,3.0,63.7,0.22,56.8
2026-09-19T08:36:16+08:00,FJ-02,982,3.3,3.0,63.7,0.22,57.1
2026-09-19T08:37:16+08:00,FJ-02,980,3.3,3.1,63.7,0.22,57.0
2026-09-19T08:38:16+08:00,FJ-02,980,3.3,3.1,63.3,0.22,56.8
2026-09-19T08:39:16+08:00,FJ-02,981,3.4,3.0,63.5,0.21,57.1
2026-09-19T08:40:16+08:00,FJ-02,980,3.3,3.0,63.9,0.21,57.0
2026-09-19T08:41:16+08:00,FJ-02,980,3.4,3.0,64.6,0.21,57.3
2026-09-19T08:42:16+08:00,FJ-02,981,3.4,3.0,62.7,0.22,56.8
2026-09-19T08:43:16+08:00,FJ-02,980,3.3,3.0,63.4,0.21,57.5
2026-09-19T08:44:16+08:00,FJ-02,981,3.4,3.0,64.4,0.22,57.0
2026-09-19T08:45:16+08:00,FJ-02,980,3.4,3.0,63.6,0.21,57.4
2026-09-19T08:46:16+08:00,FJ-02,980,3.4,3.2,63.5,0.22,57.3
2026-09-19T08:47:16+08:00,FJ-02,979,3.3,3.1,63.8,0.21,56.6
2026-09-19T08:48:16+08:00,FJ-02,981,3.3,3.0,63.2,0.22,57.0
2026-09-19T08:49:16+08:00,FJ-02,980,3.3,3.0,65.0,0.22,57.1
2026-09-19T08:50:16+08:00,FJ-02,980,3.4,3.0,64.3,0.22,56.4
2026-09-19T08:51:16+08:00,FJ-02,981,3.3,3.0,63.2,0.22,56.7
2026-09-19T08:52:16+08:00,FJ-02,981,3.3,3.0,63.8,0.22,57.0
2026-09-19T08:53:16+08:00,FJ-02,978,3.3,3.0,63.9,0.21,56.6
2026-09-19T08:54:16+08:00,FJ-02,981,3.3,3.2,63.4,0.22,56.7
2026-09-19T08:55:16+08:00,FJ-02,980,3.3,3.0,64.6,0.21,57.0
2026-09-19T08:56:16+08:00,FJ-02,980,3.3,3.0,63.9,0.21,56.2
2026-09-19T08:57:16+08:00,FJ-02,980,3.4,3.0,64.3,0.22,56.6
2026-09-19T08:58:16+08:00,FJ-02,982,3.3,3.0,64.1,0.22,56.9
2026-09-19T08:59:16+08:00,FJ-02,979,3.3,3.0,63.9,0.22,56.7
2026-09-19T09:00:16+08:00,FJ-02,981,3.3,3.1,62.6,0.22,57.3
2026-09-19T09:01:16+08:00,FJ-02,981,3.3,3.0,64.0,0.21,56.5
2026-09-19T09:02:16+08:00,FJ-02,980,3.4,2.9,63.2,0.21,56.7
2026-09-19T09:03:16+08:00,FJ-02,981,3.3,3.0,64.0,0.21,56.5
2026-09-19T09:04:16+08:00,FJ-02,980,3.3,3.0,63.8,0.21,56.7
2026-09-19T09:05:16+08:00,FJ-02,979,3.4,3.1,63.7,0.22,57.1
2026-09-19T09:06:16+08:00,FJ-02,981,3.3,3.0,64.9,0.22,56.8
2026-09-19T09:07:16+08:00,FJ-02,980,3.3,2.9,63.2,0.22,56.5
2026-09-19T09:08:16+08:00,FJ-02,981,3.4,3.0,64.0,0.22,57.2
2026-09-19T09:09:16+08:00,FJ-02,981,3.3,3.0,63.2,0.22,57.3
2026-09-19T09:10:16+08:00,FJ-02,980,3.3,3.0,64.6,0.22,57.1
2026-09-19T09:11:16+08:00,FJ-02,982,3.3,3.1,63.2,0.22,56.7
2026-09-19T09:12:16+08:00,FJ-02,979,3.4,3.1,64.1,0.22,57.0
2026-09-19T09:13:16+08:00,FJ-02,980,3.4,3.1,64.4,0.22,56.7
2026-09-19T09:14:16+08:00,FJ-02,980,3.3,3.1,63.4,0.22,56.7
2026-09-19T09:15:16+08:00,FJ-02,981,3.3,3.0,63.8,0.21,57.0
2026-09-19T09:16:16+08:00,FJ-02,981,3.4,3.0,63.2,0.22,57.5
2026-09-19T09:17:16+08:00,FJ-02,982,3.4,3.1,64.3,0.22,56.8
2026-09-19T09:18:16+08:00,FJ-02,980,3.3,3.0,64.6,0.22,56.9
2026-09-19T09:19:16+08:00,FJ-02,980,3.3,2.9,63.3,0.22,57.7
2026-09-19T09:20:16+08:00,FJ-02,981,3.2,3.1,64.5,0.21,57.3
2026-09-19T09:21:16+08:00,FJ-02,980,3.3,3.0,63.8,0.22,56.6
2026-09-19T09:22:16+08:00,FJ-02,980,3.3,3.0,62.6,0.22,57.2
2026-09-19T09:23:16+08:00,FJ-02,981,3.3,3.0,63.7,0.22,56.7
2026-09-19T09:24:16+08:00,FJ-02,982,3.3,3.0,63.4,0.22,56.8
2026-09-19T09:25:16+08:00,FJ-02,980,3.3,3.0,63.9,0.22,56.8
2026-09-19T09:26:16+08:00,FJ-02,980,3.3,3.0,63.3,0.22,57.0
2026-09-19T09:27:16+08:00,FJ-02,980,3.4,3.1,63.7,0.22,56.9
2026-09-19T09:28:16+08:00,FJ-02,980,3.3,3.0,64.2,0.22,57.3
2026-09-19T09:29:16+08:00,FJ-02,981,3.4,3.1,64.4,0.21,57.0
2026-09-19T09:30:16+08:00,FJ-02,980,3.4,3.1,64.9,0.22,57.6
2026-09-19T09:31:16+08:00,FJ-02,981,3.3,3.0,63.7,0.22,56.9
2026-09-19T09:32:16+08:00,FJ-02,981,3.4,3.0,63.3,0.22,57.4
2026-09-19T09:33:16+08:00,FJ-02,979,3.5,3.1,63.8,0.22,57.4
2026-09-19T09:34:16+08:00,FJ-02,981,3.3,3.0,64.3,0.21,57.0
2026-09-19T09:35:16+08:00,FJ-02,980,3.3,3.0,64.8,0.22,56.7
2026-09-19T09:36:16+08:00,FJ-02,980,3.3,3.0,63.7,0.22,57.2
2026-09-19T09:37:16+08:00,FJ-02,980,3.3,3.0,63.5,0.22,57.1
2026-09-19T09:38:16+08:00,FJ-02,979,3.3,3.0,64.2,0.22,56.9
2026-09-19T09:39:16+08:00,FJ-02,979,3.4,3.1,64.2,0.22,56.7
2026-09-19T09:40:16+08:00,FJ-02,982,3.3,3.0,63.5,0.21,56.4
2026-09-19T09:41:16+08:00,FJ-02,979,3.4,3.0,63.6,0.22,56.9
2026-09-19T09:42:16+08:00,FJ-02,980,3.4,3.2,64.0,0.22,56.7
2026-09-19T09:43:16+08:00,FJ-02,980,3.3,3.0,64.5,0.22,57.0
2026-09-19T09:44:16+08:00,FJ-02,980,3.4,3.0,64.2,0.22,57.1
2026-09-19T09:45:16+08:00,FJ-02,981,3.3,3.0,63.2,0.22,57.1
2026-09-19T09:46:16+08:00,FJ-02,980,3.3,3.0,63.4,0.22,57.6
2026-09-19T09:47:16+08:00,FJ-02,980,3.3,3.0,64.1,0.21,56.9
2026-09-19T09:48:16+08:00,FJ-02,980,3.3,3.0,63.5,0.22,57.1
2026-09-19T09:49:16+08:00,FJ-02,980,3.3,3.1,64.7,0.21,57.4
2026-09-19T09:50:16+08:00,FJ-02,979,3.3,3.1,65.2,0.22,57.5
2026-09-19T09:51:16+08:00,FJ-02,981,3.2,3.0,63.4,0.23,56.9
2026-09-19T09:52:16+08:00,FJ-02,981,3.4,3.0,63.5,0.22,56.9
2026-09-19T09:53:16+08:00,FJ-02,981,3.3,3.0,64.5,0.22,57.2
2026-09-19T09:54:16+08:00,FJ-02,980,3.3,3.1,63.1,0.22,57.1
2026-09-19T09:55:16+08:00,FJ-02,982,3.2,3.0,64.0,0.21,57.0
2026-09-19T09:56:16+08:00,FJ-02,980,3.3,3.0,64.3,0.22,56.9
2026-09-19T09:57:16+08:00,FJ-02,979,3.4,3.1,64.0,0.21,56.9
2026-09-19T09:58:16+08:00,FJ-02,981,3.3,3.1,63.7,0.21,56.9
2026-09-19T09:59:16+08:00,FJ-02,979,3.3,3.0,63.8,0.22,56.7
2026-09-19T10:00:16+08:00,FJ-02,982,3.4,3.0,64.2,0.22,57.2
2026-09-19T10:01:16+08:00,FJ-02,980,3.4,3.0,64.0,0.22,56.9
2026-09-19T10:02:16+08:00,FJ-02,981,3.3,3.1,64.5,0.21,57.0
2026-09-19T10:03:16+08:00,FJ-02,979,3.4,3.0,64.3,0.21,56.9
2026-09-19T10:04:16+08:00,FJ-02,980,3.4,3.0,64.8,0.22,57.1
2026-09-19T10:05:16+08:00,FJ-02,982,3.3,3.0,64.0,0.22,56.9
2026-09-19T10:06:16+08:00,FJ-02,980,3.2,3.0,63.7,0.21,57.6
2026-09-19T10:07:16+08:00,FJ-02,980,3.3,3.0,64.7,0.22,56.6
2026-09-19T10:08:16+08:00,FJ-02,980,3.3,3.0,63.5,0.22,57.0
2026-09-19T10:09:16+08:00,FJ-02,981,3.3,3.1,63.9,0.21,57.5
2026-09-19T10:10:16+08:00,FJ-02,981,3.3,3.1,63.3,0.22,57.6
2026-09-19T10:11:16+08:00,FJ-02,981,3.4,3.0,64.0,0.21,57.2
2026-09-19T10:12:16+08:00,FJ-02,980,3.4,3.1,63.7,0.22,57.4
2026-09-19T10:13:16+08:00,FJ-02,981,3.3,3.1,64.5,0.22,57.1
2026-09-19T10:14:16+08:00,FJ-02,982,3.3,3.0,63.7,0.22,56.7
2026-09-19T10:15:16+08:00,FJ-02,979,3.2,3.0,63.5,0.22,57.0
2026-09-19T10:16:16+08:00,FJ-02,981,3.3,3.1,63.9,0.21,57.2
2026-09-19T10:17:16+08:00,FJ-02,981,3.3,3.0,63.4,0.22,56.4
2026-09-19T10:18:16+08:00,FJ-02,980,3.4,2.9,63.9,0.22,57.2
2026-09-19T10:19:16+08:00,FJ-02,980,3.3,3.0,63.9,0.22,56.3
2026-09-19T10:20:16+08:00,FJ-02,982,3.3,3.1,64.9,0.22,56.8
2026-09-19T10:21:16+08:00,FJ-02,980,3.4,3.0,63.9,0.21,56.8
2026-09-19T10:22:16+08:00,FJ-02,982,3.3,3.0,64.5,0.21,57.2
2026-09-19T10:23:16+08:00,FJ-02,980,3.3,3.1,64.0,0.22,56.8
2026-09-19T10:24:16+08:00,FJ-02,982,3.4,3.1,63.2,0.21,57.1
2026-09-19T10:25:16+08:00,FJ-02,981,3.4,3.0,62.9,0.21,56.8
2026-09-19T10:26:16+08:00,FJ-02,980,3.3,3.0,63.9,0.22,56.8
2026-09-19T10:27:16+08:00,FJ-02,980,3.3,3.0,63.8,0.22,56.9
2026-09-19T10:28:16+08:00,FJ-02,981,3.4,3.0,63.1,0.22,56.7
2026-09-19T10:29:16+08:00,FJ-02,981,3.3,3.0,63.5,0.22,56.7
2026-09-19T10:30:16+08:00,FJ-02,980,3.4,3.1,63.2,0.21,57.1
2026-09-19T10:31:16+08:00,FJ-02,981,3.4,2.9,64.0,0.22,57.0
2026-09-19T10:32:16+08:00,FJ-02,979,3.4,3.1,63.8,0.22,56.8
2026-09-19T10:33:16+08:00,FJ-02,981,3.4,3.0,63.8,0.21,57.2
2026-09-19T10:34:16+08:00,FJ-02,979,3.3,3.1,63.7,0.22,56.4
2026-09-19T10:35:16+08:00,FJ-02,980,3.3,3.0,64.8,0.22,57.2
2026-09-19T10:36:16+08:00,FJ-02,981,3.4,3.1,64.1,0.22,56.4
2026-09-19T10:37:16+08:00,FJ-02,981,3.4,3.0,64.1,0.22,56.8
2026-09-19T10:38:16+08:00,FJ-02,981,3.3,3.1,63.8,0.22,57.2
2026-09-19T10:39:16+08:00,FJ-02,980,3.4,3.0,64.2,0.22,56.8
2026-09-19T10:40:16+08:00,FJ-02,979,3.3,3.0,63.4,0.22,56.5
2026-09-19T10:41:16+08:00,FJ-02,980,3.4,3.0,64.6,0.22,57.1
2026-09-19T10:42:16+08:00,FJ-02,981,3.3,3.1,64.0,0.22,57.1
2026-09-19T10:43:16+08:00,FJ-02,981,3.3,3.0,64.5,0.22,56.5
2026-09-19T10:44:16+08:00,FJ-02,980,3.3,3.0,63.7,0.21,56.9
2026-09-19T10:45:16+08:00,FJ-02,981,3.3,3.1,64.5,0.22,56.3
2026-09-19T10:46:16+08:00,FJ-02,981,3.3,3.0,63.5,0.22,57.5
2026-09-19T10:47:16+08:00,FJ-02,981,3.4,3.1,63.6,0.22,56.8
2026-09-19T10:48:16+08:00,FJ-02,981,3.4,3.0,63.2,0.22,57.0
2026-09-19T10:49:16+08:00,FJ-02,981,3.3,3.0,63.5,0.22,56.7
2026-09-19T10:50:16+08:00,FJ-02,980,3.4,3.0,64.1,0.22,57.4
2026-09-19T10:51:16+08:00,FJ-02,981,3.3,3.0,64.0,0.22,57.0
2026-09-19T10:52:16+08:00,FJ-02,981,3.3,3.1,63.8,0.22,56.9
2026-09-19T10:53:16+08:00,FJ-02,980,3.4,3.0,64.3,0.22,57.2
2026-09-19T10:54:16+08:00,FJ-02,979,3.3,3.1,64.2,0.22,56.8
2026-09-19T10:55:16+08:00,FJ-02,979,3.3,2.9,63.6,0.22,57.3
2026-09-19T10:56:16+08:00,FJ-02,980,3.3,3.1,63.5,0.21,56.7
2026-09-19T10:57:16+08:00,FJ-02,981,3.4,3.0,64.8,0.21,57.2
2026-09-19T10:58:16+08:00,FJ-02,979,3.4,2.9,63.8,0.22,57.0
2026-09-19T10:59:16+08:00,FJ-02,982,3.4,3.0,64.2,0.21,56.9
2026-09-19T11:00:16+08:00,FJ-02,980,3.3,3.1,63.4,0.22,56.5
2026-09-19T11:01:16+08:00,FJ-02,981,3.3,3.0,64.5,0.21,57.5
2026-09-19T11:02:16+08:00,FJ-02,981,3.3,3.1,64.6,0.22,57.0
2026-09-19T11:03:16+08:00,FJ-02,980,3.4,3.0,62.9,0.22,56.6
2026-09-19T11:04:16+08:00,FJ-02,981,3.3,3.1,64.0,0.22,57.0
2026-09-19T11:05:16+08:00,FJ-02,980,3.3,3.1,63.9,0.22,57.0
2026-09-19T11:06:16+08:00,FJ-02,980,3.3,3.0,63.4,0.22,56.8
2026-09-19T11:07:16+08:00,FJ-02,980,3.3,3.0,64.0,0.22,57.4
2026-09-19T11:08:16+08:00,FJ-02,981,3.4,3.1,63.5,0.22,57.1
2026-09-19T11:09:16+08:00,FJ-02,982,3.4,3.1,63.7,0.21,57.1
2026-09-19T11:10:16+08:00,FJ-02,981,3.4,3.1,64.2,0.21,57.5
2026-09-19T11:11:16+08:00,FJ-02,979,3.2,3.0,64.4,0.22,57.6
2026-09-19T11:12:16+08:00,FJ-02,980,3.4,3.0,63.7,0.22,57.4
2026-09-19T11:13:16+08:00,FJ-02,980,3.4,3.0,63.1,0.22,57.0
2026-09-19T11:14:16+08:00,FJ-02,980,3.4,3.1,64.2,0.22,56.8
2026-09-19T11:15:16+08:00,FJ-02,980,3.2,3.0,64.5,0.22,56.5
2026-09-19T11:16:16+08:00,FJ-02,981,3.4,3.1,64.1,0.22,57.3
2026-09-19T11:17:16+08:00,FJ-02,979,3.3,3.0,64.0,0.22,57.5
2026-09-19T11:18:16+08:00,FJ-02,982,3.3,3.0,63.7,0.22,57.1
2026-09-19T11:19:16+08:00,FJ-02,980,3.3,3.1,63.9,0.22,57.4
2026-09-19T11:20:16+08:00,FJ-02,979,3.3,3.1,63.2,0.22,57.2
2026-09-19T11:21:16+08:00,FJ-02,981,3.4,3.1,64.4,0.22,56.8
2026-09-19T11:22:16+08:00,FJ-02,980,3.3,3.1,63.9,0.21,56.9
2026-09-19T11:23:16+08:00,FJ-02,981,3.3,3.1,64.0,0.22,56.1
2026-09-19T11:24:16+08:00,FJ-02,981,3.3,3.1,63.6,0.22,56.8
2026-09-19T11:25:16+08:00,FJ-02,982,3.3,3.1,63.8,0.21,57.4
2026-09-19T11:26:16+08:00,FJ-02,981,3.4,3.0,63.5,0.21,57.2
2026-09-19T11:27:16+08:00,FJ-02,982,3.4,3.0,62.8,0.22,57.2
2026-09-19T11:28:16+08:00,FJ-02,980,3.4,3.1,64.8,0.22,56.9
2026-09-19T11:29:16+08:00,FJ-02,981,3.3,3.0,64.7,0.22,56.6
2026-09-19T11:30:16+08:00,FJ-02,981,3.3,3.0,63.9,0.21,56.8
2026-09-19T11:31:16+08:00,FJ-02,980,3.3,3.0,64.0,0.22,56.9
2026-09-19T11:32:16+08:00,FJ-02,981,3.4,2.9,64.8,0.21,57.0
2026-09-19T11:33:16+08:00,FJ-02,982,3.4,3.1,64.2,0.21,57.3
2026-09-19T11:34:16+08:00,FJ-02,981,3.4,3.0,63.1,0.22,56.7
2026-09-19T11:35:16+08:00,FJ-02,981,3.4,3.0,64.7,0.21,56.6
2026-09-19T11:36:16+08:00,FJ-02,979,3.4,3.0,64.5,0.22,56.9
2026-09-19T11:37:16+08:00,FJ-02,980,3.3,3.1,64.7,0.21,56.9
2026-09-19T11:38:16+08:00,FJ-02,980,3.2,3.0,64.0,0.21,56.1
2026-09-19T11:39:16+08:00,FJ-02,980,3.3,3.0,63.5,0.21,57.5
2026-09-19T11:40:16+08:00,FJ-02,981,3.3,3.1,64.3,0.22,57.5
2026-09-19T11:41:16+08:00,FJ-02,981,3.4,3.1,64.9,0.22,57.1
2026-09-19T11:42:16+08:00,FJ-02,980,3.4,3.0,63.9,0.22,56.6
2026-09-19T11:43:16+08:00,FJ-02,982,3.3,3.0,63.4,0.22,56.9
2026-09-19T11:44:16+08:00,FJ-02,979,3.3,3.0,64.5,0.22,56.5
2026-09-19T11:45:16+08:00,FJ-02,980,3.3,3.0,63.5,0.22,56.9
2026-09-19T11:46:16+08:00,FJ-02,980,3.3,3.0,64.6,0.21,57.0
2026-09-19T11:47:16+08:00,FJ-02,981,3.3,3.0,63.5,0.22,57.5
2026-09-19T11:48:16+08:00,FJ-02,980,3.3,3.0,64.0,0.22,57.5
2026-09-19T11:49:16+08:00,FJ-02,979,3.3,3.0,64.1,0.22,56.6
2026-09-19T11:50:16+08:00,FJ-02,980,3.3,3.1,62.8,0.22,57.4
2026-09-19T11:51:16+08:00,FJ-02,980,3.3,3.0,64.2,0.22,57.3
2026-09-19T11:52:16+08:00,FJ-02,980,3.2,2.9,64.8,0.21,57.0
2026-09-19T11:53:16+08:00,FJ-02,981,3.3,3.0,63.5,0.22,57.6
2026-09-19T11:54:16+08:00,FJ-02,978,3.3,3.1,64.2,0.21,56.8
2026-09-19T11:55:16+08:00,FJ-02,981,3.3,3.2,64.0,0.21,56.7
2026-09-19T11:56:16+08:00,FJ-02,978,3.2,3.0,64.7,0.22,57.3
2026-09-19T11:57:16+08:00,FJ-02,981,3.3,3.0,63.8,0.22,56.7
2026-09-19T11:58:16+08:00,FJ-02,981,3.4,3.1,63.6,0.22,56.9
2026-09-19T11:59:16+08:00,FJ-02,981,3.3,3.0,63.7,0.22,56.9
2026-09-19T12:00:16+08:00,FJ-02,981,3.3,3.1,64.3,0.21,57.2
2026-09-19T12:01:16+08:00,FJ-02,981,3.3,3.0,64.5,0.21,57.2
2026-09-19T12:02:16+08:00,FJ-02,979,3.2,3.0,64.1,0.22,57.4
2026-09-19T12:03:16+08:00,FJ-02,982,3.4,3.1,63.5,0.22,56.7
2026-09-19T12:04:16+08:00,FJ-02,982,3.4,3.0,64.6,0.22,57.3
2026-09-19T12:05:16+08:00,FJ-02,981,3.3,3.1,64.3,0.21,57.1
2026-09-19T12:06:16+08:00,FJ-02,981,3.3,3.0,65.0,0.22,56.5
2026-09-19T12:07:16+08:00,FJ-02,981,3.3,3.0,64.2,0.22,57.3
2026-09-19T12:08:16+08:00,FJ-02,981,3.4,3.0,64.9,0.21,57.0
2026-09-19T12:09:16+08:00,FJ-02,980,3.4,3.1,63.9,0.22,57.2
2026-09-19T12:10:16+08:00,FJ-02,979,3.3,3.0,64.1,0.22,56.9
2026-09-19T12:11:16+08:00,FJ-02,981,3.3,3.0,65.2,0.22,56.9
2026-09-19T12:12:16+08:00,FJ-02,980,3.4,3.0,63.8,0.21,57.0
2026-09-19T12:13:16+08:00,FJ-02,980,3.3,3.0,64.7,0.21,57.3
2026-09-19T12:14:16+08:00,FJ-02,980,3.3,3.0,63.6,0.22,56.1
2026-09-19T12:15:16+08:00,FJ-02,981,3.3,3.1,64.5,0.21,56.8
2026-09-19T12:16:16+08:00,FJ-02,980,3.3,2.9,63.6,0.22,57.0
2026-09-19T12:17:16+08:00,FJ-02,979,3.3,2.9,64.2,0.22,56.4
2026-09-19T12:18:16+08:00,FJ-02,979,3.4,3.0,63.9,0.22,56.7
2026-09-19T12:19:16+08:00,FJ-02,981,3.4,3.0,64.7,0.22,57.2
2026-09-19T12:20:16+08:00,FJ-02,980,3.2,3.1,64.2,0.21,57.0
2026-09-19T12:21:16+08:00,FJ-02,981,3.2,3.0,64.0,0.22,57.2
2026-09-19T12:22:16+08:00,FJ-02,980,3.3,3.0,64.1,0.21,57.1
2026-09-19T12:23:16+08:00,FJ-02,980,3.4,3.0,63.3,0.21,57.5
2026-09-19T12:24:16+08:00,FJ-02,981,3.3,3.0,63.9,0.21,56.7
2026-09-19T12:25:16+08:00,FJ-02,980,3.3,3.0,64.2,0.22,57.1
2026-09-19T12:26:16+08:00,FJ-02,981,3.4,3.1,64.6,0.22,57.5
2026-09-19T12:27:16+08:00,FJ-02,981,3.3,3.0,64.9,0.22,56.5
2026-09-19T12:28:16+08:00,FJ-02,980,3.3,3.1,63.9,0.21,57.0
2026-09-19T12:29:16+08:00,FJ-02,980,3.4,3.1,63.8,0.22,57.1
2026-09-19T12:30:16+08:00,FJ-02,980,3.4,3.1,64.5,0.22,57.0
2026-09-19T12:31:16+08:00,FJ-02,981,3.3,3.1,64.1,0.22,57.0
2026-09-19T12:32:16+08:00,FJ-02,980,3.3,3.1,63.5,0.22,56.9
2026-09-19T12:33:16+08:00,FJ-02,980,3.3,3.1,63.8,0.21,57.3
2026-09-19T12:34:16+08:00,FJ-02,982,3.3,3.1,65.5,0.22,57.3
2026-09-19T12:35:16+08:00,FJ-02,981,3.3,3.0,64.2,0.22,57.0
2026-09-19T12:36:16+08:00,FJ-02,981,3.4,3.0,64.1,0.21,56.7
2026-09-19T12:37:16+08:00,FJ-02,980,3.3,3.1,63.6,0.22,57.0
2026-09-19T12:38:16+08:00,FJ-02,982,3.4,3.0,64.1,0.21,57.1
2026-09-19T12:39:16+08:00,FJ-02,981,3.3,3.0,64.3,0.21,57.1
2026-09-19T12:40:16+08:00,FJ-02,982,3.3,3.1,63.6,0.22,57.3
2026-09-19T12:41:16+08:00,FJ-02,981,3.3,3.0,64.3,0.22,57.3
2026-09-19T12:42:16+08:00,FJ-02,980,3.3,3.0,64.9,0.22,56.7
2026-09-19T12:43:16+08:00,FJ-02,979,3.3,3.0,63.5,0.22,57.0
2026-09-19T12:44:16+08:00,FJ-02,980,3.4,3.1,65.2,0.22,57.0
2026-09-19T12:45:16+08:00,FJ-02,982,3.3,3.1,65.1,0.21,57.3
2026-09-19T12:46:16+08:00,FJ-02,982,3.4,3.0,64.5,0.22,57.3
2026-09-19T12:47:16+08:00,FJ-02,981,3.3,3.1,64.1,0.22,57.3
2026-09-19T12:48:16+08:00,FJ-02,981,3.2,3.1,64.3,0.21,56.8
2026-09-19T12:49:16+08:00,FJ-02,981,3.3,3.0,63.4,0.22,57.4
2026-09-19T12:50:16+08:00,FJ-02,981,3.3,3.1,64.0,0.22,57.4
2026-09-19T12:51:16+08:00,FJ-02,980,3.3,3.0,63.6,0.22,56.9
2026-09-19T12:52:16+08:00,FJ-02,982,3.4,3.1,63.9,0.22,57.0
2026-09-19T12:53:16+08:00,FJ-02,981,3.4,3.0,63.6,0.22,57.3
2026-09-19T12:54:16+08:00,FJ-02,981,3.3,3.0,63.6,0.22,56.9
2026-09-19T12:55:16+08:00,FJ-02,981,3.3,3.0,64.1,0.22,56.8
2026-09-19T12:56:16+08:00,FJ-02,980,3.3,3.1,63.5,0.22,57.2
2026-09-19T12:57:16+08:00,FJ-02,981,3.3,3.0,64.3,0.22,57.5
2026-09-19T12:58:16+08:00,FJ-02,980,3.4,3.0,64.0,0.21,57.1
2026-09-19T12:59:16+08:00,FJ-02,979,3.4,3.0,63.6,0.21,56.6
2026-09-19T13:00:16+08:00,FJ-02,981,3.3,3.0,63.9,0.21,57.3
2026-09-19T13:01:16+08:00,FJ-02,978,3.3,2.9,64.4,0.22,57.4
2026-09-19T13:02:16+08:00,FJ-02,981,3.3,3.0,64.0,0.21,57.0
2026-09-19T13:03:16+08:00,FJ-02,982,3.4,3.0,65.0,0.22,56.8
2026-09-19T13:04:16+08:00,FJ-02,980,3.3,3.0,64.0,0.21,56.8
2026-09-19T13:05:16+08:00,FJ-02,980,3.4,3.1,63.2,0.22,56.7
2026-09-19T13:06:16+08:00,FJ-02,981,3.3,3.0,64.1,0.22,57.4
2026-09-19T13:07:16+08:00,FJ-02,980,3.4,3.1,64.0,0.21,56.7
2026-09-19T13:08:16+08:00,FJ-02,981,3.4,2.9,63.0,0.22,56.7
2026-09-19T13:09:16+08:00,FJ-02,981,3.4,3.0,64.3,0.22,56.7
2026-09-19T13:10:16+08:00,FJ-02,982,3.3,3.1,65.2,0.22,56.4
2026-09-19T13:11:16+08:00,FJ-02,980,3.4,3.1,64.5,0.22,57.1
2026-09-19T13:12:16+08:00,FJ-02,980,3.3,3.0,63.9,0.22,56.8
2026-09-19T13:13:16+08:00,FJ-02,981,3.4,3.0,64.2,0.22,56.7
2026-09-19T13:14:16+08:00,FJ-02,979,3.4,3.0,63.7,0.22,57.1
2026-09-19T13:15:16+08:00,FJ-02,981,3.4,3.1,63.4,0.22,57.0
2026-09-19T13:16:16+08:00,FJ-02,981,3.3,3.0,63.4,0.21,57.3
2026-09-19T13:17:16+08:00,FJ-02,980,3.3,3.0,64.7,0.22,56.9
2026-09-19T13:18:16+08:00,FJ-02,981,3.3,3.0,64.9,0.22,56.9
2026-09-19T13:19:16+08:00,FJ-02,980,3.3,3.1,64.6,0.21,57.2
2026-09-19T13:20:16+08:00,FJ-02,982,3.3,3.0,64.7,0.22,56.9
2026-09-19T13:21:16+08:00,FJ-02,982,3.3,3.0,63.8,0.22,57.3
2026-09-19T13:22:16+08:00,FJ-02,981,3.3,3.0,63.9,0.22,56.9
2026-09-19T13:23:16+08:00,FJ-02,981,3.4,3.0,63.4,0.21,57.3
2026-09-19T13:24:16+08:00,FJ-02,980,3.2,3.0,64.2,0.22,57.1
2026-09-19T13:25:16+08:00,FJ-02,981,3.3,3.1,63.8,0.22,57.3
2026-09-19T13:26:16+08:00,FJ-02,980,3.3,3.1,64.7,0.22,57.5
2026-09-19T13:27:16+08:00,FJ-02,981,3.3,3.0,63.6,0.22,57.0
2026-09-19T13:28:16+08:00,FJ-02,982,3.5,3.1,64.1,0.22,57.3
2026-09-19T13:29:16+08:00,FJ-02,980,3.4,3.0,64.6,0.22,56.9
2026-09-19T13:30:16+08:00,FJ-02,980,3.2,3.0,65.3,0.22,57.0
2026-09-19T13:31:16+08:00,FJ-02,981,3.3,3.0,63.9,0.22,57.6
2026-09-19T13:32:16+08:00,FJ-02,981,3.3,2.9,64.0,0.22,56.9
2026-09-19T13:33:16+08:00,FJ-02,980,3.3,3.0,63.5,0.22,57.5
2026-09-19T13:34:16+08:00,FJ-02,982,3.4,3.0,64.2,0.22,56.7
2026-09-19T13:35:16+08:00,FJ-02,981,3.4,3.0,65.5,0.22,56.5
2026-09-19T13:36:16+08:00,FJ-02,982,3.3,3.0,64.5,0.21,56.9
2026-09-19T13:37:16+08:00,FJ-02,980,3.2,3.0,64.3,0.22,56.3
2026-09-19T13:38:16+08:00,FJ-02,979,3.2,3.0,64.0,0.22,56.5
2026-09-19T13:39:16+08:00,FJ-02,981,3.3,3.0,64.5,0.22,57.5
2026-09-19T13:40:16+08:00,FJ-02,981,3.4,3.0,64.9,0.21,57.2
2026-09-19T13:41:16+08:00,FJ-02,980,3.4,3.1,64.2,0.21,57.5
2026-09-19T13:42:16+08:00,FJ-02,980,3.3,3.1,63.9,0.22,57.5
2026-09-19T13:43:16+08:00,FJ-02,981,3.3,3.0,63.6,0.21,57.3
2026-09-19T13:44:16+08:00,FJ-02,981,3.4,3.1,63.3,0.22,57.6
2026-09-19T13:45:16+08:00,FJ-02,980,3.4,3.0,63.9,0.22,57.0
2026-09-19T13:46:16+08:00,FJ-02,983,3.3,3.1,64.1,0.22,57.0
2026-09-19T13:47:16+08:00,FJ-02,981,3.4,3.1,63.7,0.22,57.2
2026-09-19T13:48:16+08:00,FJ-02,981,3.3,3.2,64.5,0.22,57.1
2026-09-19T13:49:16+08:00,FJ-02,980,3.3,3.0,64.0,0.22,56.9
2026-09-19T13:50:16+08:00,FJ-02,979,3.3,3.0,64.7,0.21,56.8
2026-09-19T13:51:16+08:00,FJ-02,980,3.4,3.0,64.3,0.22,57.0
2026-09-19T13:52:16+08:00,FJ-02,981,3.3,3.0,64.3,0.21,56.7
2026-09-19T13:53:16+08:00,FJ-02,980,3.4,3.1,63.3,0.21,57.2
2026-09-19T13:54:16+08:00,FJ-02,979,3.3,3.0,64.0,0.22,56.5
2026-09-19T13:55:16+08:00,FJ-02,980,3.3,3.1,63.5,0.21,57.2
2026-09-19T13:56:16+08:00,FJ-02,981,3.3,3.1,63.6,0.21,57.0
2026-09-19T13:57:16+08:00,FJ-02,981,3.4,3.1,63.7,0.22,57.4
2026-09-19T13:58:16+08:00,FJ-02,979,3.3,3.1,63.5,0.22,56.9
2026-09-19T13:59:16+08:00,FJ-02,981,3.4,3.0,63.6,0.22,57.2
2026-09-19T14:00:16+08:00,FJ-02,980,3.3,3.1,63.7,0.22,57.2
2026-09-19T14:01:16+08:00,FJ-02,981,3.3,3.1,64.8,0.22,56.5
2026-09-19T14:02:16+08:00,FJ-02,980,3.4,3.1,64.7,0.22,56.9
2026-09-19T14:03:16+08:00,FJ-02,981,3.3,3.0,63.7,0.22,56.8
2026-09-19T14:04:16+08:00,FJ-02,980,3.3,3.1,64.8,0.22,57.1
2026-09-19T14:05:16+08:00,FJ-02,980,3.3,3.0,64.3,0.22,57.2
2026-09-19T14:06:16+08:00,FJ-02,981,3.4,2.9,64.4,0.22,56.7
2026-09-19T14:07:16+08:00,FJ-02,980,3.3,3.1,64.5,0.21,56.6
2026-09-19T14:08:16+08:00,FJ-02,981,3.4,3.1,64.2,0.22,57.1
2026-09-19T14:09:16+08:00,FJ-02,980,3.3,2.9,63.2,0.21,56.8
2026-09-19T14:10:16+08:00,FJ-02,981,3.3,3.0,65.0,0.22,57.0
2026-09-19T14:11:16+08:00,FJ-02,980,3.3,3.0,63.9,0.21,56.9
2026-09-19T14:12:16+08:00,FJ-02,981,3.3,3.1,64.3,0.22,56.7
2026-09-19T14:13:16+08:00,FJ-02,981,3.3,3.1,63.9,0.22,56.7
2026-09-19T14:14:16+08:00,FJ-02,981,3.4,3.0,63.7,0.22,57.0
2026-09-19T14:15:16+08:00,FJ-02,981,3.4,3.1,63.8,0.22,56.9
2026-09-19T14:16:16+08:00,FJ-02,981,3.4,3.0,65.0,0.22,56.7
2026-09-19T14:17:16+08:00,FJ-02,980,3.3,3.1,64.6,0.22,57.1
2026-09-19T14:18:16+08:00,FJ-02,979,3.4,3.1,63.9,0.22,57.3
2026-09-19T14:19:16+08:00,FJ-02,980,3.3,3.2,62.9,0.22,57.1
2026-09-19T14:20:16+08:00,FJ-02,980,3.4,3.0,64.6,0.22,56.9
2026-09-19T14:21:16+08:00,FJ-02,980,3.5,3.0,63.8,0.22,57.2
2026-09-19T14:22:16+08:00,FJ-02,981,3.4,3.0,64.1,0.22,57.0
2026-09-19T14:23:16+08:00,FJ-02,982,3.3,3.0,64.4,0.22,56.8
2026-09-19T14:24:16+08:00,FJ-02,981,3.3,3.0,63.9,0.22,56.9
2026-09-19T14:25:16+08:00,FJ-02,981,3.4,3.0,63.7,0.22,56.5
2026-09-19T14:26:16+08:00,FJ-02,980,3.3,3.1,64.3,0.22,56.7
2026-09-19T14:27:16+08:00,FJ-02,981,3.4,3.0,63.8,0.22,56.4
2026-09-19T14:28:16+08:00,FJ-02,980,3.3,3.1,63.2,0.22,56.9
2026-09-19T14:29:16+08:00,FJ-02,978,3.3,3.0,64.0,0.22,57.5
2026-09-19T14:30:16+08:00,FJ-02,980,3.3,3.0,64.1,0.22,57.1
2026-09-19T14:31:16+08:00,FJ-02,980,3.3,3.0,64.1,0.22,57.0
2026-09-19T14:32:16+08:00,FJ-02,980,3.4,3.1,64.2,0.22,57.3
2026-09-19T14:33:16+08:00,FJ-02,981,3.3,3.1,65.3,0.23,57.1
2026-09-19T14:34:16+08:00,FJ-02,981,3.2,3.0,63.8,0.22,57.1
2026-09-19T14:35:16+08:00,FJ-02,981,3.4,3.0,64.8,0.22,57.1
2026-09-19T14:36:16+08:00,FJ-02,981,3.4,3.1,64.6,0.22,56.9
2026-09-19T14:37:16+08:00,FJ-02,980,3.3,3.0,64.4,0.21,57.6
2026-09-19T14:38:16+08:00,FJ-02,979,3.2,3.0,64.3,0.21,57.4
2026-09-19T14:39:16+08:00,FJ-02,981,3.3,3.1,63.9,0.22,57.3
2026-09-19T14:40:16+08:00,FJ-02,981,3.4,3.0,63.4,0.22,57.2
2026-09-19T14:41:16+08:00,FJ-02,981,3.4,3.0,64.1,0.22,57.5
2026-09-19T14:42:16+08:00,FJ-02,981,3.3,3.1,63.4,0.21,57.0
2026-09-19T14:43:16+08:00,FJ-02,980,3.3,3.1,65.5,0.22,57.2
2026-09-19T14:44:16+08:00,FJ-02,981,3.3,3.1,64.0,0.22,57.4
2026-09-19T14:45:16+08:00,FJ-02,981,3.3,3.0,64.3,0.22,56.9
2026-09-19T14:46:16+08:00,FJ-02,981,3.4,3.0,63.9,0.22,56.8
2026-09-19T14:47:16+08:00,FJ-02,980,3.4,3.0,64.2,0.22,56.5
2026-09-19T14:48:16+08:00,FJ-02,981,3.3,3.1,63.7,0.21,56.9
2026-09-19T14:49:16+08:00,FJ-02,981,3.4,3.1,64.4,0.21,56.9
2026-09-19T14:50:16+08:00,FJ-02,980,3.3,3.1,63.7,0.22,56.9
2026-09-19T14:51:16+08:00,FJ-02,981,3.4,3.1,64.4,0.22,57.3
2026-09-19T14:52:16+08:00,FJ-02,981,3.3,3.0,63.7,0.22,57.2
2026-09-19T14:53:16+08:00,FJ-02,982,3.4,3.0,63.9,0.22,57.2
2026-09-19T14:54:16+08:00,FJ-02,982,3.3,3.1,63.7,0.22,57.0
2026-09-19T14:55:16+08:00,FJ-02,981,3.3,3.0,63.6,0.22,57.2
2026-09-19T14:56:16+08:00,FJ-02,982,3.3,3.1,64.1,0.22,57.5
2026-09-19T14:57:16+08:00,FJ-02,979,3.3,2.9,63.5,0.22,56.9
2026-09-19T14:58:16+08:00,FJ-02,981,3.3,3.0,63.3,0.22,57.6
2026-09-19T14:59:16+08:00,FJ-02,981,3.4,3.0,63.6,0.21,57.1
2026-09-19T15:00:16+08:00,FJ-02,980,3.3,3.0,64.7,0.22,56.8
2026-09-19T15:01:16+08:00,FJ-02,982,3.4,3.0,64.3,0.22,57.1
2026-09-19T15:02:16+08:00,FJ-02,981,3.4,3.1,64.6,0.22,57.2
2026-09-19T15:03:16+08:00,FJ-02,980,3.4,3.1,63.9,0.22,57.2
2026-09-19T15:04:16+08:00,FJ-02,981,3.4,3.0,65.3,0.22,56.9
2026-09-19T15:05:16+08:00,FJ-02,981,3.4,3.1,64.2,0.22,57.1
2026-09-19T15:06:16+08:00,FJ-02,981,3.3,3.1,64.6,0.22,57.2
2026-09-19T15:07:16+08:00,FJ-02,980,3.3,3.0,63.3,0.22,57.2
2026-09-19T15:08:16+08:00,FJ-02,978,3.3,3.0,64.2,0.22,57.2
2026-09-19T15:09:16+08:00,FJ-02,981,3.4,3.1,64.0,0.21,56.8
2026-09-19T15:10:16+08:00,FJ-02,982,3.3,3.1,64.4,0.22,57.2
2026-09-19T15:11:16+08:00,FJ-02,980,3.3,3.1,64.5,0.22,57.4
2026-09-19T15:12:16+08:00,FJ-02,981,3.4,3.1,64.5,0.22,56.9
2026-09-19T15:13:16+08:00,FJ-02,981,3.4,3.0,63.5,0.22,57.2
2026-09-19T15:14:16+08:00,FJ-02,981,3.4,3.0,64.0,0.22,57.5
2026-09-19T15:15:16+08:00,FJ-02,980,3.4,3.1,63.8,0.22,57.0
2026-09-19T15:16:16+08:00,FJ-02,980,3.3,3.0,64.0,0.21,57.9
2026-09-19T15:17:16+08:00,FJ-02,980,3.3,3.0,64.3,0.22,57.4
2026-09-19T15:18:16+08:00,FJ-02,981,3.3,3.0,63.9,0.22,57.7
2026-09-19T15:19:16+08:00,FJ-02,980,3.3,3.1,64.8,0.22,57.5
2026-09-19T15:20:16+08:00,FJ-02,981,3.4,3.0,64.5,0.22,56.4
2026-09-19T15:21:16+08:00,FJ-02,981,3.3,3.0,64.4,0.22,56.8
2026-09-19T15:22:16+08:00,FJ-02,981,3.4,3.1,64.7,0.22,57.2
2026-09-19T15:23:16+08:00,FJ-02,979,3.3,3.1,63.2,0.22,56.5
2026-09-19T15:24:16+08:00,FJ-02,980,3.4,3.0,64.6,0.22,57.2
2026-09-19T15:25:16+08:00,FJ-02,980,3.3,3.0,64.7,0.21,56.9
2026-09-19T15:26:16+08:00,FJ-02,981,3.4,3.0,63.8,0.22,56.7
2026-09-19T15:27:16+08:00,FJ-02,982,3.3,3.0,63.9,0.22,57.2
2026-09-19T15:28:16+08:00,FJ-02,981,3.3,3.1,64.0,0.22,56.9
2026-09-19T15:29:16+08:00,FJ-02,981,3.3,3.0,65.0,0.22,56.7
2026-09-19T15:30:16+08:00,FJ-02,980,3.2,3.0,64.5,0.22,57.1
2026-09-19T15:31:16+08:00,FJ-02,981,3.4,3.1,64.2,0.22,57.3
2026-09-19T15:32:16+08:00,FJ-02,981,3.4,3.0,63.7,0.22,56.8
2026-09-19T15:33:16+08:00,FJ-02,979,3.3,2.9,64.3,0.22,57.0
2026-09-19T15:34:16+08:00,FJ-02,982,3.4,3.0,64.1,0.21,57.2
2026-09-19T15:35:16+08:00,FJ-02,981,3.4,3.0,64.1,0.22,57.3
2026-09-19T15:36:16+08:00,FJ-02,981,3.3,3.0,63.9,0.21,57.1
2026-09-19T15:37:16+08:00,FJ-02,981,3.3,3.0,64.3,0.22,57.3
2026-09-19T15:38:16+08:00,FJ-02,981,3.4,3.0,64.7,0.22,56.9
2026-09-19T15:39:16+08:00,FJ-02,979,3.3,3.0,63.8,0.22,57.1
2026-09-19T15:40:16+08:00,FJ-02,980,3.3,3.1,64.0,0.22,57.0
2026-09-19T15:41:16+08:00,FJ-02,982,3.4,3.1,64.9,0.22,57.3
2026-09-19T15:42:16+08:00,FJ-02,979,3.3,3.1,64.2,0.22,57.3
2026-09-19T15:43:16+08:00,FJ-02,979,3.3,3.1,64.4,0.22,57.0
2026-09-19T15:44:16+08:00,FJ-02,980,3.4,3.1,64.2,0.21,57.7
2026-09-19T15:45:16+08:00,FJ-02,980,3.4,3.0,63.7,0.22,57.3
2026-09-19T15:46:16+08:00,FJ-02,981,3.4,3.0,64.7,0.22,57.1
2026-09-19T15:47:16+08:00,FJ-02,982,3.4,3.1,64.1,0.22,56.7
2026-09-19T15:48:16+08:00,FJ-02,981,3.4,3.1,64.8,0.22,57.3
2026-09-19T15:49:16+08:00,FJ-02,980,3.3,3.0,63.9,0.22,56.9
2026-09-19T15:50:16+08:00,FJ-02,980,3.3,3.1,63.4,0.22,57.1
2026-09-19T15:51:16+08:00,FJ-02,981,3.4,3.1,64.0,0.22,57.3
2026-09-19T15:52:16+08:00,FJ-02,981,3.4,3.0,63.4,0.22,56.8
2026-09-19T15:53:16+08:00,FJ-02,981,3.3,3.2,64.6,0.22,57.2
2026-09-19T15:54:16+08:00,FJ-02,981,3.4,3.1,64.3,0.22,56.6
2026-09-19T15:55:16+08:00,FJ-02,980,3.3,3.1,64.0,0.22,56.7
2026-09-19T15:56:16+08:00,FJ-02,982,3.4,3.1,62.9,0.21,56.8
2026-09-19T15:57:16+08:00,FJ-02,980,3.3,3.1,64.2,0.22,56.9
2026-09-19T15:58:16+08:00,FJ-02,981,3.4,3.0,64.0,0.22,56.8
2026-09-19T15:59:16+08:00,FJ-02,981,3.4,3.0,65.2,0.22,57.0
2026-09-19T16:00:16+08:00,FJ-02,981,3.3,3.0,64.5,0.22,57.2
2026-09-19T16:01:16+08:00,FJ-02,981,3.3,3.0,64.5,0.21,57.1
2026-09-19T16:02:16+08:00,FJ-02,979,3.3,3.0,63.1,0.22,56.7
2026-09-19T16:03:16+08:00,FJ-02,981,3.4,3.0,64.5,0.22,56.3
2026-09-19T16:04:16+08:00,FJ-02,981,3.3,3.1,64.0,0.22,57.3
2026-09-19T16:05:16+08:00,FJ-02,982,3.4,3.0,64.1,0.22,56.8
2026-09-19T16:06:16+08:00,FJ-02,983,3.3,3.0,65.2,0.22,57.4
2026-09-19T16:07:16+08:00,FJ-02,981,3.4,3.1,64.9,0.22,56.9
2026-09-19T16:08:16+08:00,FJ-02,980,3.4,3.0,65.1,0.22,57.0
2026-09-19T16:09:16+08:00,FJ-02,980,3.5,3.0,64.8,0.22,57.1
2026-09-19T16:10:16+08:00,FJ-02,980,3.4,3.0,64.2,0.22,57.0
2026-09-19T16:11:16+08:00,FJ-02,981,3.3,3.1,64.3,0.21,56.7
2026-09-19T16:12:16+08:00,FJ-02,981,3.3,3.1,64.6,0.22,56.6
2026-09-19T16:13:16+08:00,FJ-02,980,3.4,3.0,64.1,0.22,57.4
2026-09-19T16:14:16+08:00,FJ-02,981,3.3,3.0,64.0,0.21,57.3
2026-09-19T16:15:16+08:00,FJ-02,979,3.4,3.0,63.3,0.22,57.4
2026-09-19T16:16:16+08:00,FJ-02,981,3.4,3.1,64.2,0.22,57.0
2026-09-19T16:17:16+08:00,FJ-02,980,3.3,3.0,65.5,0.21,57.1
2026-09-19T16:18:16+08:00,FJ-02,979,3.3,3.0,63.9,0.22,56.7
2026-09-19T16:19:16+08:00,FJ-02,981,3.3,3.0,64.5,0.22,56.7
2026-09-19T16:20:16+08:00,FJ-02,980,3.4,3.1,64.2,0.21,57.0
2026-09-19T16:21:16+08:00,FJ-02,981,3.4,3.0,64.0,0.22,57.0
2026-09-19T16:22:16+08:00,FJ-02,979,3.3,3.1,64.7,0.22,57.1
2026-09-19T16:23:16+08:00,FJ-02,980,3.3,3.0,64.6,0.21,57.2
2026-09-19T16:24:16+08:00,FJ-02,982,3.4,3.0,64.7,0.21,57.1
2026-09-19T16:25:16+08:00,FJ-02,980,3.4,3.1,65.2,0.22,57.2
2026-09-19T16:26:16+08:00,FJ-02,981,3.3,3.0,63.8,0.22,56.8
2026-09-19T16:27:16+08:00,FJ-02,982,3.4,3.1,64.0,0.22,57.4
2026-09-19T16:28:16+08:00,FJ-02,980,3.4,3.1,64.3,0.22,56.9
2026-09-19T16:29:16+08:00,FJ-02,980,3.3,3.0,64.1,0.22,57.3
2026-09-19T16:30:16+08:00,FJ-02,981,3.4,3.0,63.4,0.22,57.3
2026-09-19T16:31:16+08:00,FJ-02,980,3.4,3.0,64.6,0.22,56.3
2026-09-19T16:32:16+08:00,FJ-02,981,3.4,3.0,64.2,0.22,56.9
2026-09-19T16:33:16+08:00,FJ-02,980,3.4,3.1,64.5,0.21,57.2
2026-09-19T16:34:16+08:00,FJ-02,980,3.3,3.1,64.4,0.21,56.9
2026-09-19T16:35:16+08:00,FJ-02,981,3.4,3.0,64.8,0.22,56.9
2026-09-19T16:36:16+08:00,FJ-02,982,3.4,3.0,64.5,0.21,57.4
2026-09-19T16:37:16+08:00,FJ-02,981,3.3,3.1,64.6,0.21,57.1
2026-09-19T16:38:16+08:00,FJ-02,981,3.4,3.0,64.5,0.22,57.3
2026-09-19T16:39:16+08:00,FJ-02,981,3.4,3.1,65.4,0.22,57.0
2026-09-19T16:40:16+08:00,FJ-02,979,3.3,3.0,64.5,0.22,58.2
2026-09-19T16:41:16+08:00,FJ-02,980,3.3,3.0,64.4,0.22,57.1
2026-09-19T16:42:16+08:00,FJ-02,981,3.4,3.0,64.5,0.21,56.5
2026-09-19T16:43:16+08:00,FJ-02,980,3.4,3.0,62.9,0.22,56.8
2026-09-19T16:44:16+08:00,FJ-02,979,3.4,3.1,64.6,0.22,57.2
2026-09-19T16:45:16+08:00,FJ-02,982,3.3,3.1,64.5,0.21,56.8
2026-09-19T16:46:16+08:00,FJ-02,980,3.4,3.0,63.9,0.21,57.4
2026-09-19T16:47:16+08:00,FJ-02,981,3.4,3.1,64.6,0.22,57.1
2026-09-19T16:48:16+08:00,FJ-02,980,3.4,3.1,64.5,0.22,57.3
2026-09-19T16:49:16+08:00,FJ-02,980,3.3,3.1,65.0,0.22,57.2
2026-09-19T16:50:16+08:00,FJ-02,980,3.3,3.1,64.3,0.22,57.6
2026-09-19T16:51:16+08:00,FJ-02,981,3.3,3.1,64.1,0.22,57.2
2026-09-19T16:52:16+08:00,FJ-02,980,3.3,3.1,64.8,0.22,57.7
2026-09-19T16:53:16+08:00,FJ-02,981,3.4,2.9,64.6,0.21,57.5
2026-09-19T16:54:16+08:00,FJ-02,980,3.4,3.0,64.7,0.21,57.3
2026-09-19T16:55:16+08:00,FJ-02,980,3.2,3.0,64.3,0.22,57.1
2026-09-19T16:56:16+08:00,FJ-02,981,3.4,3.1,64.2,0.22,57.3
2026-09-19T16:57:16+08:00,FJ-02,978,3.3,3.0,65.1,0.22,57.5
2026-09-19T16:58:16+08:00,FJ-02,980,3.4,3.0,64.0,0.22,57.4
2026-09-19T16:59:16+08:00,FJ-02,981,3.3,3.1,63.8,0.22,56.8
2026-09-19T17:00:16+08:00,FJ-02,980,3.4,3.0,64.1,0.22,57.2
2026-09-19T17:01:16+08:00,FJ-02,979,3.4,3.0,64.4,0.22,57.3
2026-09-19T17:02:16+08:00,FJ-02,980,3.2,3.1,64.2,0.21,57.5
2026-09-19T17:03:16+08:00,FJ-02,981,3.4,3.0,62.7,0.22,57.5
2026-09-19T17:04:16+08:00,FJ-02,980,3.4,3.1,64.6,0.22,57.0
2026-09-19T17:05:16+08:00,FJ-02,979,3.4,3.0,63.6,0.21,57.2
2026-09-19T17:06:16+08:00,FJ-02,980,3.4,3.1,64.1,0.22,56.7
2026-09-19T17:07:16+08:00,FJ-02,981,3.3,3.1,63.9,0.22,56.6
2026-09-19T17:08:16+08:00,FJ-02,980,3.4,3.1,64.7,0.22,56.6
2026-09-19T17:09:16+08:00,FJ-02,980,3.4,3.1,64.6,0.22,57.0
2026-09-19T17:10:16+08:00,FJ-02,980,3.4,3.1,64.4,0.22,56.9
2026-09-19T17:11:16+08:00,FJ-02,981,3.3,3.1,64.7,0.22,57.1
2026-09-19T17:12:16+08:00,FJ-02,979,3.3,3.1,64.4,0.21,57.6
2026-09-19T17:13:16+08:00,FJ-02,980,3.5,3.0,64.0,0.22,57.0
2026-09-19T17:14:16+08:00,FJ-02,981,3.4,3.0,64.6,0.22,57.0
2026-09-19T17:15:16+08:00,FJ-02,981,3.4,3.0,64.2,0.22,56.6
2026-09-19T17:16:16+08:00,FJ-02,981,3.3,3.1,64.7,0.22,57.2
2026-09-19T17:17:16+08:00,FJ-02,980,3.4,3.2,64.7,0.22,56.9
2026-09-19T17:18:16+08:00,FJ-02,980,3.5,3.0,63.3,0.21,57.5
2026-09-19T17:19:16+08:00,FJ-02,980,3.3,3.0,64.9,0.22,57.2
2026-09-19T17:20:16+08:00,FJ-02,981,3.4,3.0,64.8,0.21,57.1
2026-09-19T17:21:16+08:00,FJ-02,981,3.4,3.1,63.8,0.22,57.2
2026-09-19T17:22:16+08:00,FJ-02,981,3.4,3.0,64.9,0.22,57.2
2026-09-19T17:23:16+08:00,FJ-02,980,3.4,3.1,63.9,0.22,57.4
2026-09-19T17:24:16+08:00,FJ-02,979,3.4,3.0,64.7,0.22,57.3
2026-09-19T17:25:16+08:00,FJ-02,980,3.3,3.0,63.8,0.22,56.9
2026-09-19T17:26:16+08:00,FJ-02,982,3.5,3.0,64.4,0.22,57.2
2026-09-19T17:27:16+08:00,FJ-02,980,3.3,3.0,64.0,0.21,57.1
2026-09-19T17:28:16+08:00,FJ-02,980,3.3,3.1,63.6,0.21,57.3
2026-09-19T17:29:16+08:00,FJ-02,979,3.4,3.1,64.0,0.22,56.9
2026-09-19T17:30:16+08:00,FJ-02,981,3.3,2.9,64.6,0.22,56.8
2026-09-19T17:31:16+08:00,FJ-02,982,3.4,3.0,64.2,0.22,57.0
2026-09-19T17:32:16+08:00,FJ-02,980,3.3,3.1,64.0,0.21,57.6
2026-09-19T17:33:16+08:00,FJ-02,980,3.4,3.0,64.5,0.22,56.8
2026-09-19T17:34:16+08:00,FJ-02,980,3.3,3.1,64.9,0.22,57.1
2026-09-19T17:35:16+08:00,FJ-02,980,3.3,3.0,63.7,0.22,57.2
2026-09-19T17:36:16+08:00,FJ-02,982,3.3,3.1,63.3,0.22,56.8
2026-09-19T17:37:16+08:00,FJ-02,981,3.4,3.0,63.9,0.21,57.8
2026-09-19T17:38:16+08:00,FJ-02,981,3.4,3.1,64.3,0.22,57.3
2026-09-19T17:39:16+08:00,FJ-02,980,3.3,3.1,64.5,0.21,56.8
2026-09-19T17:40:16+08:00,FJ-02,980,3.4,3.1,64.2,0.21,57.1
2026-09-19T17:41:16+08:00,FJ-02,981,3.3,3.0,63.7,0.22,57.5
2026-09-19T17:42:16+08:00,FJ-02,981,3.4,3.0,64.2,0.22,57.2
2026-09-19T17:43:16+08:00,FJ-02,981,3.2,3.0,64.9,0.22,56.9
2026-09-19T17:44:16+08:00,FJ-02,981,3.5,3.0,63.5,0.22,57.0
2026-09-19T17:45:16+08:00,FJ-02,981,3.3,3.0,64.0,0.21,57.2
2026-09-19T17:46:16+08:00,FJ-02,979,3.3,3.0,64.2,0.22,56.6
2026-09-19T17:47:16+08:00,FJ-02,979,3.3,3.0,64.1,0.22,57.3
2026-09-19T17:48:16+08:00,FJ-02,981,3.4,3.1,64.3,0.22,57.5
2026-09-19T17:49:16+08:00,FJ-02,981,3.4,3.0,64.0,0.22,57.3
2026-09-19T17:50:16+08:00,FJ-02,981,3.4,3.0,64.2,0.21,57.1
2026-09-19T17:51:16+08:00,FJ-02,979,3.3,3.0,64.7,0.22,57.6
2026-09-19T17:52:16+08:00,FJ-02,980,3.4,3.0,64.5,0.22,56.8
2026-09-19T17:53:16+08:00,FJ-02,980,3.5,3.1,64.4,0.22,57.2
2026-09-19T17:54:16+08:00,FJ-02,980,3.4,3.1,64.6,0.21,57.3
2026-09-19T17:55:16+08:00,FJ-02,980,3.4,3.0,63.5,0.22,57.7
2026-09-19T17:56:16+08:00,FJ-02,981,3.4,3.1,64.0,0.22,57.1
2026-09-19T17:57:16+08:00,FJ-02,980,3.3,3.1,64.3,0.22,57.0
2026-09-19T17:58:16+08:00,FJ-02,980,3.4,3.1,64.2,0.22,57.0
2026-09-19T17:59:16+08:00,FJ-02,982,3.3,3.1,64.1,0.22,57.3
2026-09-19T18:00:16+08:00,FJ-02,980,3.4,3.1,65.3,0.22,56.9
2026-09-19T18:01:16+08:00,FJ-02,980,3.3,3.0,64.7,0.22,57.1
2026-09-19T18:02:16+08:00,FJ-02,980,3.4,3.0,64.9,0.22,57.7
2026-09-19T18:03:16+08:00,FJ-02,981,3.3,3.0,65.0,0.22,57.3
2026-09-19T18:04:16+08:00,FJ-02,980,3.4,2.9,64.2,0.22,57.2
2026-09-19T18:05:16+08:00,FJ-02,981,3.3,3.0,64.3,0.22,57.3
2026-09-19T18:06:16+08:00,FJ-02,980,3.4,3.0,64.2,0.22,58.1
2026-09-19T18:07:16+08:00,FJ-02,981,3.3,3.0,63.8,0.22,57.2
2026-09-19T18:08:16+08:00,FJ-02,979,3.4,3.0,65.2,0.22,57.2
2026-09-19T18:09:16+08:00,FJ-02,980,3.4,3.1,64.8,0.21,57.1
2026-09-19T18:10:16+08:00,FJ-02,980,3.4,3.0,64.7,0.22,56.6
2026-09-19T18:11:16+08:00,FJ-02,981,3.4,3.0,64.6,0.22,57.0
2026-09-19T18:12:16+08:00,FJ-02,980,3.4,3.0,64.2,0.22,57.0
2026-09-19T18:13:16+08:00,FJ-02,981,3.4,3.1,63.6,0.22,57.6
2026-09-19T18:14:16+08:00,FJ-02,980,3.4,3.1,64.5,0.22,57.0
2026-09-19T18:15:16+08:00,FJ-02,983,3.4,3.1,64.4,0.22,57.7
2026-09-19T18:16:16+08:00,FJ-02,980,3.3,3.1,65.3,0.21,56.9
2026-09-19T18:17:16+08:00,FJ-02,981,3.4,3.1,64.9,0.22,57.0
2026-09-19T18:18:16+08:00,FJ-02,981,3.3,3.0,63.7,0.22,57.5
2026-09-19T18:19:16+08:00,FJ-02,981,3.3,3.1,64.8,0.22,57.0
2026-09-19T18:20:16+08:00,FJ-02,981,3.4,3.0,64.0,0.22,57.5
2026-09-19T18:21:16+08:00,FJ-02,981,3.4,3.1,63.9,0.22,57.0
2026-09-19T18:22:16+08:00,FJ-02,980,3.3,3.0,64.5,0.22,57.0
2026-09-19T18:23:16+08:00,FJ-02,981,3.2,3.0,64.4,0.22,56.8
2026-09-19T18:24:16+08:00,FJ-02,980,3.3,3.1,64.0,0.22,56.8
2026-09-19T18:25:16+08:00,FJ-02,980,3.3,3.1,65.1,0.22,56.8
2026-09-19T18:26:16+08:00,FJ-02,980,3.5,3.1,64.5,0.22,56.6
2026-09-19T18:27:16+08:00,FJ-02,980,3.5,3.1,64.5,0.22,56.9
2026-09-19T18:28:16+08:00,FJ-02,980,3.4,3.1,63.4,0.22,57.0
2026-09-19T18:29:16+08:00,FJ-02,980,3.3,3.0,65.4,0.21,56.9
2026-09-19T18:30:16+08:00,FJ-02,982,3.3,3.0,63.0,0.22,57.0
2026-09-19T18:31:16+08:00,FJ-02,981,3.4,3.1,64.4,0.22,56.8
2026-09-19T18:32:16+08:00,FJ-02,980,3.3,3.1,64.3,0.22,57.1
2026-09-19T18:33:16+08:00,FJ-02,981,3.4,3.0,64.8,0.22,56.9
2026-09-19T18:34:16+08:00,FJ-02,980,3.4,3.1,64.2,0.21,56.7
2026-09-19T18:35:16+08:00,FJ-02,981,3.4,3.0,64.8,0.21,57.2
2026-09-19T18:36:16+08:00,FJ-02,980,3.4,3.1,64.1,0.22,57.1
2026-09-19T18:37:16+08:00,FJ-02,981,3.4,3.1,63.9,0.22,57.3
2026-09-19T18:38:16+08:00,FJ-02,981,3.4,3.1,65.6,0.22,57.0
2026-09-19T18:39:16+08:00,FJ-02,981,3.3,3.0,63.9,0.22,56.6
2026-09-19T18:40:16+08:00,FJ-02,981,3.5,3.0,64.8,0.22,57.6
2026-09-19T18:41:16+08:00,FJ-02,982,3.4,3.1,64.1,0.22,57.2
2026-09-19T18:42:16+08:00,FJ-02,981,3.4,3.1,64.3,0.21,57.6
2026-09-19T18:43:16+08:00,FJ-02,981,3.4,3.0,64.7,0.22,57.3
2026-09-19T18:44:16+08:00,FJ-02,980,3.3,3.0,64.2,0.22,57.0
2026-09-19T18:45:16+08:00,FJ-02,980,3.3,3.0,65.1,0.22,57.6
2026-09-19T18:46:16+08:00,FJ-02,981,3.3,3.0,63.6,0.22,57.1
2026-09-19T18:47:16+08:00,FJ-02,982,3.3,3.1,64.7,0.22,56.7
2026-09-19T18:48:16+08:00,FJ-02,980,3.3,3.1,64.9,0.22,57.1
2026-09-19T18:49:16+08:00,FJ-02,981,3.3,3.1,64.9,0.22,56.7
2026-09-19T18:50:16+08:00,FJ-02,981,3.4,3.1,64.7,0.21,56.9
2026-09-19T18:51:16+08:00,FJ-02,981,3.3,3.0,64.8,0.22,57.3
2026-09-19T18:52:16+08:00,FJ-02,980,3.3,3.1,64.8,0.22,57.4
2026-09-19T18:53:16+08:00,FJ-02,980,3.2,3.1,63.7,0.22,56.8
2026-09-19T18:54:16+08:00,FJ-02,980,3.4,3.1,64.3,0.21,57.4
2026-09-19T18:55:16+08:00,FJ-02,980,3.4,3.1,64.3,0.22,57.5
2026-09-19T18:56:16+08:00,FJ-02,980,3.4,3.1,64.3,0.22,57.5
2026-09-19T18:57:16+08:00,FJ-02,981,3.3,3.0,65.5,0.22,57.6
2026-09-19T18:58:16+08:00,FJ-02,981,3.4,3.0,64.1,0.22,57.0
2026-09-19T18:59:16+08:00,FJ-02,981,3.3,3.1,64.2,0.21,57.3
2026-09-19T19:00:16+08:00,FJ-02,981,3.4,3.1,64.7,0.22,57.0
2026-09-19T19:01:16+08:00,FJ-02,981,3.4,3.1,64.9,0.22,56.9
2026-09-19T19:02:16+08:00,FJ-02,981,3.3,3.2,63.9,0.22,57.3
2026-09-19T19:03:16+08:00,FJ-02,981,3.4,3.1,62.8,0.22,57.3
2026-09-19T19:04:16+08:00,FJ-02,982,3.4,2.9,65.2,0.22,56.7
2026-09-19T19:05:16+08:00,FJ-02,980,3.3,3.1,63.8,0.22,57.3
2026-09-19T19:06:16+08:00,FJ-02,980,3.4,3.0,64.1,0.22,56.7
2026-09-19T19:07:16+08:00,FJ-02,981,3.4,3.0,63.8,0.22,57.3
2026-09-19T19:08:16+08:00,FJ-02,981,3.4,3.0,64.5,0.22,57.4
2026-09-19T19:09:16+08:00,FJ-02,980,3.3,3.1,64.6,0.22,57.1
2026-09-19T19:10:16+08:00,FJ-02,980,3.3,3.0,64.9,0.22,57.1
2026-09-19T19:11:16+08:00,FJ-02,981,3.3,3.1,63.4,0.22,57.0
2026-09-19T19:12:16+08:00,FJ-02,979,3.3,3.0,64.7,0.22,57.2
2026-09-19T19:13:16+08:00,FJ-02,982,3.3,3.1,64.8,0.22,56.9
2026-09-19T19:14:16+08:00,FJ-02,980,3.4,3.1,63.7,0.22,57.7
2026-09-19T19:15:16+08:00,FJ-02,981,3.4,3.0,64.2,0.22,57.5
2026-09-19T19:16:16+08:00,FJ-02,982,3.3,3.1,64.0,0.22,57.9
2026-09-19T19:17:16+08:00,FJ-02,980,3.3,3.0,64.4,0.22,57.6
2026-09-19T19:18:16+08:00,FJ-02,981,3.4,3.1,64.1,0.21,56.9
2026-09-19T19:19:16+08:00,FJ-02,981,3.3,3.0,64.2,0.22,57.3
2026-09-19T19:20:16+08:00,FJ-02,982,3.3,3.0,64.7,0.22,57.3
2026-09-19T19:21:16+08:00,FJ-02,981,3.3,3.1,65.1,0.21,56.8
2026-09-19T19:22:16+08:00,FJ-02,980,3.3,3.1,64.3,0.21,56.9
2026-09-19T19:23:16+08:00,FJ-02,980,3.3,3.1,64.0,0.22,57.2
2026-09-19T19:24:16+08:00,FJ-02,981,3.3,3.0,63.9,0.22,57.0
2026-09-19T19:25:16+08:00,FJ-02,980,3.4,2.9,64.4,0.22,57.3
2026-09-19T19:26:16+08:00,FJ-02,981,3.4,3.1,64.6,0.22,57.5
2026-09-19T19:27:16+08:00,FJ-02,980,3.4,3.1,65.0,0.22,57.3
2026-09-19T19:28:16+08:00,FJ-02,981,3.4,3.1,64.3,0.22,56.8
2026-09-19T19:29:16+08:00,FJ-02,980,3.3,3.2,65.0,0.22,57.5
2026-09-19T19:30:16+08:00,FJ-02,981,3.4,3.1,64.4,0.22,57.5
2026-09-19T19:31:16+08:00,FJ-02,981,3.3,3.0,63.9,0.22,56.7
2026-09-19T19:32:16+08:00,FJ-02,980,3.4,2.9,64.4,0.22,57.0
2026-09-19T19:33:16+08:00,FJ-02,981,3.4,3.0,63.9,0.22,56.9
2026-09-19T19:34:16+08:00,FJ-02,981,3.4,3.1,64.6,0.22,57.7
2026-09-19T19:35:16+08:00,FJ-02,981,3.3,3.1,64.0,0.22,57.7
2026-09-19T19:36:16+08:00,FJ-02,981,3.4,3.0,63.4,0.22,57.6
2026-09-19T19:37:16+08:00,FJ-02,981,3.3,3.0,65.3,0.21,56.8
2026-09-19T19:38:16+08:00,FJ-02,979,3.3,3.0,64.4,0.21,56.9
2026-09-19T19:39:16+08:00,FJ-02,981,3.3,3.0,63.8,0.22,56.9
2026-09-19T19:40:16+08:00,FJ-02,979,3.3,3.1,64.6,0.22,57.1
2026-09-19T19:41:16+08:00,FJ-02,981,3.5,3.1,65.1,0.22,57.3
2026-09-19T19:42:16+08:00,FJ-02,982,3.3,3.1,63.8,0.22,57.6
2026-09-19T19:43:16+08:00,FJ-02,981,3.4,3.1,64.5,0.22,57.0
2026-09-19T19:44:16+08:00,FJ-02,982,3.3,3.0,64.4,0.22,57.3
2026-09-19T19:45:16+08:00,FJ-02,979,3.3,3.0,65.1,0.22,57.2
2026-09-19T19:46:16+08:00,FJ-02,981,3.3,3.1,63.9,0.22,56.9
2026-09-19T19:47:16+08:00,FJ-02,980,3.4,3.0,64.3,0.22,57.5
2026-09-19T19:48:16+08:00,FJ-02,981,3.5,3.1,63.9,0.22,57.0
2026-09-19T19:49:16+08:00,FJ-02,980,3.3,3.0,64.6,0.23,57.5
2026-09-19T19:50:16+08:00,FJ-02,980,3.3,3.0,65.3,0.22,57.0
2026-09-19T19:51:16+08:00,FJ-02,980,3.4,3.0,65.6,0.22,57.0
2026-09-19T19:52:16+08:00,FJ-02,981,3.3,3.0,63.9,0.22,57.2
2026-09-19T19:53:16+08:00,FJ-02,980,3.4,3.1,65.2,0.22,57.3
2026-09-19T19:54:16+08:00,FJ-02,982,3.4,3.1,65.1,0.22,57.1
2026-09-19T19:55:16+08:00,FJ-02,981,3.3,3.0,65.1,0.22,57.1
2026-09-19T19:56:16+08:00,FJ-02,980,3.3,3.1,64.7,0.22,57.7
2026-09-19T19:57:16+08:00,FJ-02,982,3.4,3.1,65.1,0.22,57.5
2026-09-19T19:58:16+08:00,FJ-02,981,3.4,3.1,65.6,0.22,57.2
2026-09-19T19:59:16+08:00,FJ-02,982,3.3,3.1,64.8,0.22,57.0
2026-09-19T20:00:16+08:00,FJ-02,981,3.4,3.0,64.0,0.22,57.1
2026-09-19T20:01:16+08:00,FJ-02,980,3.4,3.1,63.8,0.22,56.9
2026-09-19T20:02:16+08:00,FJ-02,981,3.4,3.0,63.7,0.22,57.2
2026-09-19T20:03:16+08:00,FJ-02,980,3.4,3.1,63.5,0.22,58.0
2026-09-19T20:04:16+08:00,FJ-02,981,3.3,3.1,65.1,0.22,57.3
2026-09-19T20:05:16+08:00,FJ-02,980,3.3,3.0,64.0,0.21,57.1
2026-09-19T20:06:16+08:00,FJ-02,981,3.4,3.1,64.4,0.22,56.8
2026-09-19T20:07:16+08:00,FJ-02,983,3.3,3.0,65.0,0.22,57.3
2026-09-19T20:08:16+08:00,FJ-02,981,3.3,3.0,63.8,0.22,56.8
2026-09-19T20:09:16+08:00,FJ-02,981,3.3,3.1,64.0,0.22,57.1
2026-09-19T20:10:16+08:00,FJ-02,981,3.3,3.0,64.2,0.22,57.3
2026-09-19T20:11:16+08:00,FJ-02,981,3.4,3.0,64.4,0.21,57.0
2026-09-19T20:12:16+08:00,FJ-02,981,3.4,3.0,64.7,0.22,56.8
2026-09-19T20:13:16+08:00,FJ-02,980,3.3,3.0,63.9,0.22,57.4
2026-09-19T20:14:16+08:00,FJ-02,980,3.4,3.1,64.5,0.22,56.6
2026-09-19T20:15:16+08:00,FJ-02,980,3.3,3.1,63.3,0.22,57.6
2026-09-19T20:16:16+08:00,FJ-02,980,3.4,3.0,65.5,0.22,57.5
2026-09-19T20:17:16+08:00,FJ-02,979,3.3,3.1,64.2,0.22,57.4
2026-09-19T20:18:16+08:00,FJ-02,980,3.4,3.2,63.2,0.22,57.6
2026-09-19T20:19:16+08:00,FJ-02,981,3.5,3.1,64.2,0.22,57.4
2026-09-19T20:20:16+08:00,FJ-02,981,3.4,3.2,64.0,0.22,57.4
2026-09-19T20:21:16+08:00,FJ-02,981,3.2,3.1,64.9,0.22,57.4
2026-09-19T20:22:16+08:00,FJ-02,981,3.3,3.1,65.1,0.22,57.3
2026-09-19T20:23:16+08:00,FJ-02,980,3.4,3.2,64.3,0.22,57.6
2026-09-19T20:24:16+08:00,FJ-02,982,3.3,3.0,64.6,0.22,57.3
2026-09-19T20:25:16+08:00,FJ-02,980,3.4,3.0,64.6,0.22,56.8
2026-09-19T20:26:16+08:00,FJ-02,979,3.4,3.0,63.8,0.22,57.3
2026-09-19T20:27:16+08:00,FJ-02,981,3.3,3.0,64.8,0.22,57.6
2026-09-19T20:28:16+08:00,FJ-02,981,3.4,2.9,63.8,0.22,57.7
2026-09-19T20:29:16+08:00,FJ-02,982,3.3,3.0,64.7,0.22,57.6
2026-09-19T20:30:16+08:00,FJ-02,980,3.3,3.1,66.1,0.22,57.3
2026-09-19T20:31:16+08:00,FJ-02,981,3.3,3.1,64.1,0.21,57.1
2026-09-19T20:32:16+08:00,FJ-02,980,3.4,3.1,64.6,0.23,57.6
2026-09-19T20:33:16+08:00,FJ-02,980,3.3,3.1,63.8,0.22,57.3
2026-09-19T20:34:16+08:00,FJ-02,980,3.3,3.1,64.0,0.22,57.1
2026-09-19T20:35:16+08:00,FJ-02,980,3.4,3.0,64.1,0.22,57.1
2026-09-19T20:36:16+08:00,FJ-02,980,3.3,3.1,64.9,0.21,56.7
2026-09-19T20:37:16+08:00,FJ-02,981,3.3,3.1,64.7,0.21,57.2
2026-09-19T20:38:16+08:00,FJ-02,980,3.3,3.0,65.0,0.22,57.5
2026-09-19T20:39:16+08:00,FJ-02,980,3.3,3.1,64.6,0.21,57.8
2026-09-19T20:40:16+08:00,FJ-02,981,3.3,3.1,64.2,0.22,57.1
2026-09-19T20:41:16+08:00,FJ-02,980,3.3,3.1,64.4,0.22,57.0
2026-09-19T20:42:16+08:00,FJ-02,981,3.4,3.1,64.7,0.22,56.6
2026-09-19T20:43:16+08:00,FJ-02,981,3.3,3.1,64.0,0.21,57.4
2026-09-19T20:44:16+08:00,FJ-02,980,3.3,3.1,64.4,0.22,58.2
2026-09-19T20:45:16+08:00,FJ-02,980,3.4,3.0,64.4,0.22,56.9
2026-09-19T20:46:16+08:00,FJ-02,982,3.3,3.0,64.6,0.21,57.8
2026-09-19T20:47:16+08:00,FJ-02,979,3.4,3.1,65.0,0.22,57.3
2026-09-19T20:48:16+08:00,FJ-02,980,3.4,3.0,63.7,0.22,57.5
2026-09-19T20:49:16+08:00,FJ-02,981,3.4,3.1,65.1,0.22,57.1
2026-09-19T20:50:16+08:00,FJ-02,980,3.3,3.0,64.3,0.21,57.4
2026-09-19T20:51:16+08:00,FJ-02,982,3.4,3.1,64.5,0.22,56.9
2026-09-19T20:52:16+08:00,FJ-02,980,3.3,3.1,63.7,0.22,57.4
2026-09-19T20:53:16+08:00,FJ-02,980,3.4,3.0,64.8,0.22,57.2
2026-09-19T20:54:16+08:00,FJ-02,980,3.3,3.1,64.1,0.22,57.3
2026-09-19T20:55:16+08:00,FJ-02,981,3.4,3.0,65.1,0.22,57.8
2026-09-19T20:56:16+08:00,FJ-02,982,3.3,3.0,64.6,0.21,57.2
2026-09-19T20:57:16+08:00,FJ-02,981,3.3,3.0,64.3,0.22,57.4
2026-09-19T20:58:16+08:00,FJ-02,980,3.4,3.0,64.7,0.22,57.6
2026-09-19T20:59:16+08:00,FJ-02,981,3.3,3.0,64.6,0.22,57.2
2026-09-19T21:00:16+08:00,FJ-02,981,3.3,3.0,65.0,0.22,57.1
2026-09-19T21:01:16+08:00,FJ-02,981,3.3,3.1,65.7,0.21,57.3
2026-09-19T21:02:16+08:00,FJ-02,981,3.4,3.1,64.3,0.22,57.9
2026-09-19T21:03:16+08:00,FJ-02,981,3.3,3.1,64.0,0.22,57.0
2026-09-19T21:04:16+08:00,FJ-02,982,3.3,3.1,64.7,0.22,57.3
2026-09-19T21:05:16+08:00,FJ-02,980,3.4,3.1,65.7,0.22,57.6
2026-09-19T21:06:16+08:00,FJ-02,979,3.3,3.1,63.1,0.22,57.1
2026-09-19T21:07:16+08:00,FJ-02,982,3.3,3.1,64.7,0.22,57.0
2026-09-19T21:08:16+08:00,FJ-02,981,3.3,3.1,64.3,0.22,57.0
2026-09-19T21:09:16+08:00,FJ-02,981,3.4,3.1,64.7,0.21,58.1
2026-09-19T21:10:16+08:00,FJ-02,981,3.4,3.1,64.0,0.22,57.4
2026-09-19T21:11:16+08:00,FJ-02,980,3.3,3.0,63.9,0.21,56.8
2026-09-19T21:12:16+08:00,FJ-02,981,3.4,3.0,65.2,0.22,57.6
2026-09-19T21:13:16+08:00,FJ-02,982,3.3,3.2,64.3,0.22,57.1
2026-09-19T21:14:16+08:00,FJ-02,980,3.4,3.1,64.8,0.22,57.7
2026-09-19T21:15:16+08:00,FJ-02,980,3.4,3.1,65.4,0.22,57.6
2026-09-19T21:16:16+08:00,FJ-02,980,3.3,3.0,64.4,0.22,57.2
2026-09-19T21:17:16+08:00,FJ-02,980,3.4,3.1,65.1,0.22,56.7
2026-09-19T21:18:16+08:00,FJ-02,980,3.2,3.1,64.7,0.22,57.2
2026-09-19T21:19:16+08:00,FJ-02,979,3.4,3.1,65.1,0.22,57.6
2026-09-19T21:20:16+08:00,FJ-02,981,3.3,3.0,64.6,0.22,57.1
2026-09-19T21:21:16+08:00,FJ-02,981,3.3,3.0,64.6,0.22,57.5
2026-09-19T21:22:16+08:00,FJ-02,980,3.3,3.2,64.8,0.22,56.9
2026-09-19T21:23:16+08:00,FJ-02,982,3.5,3.2,64.9,0.21,57.0
2026-09-19T21:24:16+08:00,FJ-02,978,3.4,3.0,64.6,0.21,57.4
2026-09-19T21:25:16+08:00,FJ-02,982,3.3,3.1,64.4,0.22,57.4
2026-09-19T21:26:16+08:00,FJ-02,982,3.3,3.0,64.1,0.22,56.9
2026-09-19T21:27:16+08:00,FJ-02,980,3.3,3.1,64.4,0.22,57.1
2026-09-19T21:28:16+08:00,FJ-02,980,3.3,3.1,64.7,0.22,57.3
2026-09-19T21:29:16+08:00,FJ-02,983,3.3,3.1,64.4,0.22,57.5
2026-09-19T21:30:16+08:00,FJ-02,981,3.3,3.1,64.5,0.21,57.1
2026-09-19T21:31:16+08:00,FJ-02,979,3.4,3.1,63.9,0.21,57.0
2026-09-19T21:32:16+08:00,FJ-02,978,3.3,3.0,65.1,0.22,57.1
2026-09-19T21:33:16+08:00,FJ-02,980,3.4,3.0,63.8,0.22,57.4
2026-09-19T21:34:16+08:00,FJ-02,981,3.4,3.1,63.6,0.22,57.4
2026-09-19T21:35:16+08:00,FJ-02,981,3.4,3.1,64.6,0.22,56.9
2026-09-19T21:36:16+08:00,FJ-02,980,3.3,2.9,64.0,0.21,57.3
2026-09-19T21:37:16+08:00,FJ-02,980,3.4,3.0,64.6,0.22,57.4
2026-09-19T21:38:16+08:00,FJ-02,981,3.3,3.1,64.4,0.22,57.2
2026-09-19T21:39:16+08:00,FJ-02,980,3.4,3.1,65.6,0.22,57.3
2026-09-19T21:40:16+08:00,FJ-02,979,3.3,3.0,64.1,0.22,56.8
2026-09-19T21:41:16+08:00,FJ-02,981,3.3,3.1,64.4,0.22,57.0
2026-09-19T21:42:16+08:00,FJ-02,982,3.4,3.1,64.3,0.22,57.1
2026-09-19T21:43:16+08:00,FJ-02,981,3.4,3.1,64.3,0.22,57.0
2026-09-19T21:44:16+08:00,FJ-02,980,3.4,3.0,64.9,0.22,57.7
2026-09-19T21:45:16+08:00,FJ-02,980,3.3,3.0,63.3,0.22,57.2
2026-09-19T21:46:16+08:00,FJ-02,981,3.3,3.1,64.2,0.22,57.5
2026-09-19T21:47:16+08:00,FJ-02,980,3.3,3.1,64.9,0.22,57.2
2026-09-19T21:48:16+08:00,FJ-02,981,3.4,3.2,64.2,0.22,57.0
2026-09-19T21:49:16+08:00,FJ-02,980,3.4,3.0,63.8,0.22,57.3
2026-09-19T21:50:16+08:00,FJ-02,981,3.4,3.1,64.5,0.21,57.2
2026-09-19T21:51:16+08:00,FJ-02,981,3.3,3.1,65.8,0.22,57.4
2026-09-19T21:52:16+08:00,FJ-02,980,3.4,3.1,64.4,0.22,56.6
2026-09-19T21:53:16+08:00,FJ-02,981,3.4,3.1,64.7,0.22,57.2
2026-09-19T21:54:16+08:00,FJ-02,981,3.3,3.0,64.5,0.22,57.1
2026-09-19T21:55:16+08:00,FJ-02,981,3.3,3.0,64.4,0.21,57.2
2026-09-19T21:56:16+08:00,FJ-02,980,3.4,3.0,64.5,0.22,57.7
2026-09-19T21:57:16+08:00,FJ-02,981,3.4,3.1,63.6,0.22,57.5
2026-09-19T21:58:16+08:00,FJ-02,979,3.3,3.0,64.9,0.21,57.2
2026-09-19T21:59:16+08:00,FJ-02,982,3.3,3.0,64.4,0.22,57.2
2026-09-19T22:00:16+08:00,FJ-02,981,3.4,3.1,64.5,0.22,57.0
2026-09-19T22:01:16+08:00,FJ-02,980,3.4,3.1,64.5,0.22,57.4
2026-09-19T22:02:16+08:00,FJ-02,981,3.4,3.0,64.7,0.22,56.6
2026-09-19T22:03:16+08:00,FJ-02,981,3.3,3.0,64.6,0.22,57.1
2026-09-19T22:04:16+08:00,FJ-02,980,3.4,3.1,64.5,0.22,57.4
2026-09-19T22:05:16+08:00,FJ-02,980,3.4,3.1,65.1,0.22,57.1
2026-09-19T22:06:16+08:00,FJ-02,979,3.4,3.1,65.1,0.22,57.9
2026-09-19T22:07:16+08:00,FJ-02,982,3.4,3.0,64.1,0.22,57.2
2026-09-19T22:08:16+08:00,FJ-02,980,3.4,3.1,64.1,0.21,57.4
2026-09-19T22:09:16+08:00,FJ-02,981,3.3,3.1,63.8,0.22,57.4
2026-09-19T22:10:16+08:00,FJ-02,982,3.3,2.9,65.1,0.22,56.8
2026-09-19T22:11:16+08:00,FJ-02,980,3.3,3.0,64.0,0.22,57.1
2026-09-19T22:12:16+08:00,FJ-02,980,3.4,3.0,64.1,0.21,56.9
2026-09-19T22:13:16+08:00,FJ-02,979,3.3,3.0,64.5,0.22,56.9
2026-09-19T22:14:16+08:00,FJ-02,980,3.4,3.0,65.8,0.22,57.1
2026-09-19T22:15:16+08:00,FJ-02,980,3.3,3.0,64.9,0.22,57.3
2026-09-19T22:16:16+08:00,FJ-02,982,3.4,3.0,65.3,0.22,57.3
2026-09-19T22:17:16+08:00,FJ-02,981,3.4,3.0,64.8,0.22,57.9
2026-09-19T22:18:16+08:00,FJ-02,980,3.3,3.0,64.5,0.23,57.7
2026-09-19T22:19:16+08:00,FJ-02,981,3.3,3.0,64.7,0.22,57.1
2026-09-19T22:20:16+08:00,FJ-02,981,3.4,3.0,64.9,0.21,57.3
2026-09-19T22:21:16+08:00,FJ-02,980,3.3,3.1,64.4,0.22,57.5
2026-09-19T22:22:16+08:00,FJ-02,982,3.3,3.1,64.7,0.22,57.0
2026-09-19T22:23:16+08:00,FJ-02,981,3.4,3.1,64.5,0.22,57.0
2026-09-19T22:24:16+08:00,FJ-02,981,3.4,3.1,64.3,0.21,57.4
2026-09-19T22:25:16+08:00,FJ-02,981,3.4,3.1,64.5,0.22,57.2
2026-09-19T22:26:16+08:00,FJ-02,981,3.4,3.1,64.4,0.22,57.3
2026-09-19T22:27:16+08:00,FJ-02,980,3.3,3.0,64.3,0.22,56.9
2026-09-19T22:28:16+08:00,FJ-02,980,3.3,3.0,65.0,0.22,57.4
2026-09-19T22:29:16+08:00,FJ-02,981,3.4,3.1,64.6,0.22,57.1
2026-09-19T22:30:16+08:00,FJ-02,980,3.3,3.1,63.8,0.22,58.2
2026-09-19T22:31:16+08:00,FJ-02,981,3.4,3.1,65.4,0.22,57.3
2026-09-19T22:32:16+08:00,FJ-02,981,3.3,3.0,63.8,0.22,57.2
2026-09-19T22:33:16+08:00,FJ-02,980,3.5,3.0,65.0,0.22,57.4
2026-09-19T22:34:16+08:00,FJ-02,981,3.4,3.0,64.5,0.21,57.2
2026-09-19T22:35:16+08:00,FJ-02,981,3.3,3.1,64.7,0.21,57.1
2026-09-19T22:36:16+08:00,FJ-02,980,3.4,3.1,64.3,0.22,56.9
2026-09-19T22:37:16+08:00,FJ-02,980,3.3,3.1,65.0,0.21,56.8
2026-09-19T22:38:16+08:00,FJ-02,980,3.4,3.1,64.6,0.22,57.0
2026-09-19T22:39:16+08:00,FJ-02,980,3.3,3.1,64.3,0.22,56.9
2026-09-19T22:40:16+08:00,FJ-02,982,3.3,3.1,64.0,0.22,57.5
2026-09-19T22:41:16+08:00,FJ-02,981,3.3,3.1,64.7,0.21,56.9
2026-09-19T22:42:16+08:00,FJ-02,981,3.4,3.1,63.9,0.21,57.2
2026-09-19T22:43:16+08:00,FJ-02,979,3.4,3.1,64.3,0.22,57.5
2026-09-19T22:44:16+08:00,FJ-02,981,3.3,3.0,63.6,0.22,57.6
2026-09-19T22:45:16+08:00,FJ-02,982,3.5,3.2,64.7,0.22,57.1
2026-09-19T22:46:16+08:00,FJ-02,981,3.3,3.0,64.3,0.22,57.2
2026-09-19T22:47:16+08:00,FJ-02,980,3.4,3.1,64.6,0.22,57.8
2026-09-19T22:48:16+08:00,FJ-02,981,3.4,3.1,63.6,0.22,57.3
2026-09-19T22:49:16+08:00,FJ-02,981,3.4,3.1,65.4,0.22,56.8
2026-09-19T22:50:16+08:00,FJ-02,980,3.4,3.1,64.3,0.22,57.1
2026-09-19T22:51:16+08:00,FJ-02,981,3.4,3.1,64.9,0.22,57.1
2026-09-19T22:52:16+08:00,FJ-02,980,3.3,3.0,65.4,0.22,57.7
2026-09-19T22:53:16+08:00,FJ-02,981,3.4,3.1,64.4,0.22,57.1
2026-09-19T22:54:16+08:00,FJ-02,982,3.3,3.1,64.9,0.22,56.8
2026-09-19T22:55:16+08:00,FJ-02,982,3.3,3.1,65.0,0.22,57.5
2026-09-19T22:56:16+08:00,FJ-02,979,3.4,3.0,65.4,0.22,57.1
2026-09-19T22:57:16+08:00,FJ-02,980,3.3,3.1,63.7,0.22,57.5
2026-09-19T22:58:16+08:00,FJ-02,980,3.4,3.2,64.5,0.22,57.3
2026-09-19T22:59:16+08:00,FJ-02,980,3.4,3.1,64.9,0.22,57.1
2026-09-19T23:00:16+08:00,FJ-02,981,3.4,3.1,65.0,0.22,56.9
2026-09-19T23:01:16+08:00,FJ-02,980,3.3,3.1,63.9,0.21,57.4
2026-09-19T23:02:16+08:00,FJ-02,981,3.4,3.1,65.1,0.22,57.1
2026-09-19T23:03:16+08:00,FJ-02,981,3.4,3.0,63.8,0.22,57.6
2026-09-19T23:04:16+08:00,FJ-02,981,3.3,3.0,64.8,0.22,56.7
2026-09-19T23:05:16+08:00,FJ-02,981,3.4,3.2,64.2,0.22,57.1
2026-09-19T23:06:16+08:00,FJ-02,980,3.4,3.1,64.5,0.22,56.8
2026-09-19T23:07:16+08:00,FJ-02,979,3.4,3.0,64.7,0.22,57.5
2026-09-19T23:08:16+08:00,FJ-02,981,3.4,3.1,65.0,0.21,57.8
2026-09-19T23:09:16+08:00,FJ-02,981,3.4,3.0,64.5,0.22,56.9
2026-09-19T23:10:16+08:00,FJ-02,981,3.4,3.0,64.2,0.22,57.3
2026-09-19T23:11:16+08:00,FJ-02,980,3.3,3.1,64.3,0.22,57.9
2026-09-19T23:12:16+08:00,FJ-02,980,3.3,3.0,64.6,0.22,56.9
2026-09-19T23:13:16+08:00,FJ-02,981,3.4,3.1,64.0,0.22,57.4
2026-09-19T23:14:16+08:00,FJ-02,981,3.3,3.0,64.1,0.22,56.8
2026-09-19T23:15:16+08:00,FJ-02,980,3.3,3.1,63.9,0.22,57.3
2026-09-19T23:16:16+08:00,FJ-02,981,3.4,3.1,63.7,0.22,57.3
2026-09-19T23:17:16+08:00,FJ-02,981,3.3,3.1,65.2,0.22,57.7
2026-09-19T23:18:16+08:00,FJ-02,980,3.3,3.1,64.8,0.21,57.8
2026-09-19T23:19:16+08:00,FJ-02,980,3.4,3.0,65.0,0.22,57.7
2026-09-19T23:20:16+08:00,FJ-02,980,3.3,3.2,65.1,0.22,57.8
2026-09-19T23:21:16+08:00,FJ-02,981,3.4,3.1,64.2,0.22,56.9
2026-09-19T23:22:16+08:00,FJ-02,981,3.3,3.1,64.4,0.22,57.3
2026-09-19T23:23:16+08:00,FJ-02,982,3.4,3.1,64.5,0.22,57.2
2026-09-19T23:24:16+08:00,FJ-02,981,3.4,3.1,65.5,0.22,57.0
2026-09-19T23:25:16+08:00,FJ-02,981,3.5,3.1,64.4,0.22,57.3
2026-09-19T23:26:16+08:00,FJ-02,981,3.4,3.1,64.7,0.22,57.4
2026-09-19T23:27:16+08:00,FJ-02,981,3.4,3.1,65.2,0.22,57.4
2026-09-19T23:28:16+08:00,FJ-02,982,3.4,3.1,65.1,0.22,56.9
2026-09-19T23:29:16+08:00,FJ-02,980,3.4,3.1,64.7,0.22,57.4
2026-09-19T23:30:16+08:00,FJ-02,981,3.4,3.1,64.7,0.21,57.2
2026-09-19T23:31:16+08:00,FJ-02,980,3.5,3.1,64.2,0.22,58.0
2026-09-19T23:32:16+08:00,FJ-02,981,3.4,3.0,64.6,0.21,57.3
2026-09-19T23:33:16+08:00,FJ-02,979,3.4,3.1,65.1,0.22,57.8
2026-09-19T23:34:16+08:00,FJ-02,982,3.4,3.0,64.9,0.22,57.2
2026-09-19T23:35:16+08:00,FJ-02,980,3.3,3.0,65.0,0.22,57.0
2026-09-19T23:36:16+08:00,FJ-02,981,3.4,3.1,64.2,0.22,57.2
2026-09-19T23:37:16+08:00,FJ-02,980,3.3,3.1,63.6,0.22,57.7
2026-09-19T23:38:16+08:00,FJ-02,980,3.4,3.1,64.6,0.22,56.9
2026-09-19T23:39:16+08:00,FJ-02,980,3.4,3.0,65.2,0.22,57.2
2026-09-19T23:40:16+08:00,FJ-02,980,3.3,3.1,64.4,0.22,57.0
2026-09-19T23:41:16+08:00,FJ-02,982,3.4,3.1,64.5,0.22,57.8
2026-09-19T23:42:16+08:00,FJ-02,981,3.4,3.0,64.6,0.22,56.9
2026-09-19T23:43:16+08:00,FJ-02,980,3.4,3.1,64.6,0.22,56.8
2026-09-19T23:44:16+08:00,FJ-02,981,3.3,3.1,64.7,0.22,57.5
2026-09-19T23:45:16+08:00,FJ-02,982,3.4,3.1,64.1,0.22,56.7
2026-09-19T23:46:16+08:00,FJ-02,981,3.4,3.0,63.7,0.22,56.9
2026-09-19T23:47:16+08:00,FJ-02,981,3.4,3.0,64.7,0.22,57.2
2026-09-19T23:48:16+08:00,FJ-02,981,3.3,3.1,64.5,0.22,57.6
2026-09-19T23:49:16+08:00,FJ-02,982,3.3,3.1,64.6,0.22,57.3
2026-09-19T23:50:16+08:00,FJ-02,982,3.3,3.1,64.4,0.22,57.3
2026-09-19T23:51:16+08:00,FJ-02,980,3.3,3.0,63.8,0.22,57.2
2026-09-19T23:52:16+08:00,FJ-02,980,3.3,3.1,64.8,0.22,57.6
2026-09-19T23:53:16+08:00,FJ-02,983,3.4,3.0,63.6,0.22,57.4
2026-09-19T23:54:16+08:00,FJ-02,983,3.4,3.1,65.5,0.22,57.1
2026-09-19T23:55:16+08:00,FJ-02,980,3.3,3.1,65.1,0.22,58.0
2026-09-19T23:56:16+08:00,FJ-02,980,3.3,3.0,65.2,0.22,56.8
2026-09-19T23:57:16+08:00,FJ-02,979,3.3,3.1,65.1,0.22,57.8
2026-09-19T23:58:16+08:00,FJ-02,981,3.4,3.2,64.3,0.22,57.1
2026-09-19T23:59:16+08:00,FJ-02,980,3.3,3.0,64.7,0.22,57.0
2026-09-20T00:00:16+08:00,FJ-02,981,3.4,3.0,65.4,0.22,57.0
2026-09-20T00:01:16+08:00,FJ-02,982,3.3,3.0,63.4,0.22,57.3
2026-09-20T00:02:16+08:00,FJ-02,979,3.3,3.0,64.7,0.22,57.1
2026-09-20T00:03:16+08:00,FJ-02,981,3.4,3.0,63.9,0.22,57.4
2026-09-20T00:04:16+08:00,FJ-02,981,3.4,3.0,64.2,0.22,57.2
2026-09-20T00:05:16+08:00,FJ-02,980,3.4,3.2,64.5,0.22,57.1
2026-09-20T00:06:16+08:00,FJ-02,981,3.4,3.1,64.7,0.22,56.9
2026-09-20T00:07:16+08:00,FJ-02,980,3.2,3.1,64.5,0.22,58.0
2026-09-20T00:08:16+08:00,FJ-02,982,3.5,3.0,64.6,0.22,56.8
2026-09-20T00:09:16+08:00,FJ-02,981,3.4,3.1,65.2,0.22,57.3
2026-09-20T00:10:16+08:00,FJ-02,981,3.3,3.0,65.2,0.21,56.7
2026-09-20T00:11:16+08:00,FJ-02,981,3.4,3.1,64.8,0.21,57.0
2026-09-20T00:12:16+08:00,FJ-02,981,3.4,3.0,64.9,0.22,57.2
2026-09-20T00:13:16+08:00,FJ-02,981,3.4,3.0,63.3,0.21,57.1
2026-09-20T00:14:16+08:00,FJ-02,981,3.4,3.0,64.4,0.22,57.1
2026-09-20T00:15:16+08:00,FJ-02,980,3.3,3.0,64.8,0.22,57.2
2026-09-20T00:16:16+08:00,FJ-02,981,3.4,3.1,64.5,0.23,57.1
2026-09-20T00:17:16+08:00,FJ-02,981,3.3,3.1,65.1,0.22,57.1
2026-09-20T00:18:16+08:00,FJ-02,981,3.4,3.1,65.1,0.22,57.3
2026-09-20T00:19:16+08:00,FJ-02,981,3.4,3.0,63.9,0.23,57.2
2026-09-20T00:20:16+08:00,FJ-02,980,3.4,3.0,64.4,0.22,57.7
2026-09-20T00:21:16+08:00,FJ-02,982,3.4,3.0,65.3,0.22,57.0
2026-09-20T00:22:16+08:00,FJ-02,980,3.4,3.0,65.1,0.22,56.8
2026-09-20T00:23:16+08:00,FJ-02,980,3.5,3.1,64.9,0.21,57.4
2026-09-20T00:24:16+08:00,FJ-02,981,3.4,3.1,64.7,0.21,57.7
2026-09-20T00:25:16+08:00,FJ-02,980,3.4,3.0,64.1,0.22,57.2
2026-09-20T00:26:16+08:00,FJ-02,980,3.3,3.1,64.7,0.22,57.1
2026-09-20T00:27:16+08:00,FJ-02,980,3.4,3.0,64.7,0.22,57.7
2026-09-20T00:28:16+08:00,FJ-02,980,3.4,3.1,64.9,0.23,57.5
2026-09-20T00:29:16+08:00,FJ-02,981,3.4,3.1,65.1,0.21,57.3
2026-09-20T00:30:16+08:00,FJ-02,982,3.3,3.1,65.2,0.22,57.3
2026-09-20T00:31:16+08:00,FJ-02,981,3.5,3.1,64.2,0.22,57.4
2026-09-20T00:32:16+08:00,FJ-02,982,3.4,3.1,65.2,0.22,57.7
2026-09-20T00:33:16+08:00,FJ-02,981,3.3,3.1,64.3,0.22,57.6
2026-09-20T00:34:16+08:00,FJ-02,980,3.3,3.0,64.6,0.22,57.1
2026-09-20T00:35:16+08:00,FJ-02,981,3.4,3.0,64.6,0.21,57.1
2026-09-20T00:36:16+08:00,FJ-02,980,3.4,3.0,64.6,0.22,56.8
2026-09-20T00:37:16+08:00,FJ-02,981,3.4,3.0,64.9,0.21,57.3
2026-09-20T00:38:16+08:00,FJ-02,980,3.4,3.0,64.3,0.22,56.7
2026-09-20T00:39:16+08:00,FJ-02,980,3.4,3.1,63.9,0.22,57.0
2026-09-20T00:40:16+08:00,FJ-02,981,3.4,3.0,64.1,0.22,57.3
2026-09-20T00:41:16+08:00,FJ-02,981,3.3,3.0,64.1,0.22,57.2
2026-09-20T00:42:16+08:00,FJ-02,980,3.4,3.1,65.2,0.22,57.3
2026-09-20T00:43:16+08:00,FJ-02,979,3.4,3.1,65.0,0.22,57.4
2026-09-20T00:44:16+08:00,FJ-02,980,3.4,3.1,64.6,0.22,57.0
2026-09-20T00:45:16+08:00,FJ-02,981,3.4,3.1,64.7,0.22,57.0
2026-09-20T00:46:16+08:00,FJ-02,981,3.4,3.1,64.8,0.22,57.8
2026-09-20T00:47:16+08:00,FJ-02,980,3.3,3.1,64.8,0.22,57.6
2026-09-20T00:48:16+08:00,FJ-02,981,3.3,3.1,64.3,0.22,57.1
2026-09-20T00:49:16+08:00,FJ-02,981,3.4,3.0,64.5,0.22,57.3
2026-09-20T00:50:16+08:00,FJ-02,981,3.3,3.0,64.2,0.22,57.5
2026-09-20T00:51:16+08:00,FJ-02,981,3.4,3.1,64.7,0.22,57.3
2026-09-20T00:52:16+08:00,FJ-02,980,3.4,3.1,64.4,0.22,56.4
2026-09-20T00:53:16+08:00,FJ-02,980,3.3,3.0,65.1,0.22,57.5
2026-09-20T00:54:16+08:00,FJ-02,979,3.4,3.1,64.6,0.22,57.3
2026-09-20T00:55:16+08:00,FJ-02,982,3.3,3.1,64.7,0.21,57.2
2026-09-20T00:56:16+08:00,FJ-02,981,3.3,3.1,63.9,0.22,57.1
2026-09-20T00:57:16+08:00,FJ-02,981,3.4,3.1,64.8,0.22,57.1
2026-09-20T00:58:16+08:00,FJ-02,980,3.4,3.1,64.4,0.22,57.1
2026-09-20T00:59:16+08:00,FJ-02,982,3.4,3.1,64.4,0.22,57.5
2026-09-20T01:00:16+08:00,FJ-02,980,3.4,3.0,65.1,0.22,57.4
2026-09-20T01:01:16+08:00,FJ-02,979,3.4,3.0,64.5,0.22,57.8
2026-09-20T01:02:16+08:00,FJ-02,979,3.4,3.2,64.3,0.22,57.1
2026-09-20T01:03:16+08:00,FJ-02,982,3.5,3.0,64.9,0.22,57.3
2026-09-20T01:04:16+08:00,FJ-02,981,3.4,3.1,65.1,0.22,57.5
2026-09-20T01:05:16+08:00,FJ-02,980,3.4,3.1,64.4,0.23,57.5
2026-09-20T01:06:16+08:00,FJ-02,982,3.3,3.1,63.6,0.22,57.2
2026-09-20T01:07:16+08:00,FJ-02,980,3.4,3.1,65.3,0.21,57.4
2026-09-20T01:08:16+08:00,FJ-02,980,3.4,3.1,64.4,0.22,57.6
2026-09-20T01:09:16+08:00,FJ-02,980,3.4,3.2,65.4,0.22,57.7
2026-09-20T01:10:16+08:00,FJ-02,981,3.4,3.0,64.5,0.22,57.3
2026-09-20T01:11:16+08:00,FJ-02,981,3.4,3.0,64.5,0.22,57.0
2026-09-20T01:12:16+08:00,FJ-02,980,3.3,3.0,64.0,0.22,57.4
2026-09-20T01:13:16+08:00,FJ-02,982,3.4,3.2,65.0,0.22,57.6
2026-09-20T01:14:16+08:00,FJ-02,981,3.4,3.2,65.0,0.21,57.4
2026-09-20T01:15:16+08:00,FJ-02,979,3.4,3.0,64.7,0.22,57.2
2026-09-20T01:16:16+08:00,FJ-02,981,3.4,3.1,64.4,0.22,57.4
2026-09-20T01:17:16+08:00,FJ-02,982,3.4,3.1,64.6,0.21,57.0
2026-09-20T01:18:16+08:00,FJ-02,980,3.3,2.9,65.0,0.22,57.4
2026-09-20T01:19:16+08:00,FJ-02,981,3.4,3.1,64.6,0.21,57.6
2026-09-20T01:20:16+08:00,FJ-02,981,3.4,3.1,64.4,0.21,57.2
2026-09-20T01:21:16+08:00,FJ-02,981,3.4,3.1,64.2,0.22,57.3
2026-09-20T01:22:16+08:00,FJ-02,980,3.5,3.0,64.9,0.22,57.0
2026-09-20T01:23:16+08:00,FJ-02,979,3.4,3.1,63.8,0.22,57.9
2026-09-20T01:24:16+08:00,FJ-02,979,3.5,3.0,63.6,0.21,57.5
2026-09-20T01:25:16+08:00,FJ-02,979,3.4,3.1,64.2,0.22,57.2
2026-09-20T01:26:16+08:00,FJ-02,981,3.3,3.1,64.8,0.21,56.8
2026-09-20T01:27:16+08:00,FJ-02,981,3.3,3.1,64.7,0.22,57.3
2026-09-20T01:28:16+08:00,FJ-02,979,3.4,3.1,65.3,0.22,57.3
2026-09-20T01:29:16+08:00,FJ-02,981,3.4,3.1,65.4,0.22,56.9
2026-09-20T01:30:16+08:00,FJ-02,982,3.4,3.1,63.5,0.22,57.8
2026-09-20T01:31:16+08:00,FJ-02,980,3.4,3.0,64.8,0.22,57.2
2026-09-20T01:32:16+08:00,FJ-02,981,3.4,3.2,64.5,0.22,57.3
2026-09-20T01:33:16+08:00,FJ-02,982,3.4,3.1,65.4,0.22,57.6
2026-09-20T01:34:16+08:00,FJ-02,981,3.4,3.0,63.8,0.22,57.5
2026-09-20T01:35:16+08:00,FJ-02,981,3.5,3.0,65.2,0.22,57.6
2026-09-20T01:36:16+08:00,FJ-02,980,3.4,3.1,63.6,0.22,57.4
2026-09-20T01:37:16+08:00,FJ-02,980,3.4,3.1,64.6,0.22,57.5
2026-09-20T01:38:16+08:00,FJ-02,981,3.4,3.2,64.7,0.22,57.6
2026-09-20T01:39:16+08:00,FJ-02,980,3.4,3.1,63.9,0.22,57.1
2026-09-20T01:40:16+08:00,FJ-02,981,3.3,3.1,64.6,0.22,57.6
2026-09-20T01:41:16+08:00,FJ-02,980,3.4,3.1,64.3,0.21,57.4
2026-09-20T01:42:16+08:00,FJ-02,980,3.4,3.1,65.3,0.22,57.0
2026-09-20T01:43:16+08:00,FJ-02,981,3.4,3.0,64.2,0.22,57.6
2026-09-20T01:44:16+08:00,FJ-02,979,3.4,3.1,65.1,0.22,57.2
2026-09-20T01:45:16+08:00,FJ-02,979,3.4,3.1,64.3,0.22,56.5
2026-09-20T01:46:16+08:00,FJ-02,981,3.4,3.0,64.6,0.22,57.5
2026-09-20T01:47:16+08:00,FJ-02,980,3.4,3.2,64.8,0.23,57.5
2026-09-20T01:48:16+08:00,FJ-02,981,3.4,3.1,64.8,0.22,57.3
2026-09-20T01:49:16+08:00,FJ-02,980,3.4,3.0,64.6,0.22,57.4
2026-09-20T01:50:16+08:00,FJ-02,980,3.3,3.1,65.1,0.22,57.4
2026-09-20T01:51:16+08:00,FJ-02,980,3.4,3.0,65.2,0.22,57.4
2026-09-20T01:52:16+08:00,FJ-02,981,3.3,3.0,64.5,0.22,56.8
2026-09-20T01:53:16+08:00,FJ-02,980,3.4,3.2,64.1,0.21,56.8
2026-09-20T01:54:16+08:00,FJ-02,982,3.4,3.1,64.8,0.22,57.0
2026-09-20T01:55:16+08:00,FJ-02,981,3.3,3.1,65.0,0.22,57.6
2026-09-20T01:56:16+08:00,FJ-02,981,3.4,3.1,64.6,0.22,57.7
2026-09-20T01:57:16+08:00,FJ-02,981,3.3,3.0,64.6,0.21,57.4
2026-09-20T01:58:16+08:00,FJ-02,980,3.4,3.1,64.4,0.22,57.5
2026-09-20T01:59:16+08:00,FJ-02,981,3.4,3.1,64.8,0.22,57.3
2026-09-20T02:00:16+08:00,FJ-02,981,3.4,3.1,65.2,0.22,57.2
2026-09-20T02:01:16+08:00,FJ-02,981,3.4,3.1,65.0,0.22,57.9
2026-09-20T02:02:16+08:00,FJ-02,980,3.4,3.1,64.8,0.22,57.1
2026-09-20T02:03:16+08:00,FJ-02,979,3.4,3.1,64.5,0.21,57.2
2026-09-20T02:04:16+08:00,FJ-02,980,3.4,3.0,64.6,0.22,56.7
2026-09-20T02:05:16+08:00,FJ-02,982,3.4,3.1,63.8,0.22,57.4
2026-09-20T02:06:16+08:00,FJ-02,980,3.3,3.1,64.3,0.22,57.3
2026-09-20T02:07:16+08:00,FJ-02,981,3.4,3.2,65.7,0.22,57.0
2026-09-20T02:08:16+08:00,FJ-02,982,3.4,3.2,65.1,0.22,57.1
2026-09-20T02:09:16+08:00,FJ-02,981,3.3,3.0,64.7,0.21,57.0
2026-09-20T02:10:16+08:00,FJ-02,981,3.3,3.2,64.8,0.21,56.8
2026-09-20T02:11:16+08:00,FJ-02,980,3.3,3.1,64.7,0.22,57.3
2026-09-20T02:12:16+08:00,FJ-02,980,3.5,3.0,64.8,0.22,57.4
2026-09-20T02:13:16+08:00,FJ-02,981,3.4,3.0,64.7,0.22,57.7
2026-09-20T02:14:16+08:00,FJ-02,981,3.5,3.1,64.8,0.22,57.6
2026-09-20T02:15:16+08:00,FJ-02,981,3.4,3.1,64.9,0.22,57.6
2026-09-20T02:16:16+08:00,FJ-02,981,3.3,3.0,64.5,0.22,57.5
2026-09-20T02:17:16+08:00,FJ-02,981,3.4,3.1,64.4,0.22,57.8
2026-09-20T02:18:16+08:00,FJ-02,980,3.5,3.0,63.6,0.22,57.2
2026-09-20T02:19:16+08:00,FJ-02,979,3.4,3.2,65.0,0.21,56.8
2026-09-20T02:20:16+08:00,FJ-02,981,3.4,3.1,65.2,0.22,56.8
2026-09-20T02:21:16+08:00,FJ-02,981,3.4,3.0,65.5,0.22,57.6
2026-09-20T02:22:16+08:00,FJ-02,981,3.3,3.0,64.9,0.22,57.6
2026-09-20T02:23:16+08:00,FJ-02,981,3.3,3.1,65.2,0.21,57.3
2026-09-20T02:24:16+08:00,FJ-02,981,3.3,3.1,64.5,0.22,57.6
2026-09-20T02:25:16+08:00,FJ-02,981,3.5,3.1,65.6,0.22,57.4
2026-09-20T02:26:16+08:00,FJ-02,982,3.5,3.1,65.0,0.22,57.5
2026-09-20T02:27:16+08:00,FJ-02,981,3.4,3.1,64.4,0.21,57.3
2026-09-20T02:28:16+08:00,FJ-02,980,3.4,3.1,64.9,0.21,57.5
2026-09-20T02:29:16+08:00,FJ-02,980,3.3,3.1,63.6,0.22,57.2
2026-09-20T02:30:16+08:00,FJ-02,981,3.5,3.0,64.2,0.22,57.5
2026-09-20T02:31:16+08:00,FJ-02,981,3.4,3.1,64.9,0.22,57.3
2026-09-20T02:32:16+08:00,FJ-02,980,3.3,3.2,64.2,0.22,57.7
2026-09-20T02:33:16+08:00,FJ-02,980,3.4,3.1,65.2,0.22,57.1
2026-09-20T02:34:16+08:00,FJ-02,980,3.3,3.1,65.1,0.22,57.4
2026-09-20T02:35:16+08:00,FJ-02,982,3.4,3.0,64.8,0.22,57.2
2026-09-20T02:36:16+08:00,FJ-02,982,3.4,3.0,63.9,0.22,57.5
2026-09-20T02:37:16+08:00,FJ-02,981,3.4,3.1,64.6,0.22,57.3
2026-09-20T02:38:16+08:00,FJ-02,980,3.3,3.0,64.6,0.22,57.6
2026-09-20T02:39:16+08:00,FJ-02,981,3.5,3.1,63.8,0.22,57.0
2026-09-20T02:40:16+08:00,FJ-02,982,3.3,3.1,64.6,0.23,57.8
2026-09-20T02:41:16+08:00,FJ-02,982,3.4,3.1,63.8,0.22,57.1
2026-09-20T02:42:16+08:00,FJ-02,980,3.5,3.2,64.2,0.22,57.2
2026-09-20T02:43:16+08:00,FJ-02,980,3.4,3.1,63.9,0.21,57.5
2026-09-20T02:44:16+08:00,FJ-02,980,3.4,3.1,64.2,0.22,57.7
2026-09-20T02:45:16+08:00,FJ-02,980,3.3,3.1,64.6,0.22,57.2
2026-09-20T02:46:16+08:00,FJ-02,980,3.4,3.1,64.6,0.22,57.5
2026-09-20T02:47:16+08:00,FJ-02,981,3.3,3.0,64.3,0.22,57.6
2026-09-20T02:48:16+08:00,FJ-02,981,3.4,3.0,64.2,0.22,57.5
2026-09-20T02:49:16+08:00,FJ-02,982,3.3,3.0,64.1,0.22,57.4
2026-09-20T02:50:16+08:00,FJ-02,981,3.4,3.2,65.3,0.23,57.6
2026-09-20T02:51:16+08:00,FJ-02,981,3.3,3.1,65.3,0.22,57.4
2026-09-20T02:52:16+08:00,FJ-02,980,3.5,3.1,63.7,0.22,57.1
2026-09-20T02:53:16+08:00,FJ-02,980,3.5,3.1,64.6,0.22,57.1
2026-09-20T02:54:16+08:00,FJ-02,983,3.4,3.1,64.9,0.22,57.2
2026-09-20T02:55:16+08:00,FJ-02,981,3.4,3.1,63.5,0.21,57.4
2026-09-20T02:56:16+08:00,FJ-02,981,3.3,3.1,65.2,0.22,57.1
2026-09-20T02:57:16+08:00,FJ-02,981,3.4,3.1,65.2,0.22,57.3
2026-09-20T02:58:16+08:00,FJ-02,981,3.5,3.1,64.9,0.22,57.3
2026-09-20T02:59:16+08:00,FJ-02,980,3.4,3.1,64.2,0.22,57.7
2026-09-20T03:00:16+08:00,FJ-02,980,3.5,3.1,64.6,0.22,57.4
2026-09-20T03:01:16+08:00,FJ-02,981,3.4,3.0,64.2,0.22,57.4
2026-09-20T03:02:16+08:00,FJ-02,980,3.4,3.1,64.2,0.22,57.7
2026-09-20T03:03:16+08:00,FJ-02,981,3.3,3.2,64.0,0.22,58.0
2026-09-20T03:04:16+08:00,FJ-02,981,3.4,3.0,64.0,0.22,57.1
2026-09-20T03:05:16+08:00,FJ-02,980,3.4,3.1,64.7,0.22,56.9
2026-09-20T03:06:16+08:00,FJ-02,981,3.4,3.0,64.9,0.22,57.0
2026-09-20T03:07:16+08:00,FJ-02,981,3.4,3.1,64.5,0.22,57.3
2026-09-20T03:08:16+08:00,FJ-02,981,3.5,3.1,64.9,0.21,57.0
2026-09-20T03:09:16+08:00,FJ-02,980,3.4,3.1,64.3,0.22,57.3
2026-09-20T03:10:16+08:00,FJ-02,979,3.5,3.0,64.5,0.22,57.4
2026-09-20T03:11:16+08:00,FJ-02,981,3.4,3.0,65.0,0.22,57.9
2026-09-20T03:12:16+08:00,FJ-02,980,3.3,3.2,64.3,0.22,57.6
2026-09-20T03:13:16+08:00,FJ-02,980,3.3,3.1,64.8,0.22,57.7
2026-09-20T03:14:16+08:00,FJ-02,981,3.4,3.1,64.7,0.22,57.7
2026-09-20T03:15:16+08:00,FJ-02,982,3.4,3.0,64.8,0.22,57.6
2026-09-20T03:16:16+08:00,FJ-02,981,3.3,3.2,64.9,0.22,57.1
2026-09-20T03:17:16+08:00,FJ-02,982,3.3,3.1,64.9,0.22,57.4
2026-09-20T03:18:16+08:00,FJ-02,981,3.3,3.0,64.4,0.22,57.2
2026-09-20T03:19:16+08:00,FJ-02,982,3.4,3.2,65.0,0.22,58.0
2026-09-20T03:20:16+08:00,FJ-02,981,3.3,3.1,64.8,0.22,56.9
2026-09-20T03:21:16+08:00,FJ-02,981,3.4,3.1,65.6,0.22,57.3
2026-09-20T03:22:16+08:00,FJ-02,981,3.5,3.1,64.7,0.22,57.5
2026-09-20T03:23:16+08:00,FJ-02,980,3.5,3.1,65.1,0.21,57.2
2026-09-20T03:24:16+08:00,FJ-02,982,3.3,3.0,63.6,0.22,57.8
2026-09-20T03:25:16+08:00,FJ-02,980,3.4,3.0,65.2,0.22,57.4
2026-09-20T03:26:16+08:00,FJ-02,979,3.4,3.1,64.9,0.22,57.4
2026-09-20T03:27:16+08:00,FJ-02,981,3.4,3.1,63.3,0.22,57.5
2026-09-20T03:28:16+08:00,FJ-02,981,3.3,3.1,64.2,0.22,57.2
2026-09-20T03:29:16+08:00,FJ-02,981,3.4,3.1,64.7,0.22,57.2
2026-09-20T03:30:16+08:00,FJ-02,981,3.3,3.0,63.9,0.22,57.6
2026-09-20T03:31:16+08:00,FJ-02,981,3.4,3.1,64.2,0.22,57.2
2026-09-20T03:32:16+08:00,FJ-02,982,3.3,3.1,64.2,0.22,56.9
2026-09-20T03:33:16+08:00,FJ-02,981,3.4,3.1,64.9,0.22,57.5
2026-09-20T03:34:16+08:00,FJ-02,981,3.4,3.0,64.4,0.22,57.5
2026-09-20T03:35:16+08:00,FJ-02,980,3.3,3.0,65.0,0.22,57.2
2026-09-20T03:36:16+08:00,FJ-02,981,3.3,3.1,64.6,0.21,57.0
2026-09-20T03:37:16+08:00,FJ-02,981,3.4,3.2,64.3,0.22,57.5
2026-09-20T03:38:16+08:00,FJ-02,980,3.3,3.0,64.4,0.22,56.9
2026-09-20T03:39:16+08:00,FJ-02,981,3.5,3.0,63.8,0.22,57.2
2026-09-20T03:40:16+08:00,FJ-02,981,3.4,3.1,65.1,0.22,57.2
2026-09-20T03:41:16+08:00,FJ-02,980,3.5,3.1,64.1,0.22,57.5
2026-09-20T03:42:16+08:00,FJ-02,981,3.4,3.0,64.7,0.22,57.4
2026-09-20T03:43:16+08:00,FJ-02,980,3.4,3.2,65.5,0.22,57.2
2026-09-20T03:44:16+08:00,FJ-02,980,3.4,3.2,64.5,0.22,57.1
2026-09-20T03:45:16+08:00,FJ-02,982,3.4,3.1,64.5,0.22,57.0
2026-09-20T03:46:16+08:00,FJ-02,981,3.4,3.1,65.1,0.22,57.6
2026-09-20T03:47:16+08:00,FJ-02,981,3.4,3.1,65.5,0.22,57.6
2026-09-20T03:48:16+08:00,FJ-02,981,3.3,3.1,64.6,0.22,57.6
2026-09-20T03:49:16+08:00,FJ-02,980,3.3,3.1,65.0,0.22,57.2
2026-09-20T03:50:16+08:00,FJ-02,982,3.4,3.0,64.9,0.22,57.8
2026-09-20T03:51:16+08:00,FJ-02,981,3.4,3.1,64.9,0.22,58.1
2026-09-20T03:52:16+08:00,FJ-02,981,3.4,3.1,64.6,0.21,57.2
2026-09-20T03:53:16+08:00,FJ-02,979,3.3,3.1,66.2,0.22,57.5
2026-09-20T03:54:16+08:00,FJ-02,980,3.3,3.1,64.6,0.22,56.8
2026-09-20T03:55:16+08:00,FJ-02,981,3.4,3.0,65.4,0.22,56.8
2026-09-20T03:56:16+08:00,FJ-02,980,3.4,3.1,65.2,0.22,57.7
2026-09-20T03:57:16+08:00,FJ-02,981,3.4,3.1,64.7,0.22,57.6
2026-09-20T03:58:16+08:00,FJ-02,981,3.3,3.1,64.9,0.22,57.0
2026-09-20T03:59:16+08:00,FJ-02,981,3.4,3.0,64.8,0.22,56.9
2026-09-20T04:00:16+08:00,FJ-02,982,3.4,3.0,63.9,0.22,57.3
2026-09-20T04:01:16+08:00,FJ-02,981,3.4,3.2,64.6,0.21,57.4
2026-09-20T04:02:16+08:00,FJ-02,981,3.4,3.2,64.7,0.22,58.0
2026-09-20T04:03:16+08:00,FJ-02,980,3.4,3.1,64.3,0.22,57.2
2026-09-20T04:04:16+08:00,FJ-02,982,3.3,3.1,65.3,0.22,57.4
2026-09-20T04:05:16+08:00,FJ-02,981,3.4,3.0,65.5,0.22,57.4
2026-09-20T04:06:16+08:00,FJ-02,981,3.4,3.0,65.3,0.22,57.5
2026-09-20T04:07:16+08:00,FJ-02,980,3.4,3.2,65.1,0.22,57.7
2026-09-20T04:08:16+08:00,FJ-02,981,3.3,3.1,64.0,0.22,57.1
2026-09-20T04:09:16+08:00,FJ-02,981,3.4,3.1,64.1,0.22,57.0
2026-09-20T04:10:16+08:00,FJ-02,981,3.3,3.1,63.9,0.22,57.1
2026-09-20T04:11:16+08:00,FJ-02,983,3.3,3.1,64.6,0.22,57.5
2026-09-20T04:12:16+08:00,FJ-02,982,3.4,3.1,64.1,0.22,57.5
2026-09-20T04:13:16+08:00,FJ-02,981,3.4,3.1,64.2,0.22,57.5
2026-09-20T04:14:16+08:00,FJ-02,980,3.4,3.1,64.6,0.22,57.6
2026-09-20T04:15:16+08:00,FJ-02,981,3.4,3.0,64.5,0.21,57.0
2026-09-20T04:16:16+08:00,FJ-02,981,3.4,3.1,64.7,0.22,57.4
2026-09-20T04:17:16+08:00,FJ-02,982,3.4,3.1,64.8,0.21,57.6
2026-09-20T04:18:16+08:00,FJ-02,980,3.4,3.1,64.0,0.22,58.1
2026-09-20T04:19:16+08:00,FJ-02,980,3.4,3.1,65.3,0.22,56.6
2026-09-20T04:20:16+08:00,FJ-02,982,3.4,3.1,65.1,0.22,56.9
2026-09-20T04:21:16+08:00,FJ-02,982,3.3,3.0,65.4,0.22,57.6
2026-09-20T04:22:16+08:00,FJ-02,981,3.3,3.0,64.0,0.22,57.1
2026-09-20T04:23:16+08:00,FJ-02,980,3.4,3.0,65.9,0.22,57.7
2026-09-20T04:24:16+08:00,FJ-02,980,3.3,3.0,64.3,0.22,57.7
2026-09-20T04:25:16+08:00,FJ-02,980,3.4,3.0,64.5,0.22,57.6
2026-09-20T04:26:16+08:00,FJ-02,981,3.4,3.1,65.1,0.22,57.4
2026-09-20T04:27:16+08:00,FJ-02,980,3.4,3.1,64.5,0.22,57.0
2026-09-20T04:28:16+08:00,FJ-02,981,3.3,3.1,65.4,0.21,57.7
2026-09-20T04:29:16+08:00,FJ-02,981,3.4,3.1,65.2,0.22,57.6
2026-09-20T04:30:16+08:00,FJ-02,980,3.5,3.0,64.6,0.21,56.9
2026-09-20T04:31:16+08:00,FJ-02,981,3.3,3.1,64.5,0.22,57.4
2026-09-20T04:32:16+08:00,FJ-02,981,3.3,3.0,64.8,0.22,57.4
2026-09-20T04:33:16+08:00,FJ-02,980,3.3,3.1,64.7,0.22,57.7
2026-09-20T04:34:16+08:00,FJ-02,980,3.4,3.0,64.8,0.22,57.7
2026-09-20T04:35:16+08:00,FJ-02,980,3.5,3.1,64.5,0.21,57.6
2026-09-20T04:36:16+08:00,FJ-02,982,3.5,3.1,64.3,0.22,57.2
2026-09-20T04:37:16+08:00,FJ-02,982,3.4,3.1,65.1,0.22,58.2
2026-09-20T04:38:16+08:00,FJ-02,981,3.4,3.0,63.9,0.22,57.6
2026-09-20T04:39:16+08:00,FJ-02,981,3.4,3.2,65.7,0.22,56.9
2026-09-20T04:40:16+08:00,FJ-02,981,3.4,3.1,64.2,0.21,57.0
2026-09-20T04:41:16+08:00,FJ-02,982,3.4,3.1,64.4,0.21,57.3
2026-09-20T04:42:16+08:00,FJ-02,979,3.3,3.0,63.5,0.22,57.4
2026-09-20T04:43:16+08:00,FJ-02,981,3.3,3.2,64.5,0.22,57.2
2026-09-20T04:44:16+08:00,FJ-02,981,3.4,3.1,64.8,0.22,57.7
2026-09-20T04:45:16+08:00,FJ-02,980,3.4,3.2,64.8,0.22,57.6
2026-09-20T04:46:16+08:00,FJ-02,979,3.4,3.1,65.1,0.22,57.4
2026-09-20T04:47:16+08:00,FJ-02,980,3.3,3.0,64.5,0.22,57.2
2026-09-20T04:48:16+08:00,FJ-02,981,3.4,3.1,65.6,0.22,58.0
2026-09-20T04:49:16+08:00,FJ-02,980,3.4,3.0,64.2,0.21,57.6
2026-09-20T04:50:16+08:00,FJ-02,980,3.4,3.0,64.4,0.22,57.7
2026-09-20T04:51:16+08:00,FJ-02,980,3.3,3.1,64.6,0.22,57.6
2026-09-20T04:52:16+08:00,FJ-02,982,3.5,3.1,65.2,0.22,57.8
2026-09-20T04:53:16+08:00,FJ-02,981,3.4,3.1,65.0,0.22,57.4
2026-09-20T04:54:16+08:00,FJ-02,980,3.4,3.2,64.0,0.22,57.3
2026-09-20T04:55:16+08:00,FJ-02,980,3.3,3.1,64.6,0.22,57.7
2026-09-20T04:56:16+08:00,FJ-02,979,3.4,3.1,64.0,0.22,57.2
2026-09-20T04:57:16+08:00,FJ-02,982,3.4,3.1,64.5,0.22,57.1
2026-09-20T04:58:16+08:00,FJ-02,982,3.6,3.1,64.9,0.22,57.6
2026-09-20T04:59:16+08:00,FJ-02,981,3.4,3.0,63.4,0.22,57.7
2026-09-20T05:00:16+08:00,FJ-02,981,3.3,3.0,65.4,0.22,57.6
2026-09-20T05:01:16+08:00,FJ-02,981,3.4,3.1,65.2,0.21,57.3
2026-09-20T05:02:16+08:00,FJ-02,981,3.4,3.1,64.1,0.22,57.3
2026-09-20T05:03:16+08:00,FJ-02,981,3.4,3.1,65.0,0.22,57.3
2026-09-20T05:04:16+08:00,FJ-02,981,3.3,3.1,64.5,0.22,57.3
2026-09-20T05:05:16+08:00,FJ-02,981,3.4,3.0,65.3,0.22,58.0
2026-09-20T05:06:16+08:00,FJ-02,981,3.4,3.1,64.5,0.22,57.5
2026-09-20T05:07:16+08:00,FJ-02,981,3.4,3.1,64.9,0.22,57.2
2026-09-20T05:08:16+08:00,FJ-02,981,3.3,3.2,65.0,0.22,57.5
2026-09-20T05:09:16+08:00,FJ-02,981,3.4,3.1,64.2,0.22,57.1
2026-09-20T05:10:16+08:00,FJ-02,981,3.4,3.2,64.4,0.22,57.1
2026-09-20T05:11:16+08:00,FJ-02,982,3.4,3.1,64.2,0.22,57.8
2026-09-20T05:12:16+08:00,FJ-02,980,3.4,3.1,64.5,0.22,57.5
2026-09-20T05:13:16+08:00,FJ-02,980,3.4,3.1,64.3,0.22,57.1
2026-09-20T05:14:16+08:00,FJ-02,981,3.3,3.2,64.5,0.22,57.2
2026-09-20T05:15:16+08:00,FJ-02,980,3.3,3.1,64.4,0.22,57.4
2026-09-20T05:16:16+08:00,FJ-02,980,3.4,3.1,65.1,0.22,57.3
2026-09-20T05:17:16+08:00,FJ-02,980,3.4,3.1,64.7,0.22,56.8
2026-09-20T05:18:16+08:00,FJ-02,983,3.4,3.1,65.8,0.22,57.4
2026-09-20T05:19:16+08:00,FJ-02,981,3.4,3.0,64.7,0.22,56.9
2026-09-20T05:20:16+08:00,FJ-02,983,3.4,3.1,64.4,0.21,57.2
2026-09-20T05:21:16+08:00,FJ-02,979,3.4,3.0,64.9,0.22,57.4
2026-09-20T05:22:16+08:00,FJ-02,981,3.4,3.1,64.9,0.22,57.2
2026-09-20T05:23:16+08:00,FJ-02,982,3.3,3.1,64.4,0.22,57.8
2026-09-20T05:24:16+08:00,FJ-02,982,3.4,3.1,64.9,0.22,57.2
2026-09-20T05:25:16+08:00,FJ-02,981,3.3,3.1,64.7,0.22,57.4
2026-09-20T05:26:16+08:00,FJ-02,981,3.4,3.2,64.6,0.22,57.6
2026-09-20T05:27:16+08:00,FJ-02,981,3.4,3.1,64.3,0.22,57.3
2026-09-20T05:28:16+08:00,FJ-02,979,3.4,3.1,64.3,0.21,57.6
2026-09-20T05:29:16+08:00,FJ-02,981,3.3,3.0,65.6,0.22,57.1
2026-09-20T05:30:16+08:00,FJ-02,980,3.3,3.0,64.9,0.22,57.6
2026-09-20T05:31:16+08:00,FJ-02,981,3.4,3.0,64.4,0.21,57.3
2026-09-20T05:32:16+08:00,FJ-02,982,3.3,3.1,64.2,0.22,57.6
2026-09-20T05:33:16+08:00,FJ-02,981,3.3,3.1,64.4,0.22,57.6
2026-09-20T05:34:16+08:00,FJ-02,980,3.4,3.1,63.8,0.21,57.2
2026-09-20T05:35:16+08:00,FJ-02,980,3.4,3.0,64.7,0.22,57.3
2026-09-20T05:36:16+08:00,FJ-02,980,3.3,3.1,65.6,0.22,57.5
2026-09-20T05:37:16+08:00,FJ-02,981,3.4,3.0,64.1,0.22,57.3
2026-09-20T05:38:16+08:00,FJ-02,980,3.3,3.2,65.4,0.21,57.3
2026-09-20T05:39:16+08:00,FJ-02,982,3.4,3.1,64.7,0.22,56.8
2026-09-20T05:40:16+08:00,FJ-02,983,3.4,3.0,64.3,0.22,57.5
2026-09-20T05:41:16+08:00,FJ-02,980,3.4,3.0,64.1,0.22,57.6
2026-09-20T05:42:16+08:00,FJ-02,981,3.3,3.1,65.3,0.22,57.5
2026-09-20T05:43:16+08:00,FJ-02,981,3.3,3.2,65.1,0.22,57.9
2026-09-20T05:44:16+08:00,FJ-02,981,3.5,3.0,64.3,0.22,57.2
2026-09-20T05:45:16+08:00,FJ-02,980,3.4,3.0,64.5,0.22,57.4
2026-09-20T05:46:16+08:00,FJ-02,980,3.4,3.1,65.3,0.22,56.9
2026-09-20T05:47:16+08:00,FJ-02,981,3.4,3.2,65.2,0.22,57.5
2026-09-20T05:48:16+08:00,FJ-02,980,3.4,3.1,64.7,0.22,57.5
2026-09-20T05:49:16+08:00,FJ-02,980,3.4,3.0,64.9,0.22,57.5
2026-09-20T05:50:16+08:00,FJ-02,980,3.3,3.1,64.2,0.22,57.8
2026-09-20T05:51:16+08:00,FJ-02,981,3.3,3.1,65.5,0.22,57.2
2026-09-20T05:52:16+08:00,FJ-02,983,3.4,3.1,64.7,0.22,57.0
2026-09-20T05:53:16+08:00,FJ-02,980,3.4,3.1,64.3,0.22,57.4
2026-09-20T05:54:16+08:00,FJ-02,981,3.4,3.2,64.8,0.22,57.4
2026-09-20T05:55:16+08:00,FJ-02,983,3.3,3.1,64.0,0.22,56.8
2026-09-20T05:56:16+08:00,FJ-02,981,3.3,3.1,64.2,0.22,57.2
2026-09-20T05:57:16+08:00,FJ-02,981,3.4,3.1,65.0,0.22,57.4
2026-09-20T05:58:16+08:00,FJ-02,981,3.3,3.1,63.3,0.22,57.5
2026-09-20T05:59:16+08:00,FJ-02,979,3.4,3.0,65.3,0.22,57.1
2026-09-20T06:00:16+08:00,FJ-02,981,3.4,3.1,65.3,0.22,57.2
2026-09-20T06:01:16+08:00,FJ-02,981,3.4,3.1,64.9,0.21,57.3
2026-09-20T06:02:16+08:00,FJ-02,981,3.3,3.0,65.2,0.22,57.5
2026-09-20T06:03:16+08:00,FJ-02,982,3.5,3.1,65.5,0.22,57.3
2026-09-20T06:04:16+08:00,FJ-02,981,3.3,3.1,63.8,0.21,58.0
2026-09-20T06:05:16+08:00,FJ-02,981,3.4,3.0,65.2,0.22,57.0
2026-09-20T06:06:16+08:00,FJ-02,981,3.4,3.0,64.2,0.22,57.1
2026-09-20T06:07:16+08:00,FJ-02,982,3.4,3.1,64.6,0.22,57.5
2026-09-20T06:08:16+08:00,FJ-02,981,3.3,3.1,64.4,0.22,57.4
2026-09-20T06:09:16+08:00,FJ-02,982,3.4,3.0,65.4,0.22,57.4
2026-09-20T06:10:16+08:00,FJ-02,980,3.3,3.0,65.2,0.21,57.4
2026-09-20T06:11:16+08:00,FJ-02,981,3.4,3.2,65.1,0.22,56.7
2026-09-20T06:12:16+08:00,FJ-02,980,3.3,3.0,65.1,0.22,57.0
2026-09-20T06:13:16+08:00,FJ-02,981,3.4,3.1,64.6,0.21,57.6
2026-09-20T06:14:16+08:00,FJ-02,981,3.4,3.1,64.5,0.21,57.4
2026-09-20T06:15:16+08:00,FJ-02,980,3.3,3.0,64.8,0.22,57.5
2026-09-20T06:16:16+08:00,FJ-02,981,3.4,3.0,64.0,0.22,57.6
2026-09-20T06:17:16+08:00,FJ-02,981,3.4,3.1,65.6,0.22,57.3
2026-09-20T06:18:16+08:00,FJ-02,980,3.4,3.1,64.7,0.22,57.3
2026-09-20T06:19:16+08:00,FJ-02,982,3.4,3.1,64.8,0.22,57.8
2026-09-20T06:20:16+08:00,FJ-02,982,3.3,3.1,64.7,0.22,57.7
2026-09-20T06:21:16+08:00,FJ-02,980,3.4,3.1,64.1,0.22,57.3
2026-09-20T06:22:16+08:00,FJ-02,980,3.4,3.1,64.8,0.22,56.9
2026-09-20T06:23:16+08:00,FJ-02,981,3.5,3.1,64.4,0.22,57.6
2026-09-20T06:24:16+08:00,FJ-02,981,3.4,3.1,64.7,0.22,57.5
2026-09-20T06:25:16+08:00,FJ-02,981,3.4,3.0,65.0,0.22,57.7
2026-09-20T06:26:16+08:00,FJ-02,981,3.5,3.1,64.6,0.22,57.9
2026-09-20T06:27:16+08:00,FJ-02,980,3.4,3.2,65.4,0.22,57.4
2026-09-20T06:28:16+08:00,FJ-02,980,3.4,3.1,64.1,0.21,57.5
2026-09-20T06:29:16+08:00,FJ-02,982,3.5,3.1,65.5,0.22,57.1
2026-09-20T06:30:16+08:00,FJ-02,980,3.4,3.1,65.0,0.22,57.5
2026-09-20T06:31:16+08:00,FJ-02,980,3.4,3.0,65.0,0.22,57.4
2026-09-20T06:32:16+08:00,FJ-02,980,3.4,3.1,65.1,0.22,57.7
2026-09-20T06:33:16+08:00,FJ-02,982,3.3,3.1,65.2,0.22,57.2
2026-09-20T06:34:16+08:00,FJ-02,982,3.4,3.1,64.5,0.22,57.0
2026-09-20T06:35:16+08:00,FJ-02,981,3.3,3.1,65.2,0.22,57.0
2026-09-20T06:36:16+08:00,FJ-02,981,3.4,3.1,64.0,0.22,57.3
2026-09-20T06:37:16+08:00,FJ-02,981,3.4,3.1,64.1,0.22,57.3
2026-09-20T06:38:16+08:00,FJ-02,980,3.5,3.1,64.9,0.22,57.4
2026-09-20T06:39:16+08:00,FJ-02,980,3.4,3.1,65.5,0.22,57.3
2026-09-20T06:40:16+08:00,FJ-02,981,3.5,3.0,64.2,0.22,57.4
2026-09-20T06:41:16+08:00,FJ-02,981,3.3,3.1,64.3,0.22,57.2
2026-09-20T06:42:16+08:00,FJ-02,980,3.3,3.1,65.4,0.22,57.2
2026-09-20T06:43:16+08:00,FJ-02,981,3.4,3.1,65.1,0.22,57.4
2026-09-20T06:44:16+08:00,FJ-02,980,3.4,3.0,65.8,0.22,57.2
2026-09-20T06:45:16+08:00,FJ-02,979,3.5,3.1,63.6,0.22,57.2
2026-09-20T06:46:16+08:00,FJ-02,982,3.4,3.1,64.7,0.22,57.3
2026-09-20T06:47:16+08:00,FJ-02,981,3.4,3.0,64.7,0.22,57.5
2026-09-20T06:48:16+08:00,FJ-02,980,3.4,3.1,64.4,0.22,57.7
2026-09-20T06:49:16+08:00,FJ-02,981,3.4,3.1,65.1,0.22,57.2
2026-09-20T06:50:16+08:00,FJ-02,980,3.3,3.3,63.7,0.22,57.5
2026-09-20T06:51:16+08:00,FJ-02,981,3.4,3.1,64.8,0.22,57.1
2026-09-20T06:52:16+08:00,FJ-02,981,3.3,3.1,65.3,0.22,57.7
2026-09-20T06:53:16+08:00,FJ-02,982,3.3,3.1,65.1,0.22,57.5
2026-09-20T06:54:16+08:00,FJ-02,982,3.4,3.1,65.0,0.22,57.1
2026-09-20T06:55:16+08:00,FJ-02,981,3.4,3.1,65.0,0.22,57.6
2026-09-20T06:56:16+08:00,FJ-02,982,3.4,3.0,64.1,0.22,57.4
2026-09-20T06:57:16+08:00,FJ-02,979,3.3,3.2,65.7,0.22,57.7
2026-09-20T06:58:16+08:00,FJ-02,980,3.5,3.2,65.1,0.22,57.2
2026-09-20T06:59:16+08:00,FJ-02,981,3.4,3.1,65.0,0.22,57.8
2026-09-20T07:00:16+08:00,FJ-02,980,3.4,3.0,65.1,0.22,57.3
2026-09-20T07:01:16+08:00,FJ-02,981,3.4,3.0,64.3,0.22,57.5
2026-09-20T07:02:16+08:00,FJ-02,981,3.4,3.1,64.9,0.22,57.1
2026-09-20T07:03:16+08:00,FJ-02,979,3.3,3.2,64.3,0.22,57.1
2026-09-20T07:04:16+08:00,FJ-02,981,3.3,3.2,64.2,0.22,57.0
2026-09-20T07:05:16+08:00,FJ-02,982,3.3,3.0,64.3,0.22,56.8
2026-09-20T07:06:16+08:00,FJ-02,980,3.3,3.0,64.9,0.22,57.5
2026-09-20T07:07:16+08:00,FJ-02,981,3.5,3.2,64.6,0.22,56.9
2026-09-20T07:08:16+08:00,FJ-02,981,3.4,3.1,64.9,0.22,57.1
2026-09-20T07:09:16+08:00,FJ-02,980,3.4,3.1,64.4,0.22,57.2
2026-09-20T07:10:16+08:00,FJ-02,981,3.3,3.1,64.4,0.21,57.6
2026-09-20T07:11:16+08:00,FJ-02,982,3.5,3.1,65.6,0.22,57.3
2026-09-20T07:12:16+08:00,FJ-02,981,3.4,3.1,65.0,0.22,57.0
2026-09-20T07:13:16+08:00,FJ-02,981,3.5,3.1,65.4,0.22,58.0
2026-09-20T07:14:16+08:00,FJ-02,980,3.4,3.1,65.2,0.21,57.6
2026-09-20T07:15:16+08:00,FJ-02,980,3.4,3.1,65.6,0.22,57.4
2026-09-20T07:16:16+08:00,FJ-02,980,3.4,3.0,64.9,0.23,57.4
2026-09-20T07:17:16+08:00,FJ-02,980,3.4,3.1,65.0,0.22,57.7
2026-09-20T07:18:16+08:00,FJ-02,980,3.4,3.1,66.0,0.22,58.0
2026-09-20T07:19:16+08:00,FJ-02,983,3.4,3.0,65.2,0.21,58.0
2026-09-20T07:20:16+08:00,FJ-02,983,3.4,3.0,65.1,0.22,57.1
2026-09-20T07:21:16+08:00,FJ-02,980,3.4,3.0,65.1,0.22,57.5
2026-09-20T07:22:16+08:00,FJ-02,981,3.4,3.1,64.8,0.22,57.2
2026-09-20T07:23:16+08:00,FJ-02,980,3.3,3.1,65.4,0.22,57.4
2026-09-20T07:24:16+08:00,FJ-02,981,3.4,3.1,64.1,0.22,57.4
2026-09-20T07:25:16+08:00,FJ-02,980,3.4,3.1,64.4,0.22,57.7
2026-09-20T07:26:16+08:00,FJ-02,980,3.4,3.1,65.0,0.23,57.4
2026-09-20T07:27:16+08:00,FJ-02,982,3.3,3.1,65.1,0.22,57.0
2026-09-20T07:28:16+08:00,FJ-02,982,3.4,3.0,64.1,0.22,57.6
2026-09-20T07:29:16+08:00,FJ-02,981,3.4,3.0,65.1,0.21,56.9
2026-09-20T07:30:16+08:00,FJ-02,981,3.4,3.0,65.1,0.22,57.6
2026-09-20T07:31:16+08:00,FJ-02,981,3.3,3.0,64.4,0.22,57.9
2026-09-20T07:32:16+08:00,FJ-02,980,3.4,3.0,64.7,0.22,57.1
2026-09-20T07:33:16+08:00,FJ-02,979,3.4,3.2,64.8,0.22,57.3
2026-09-20T07:34:16+08:00,FJ-02,981,3.5,3.1,65.1,0.21,57.4
2026-09-20T07:35:16+08:00,FJ-02,981,3.4,3.1,64.4,0.22,57.1
2026-09-20T07:36:16+08:00,FJ-02,980,3.4,3.1,64.5,0.22,56.9
2026-09-20T07:37:16+08:00,FJ-02,981,3.4,3.1,65.2,0.22,58.0
2026-09-20T07:38:16+08:00,FJ-02,980,3.4,3.0,64.6,0.22,57.5
2026-09-20T07:39:16+08:00,FJ-02,980,3.4,3.1,64.4,0.22,57.5
2026-09-20T07:40:16+08:00,FJ-02,981,3.5,3.1,64.5,0.22,56.8
2026-09-20T07:41:16+08:00,FJ-02,981,3.4,3.1,65.0,0.22,57.2
2026-09-20T07:42:16+08:00,FJ-02,981,3.4,3.1,65.1,0.22,57.6
2026-09-20T07:43:16+08:00,FJ-02,980,3.4,3.2,64.7,0.21,57.2
2026-09-20T07:44:16+08:00,FJ-02,981,3.4,3.2,65.0,0.22,57.5
2026-09-20T07:45:16+08:00,FJ-02,981,3.5,3.1,64.9,0.23,57.0
2026-09-20T07:46:16+08:00,FJ-02,981,3.4,3.1,64.6,0.22,57.5
2026-09-20T07:47:16+08:00,FJ-02,982,3.4,3.1,64.8,0.22,57.6
2026-09-20T07:48:16+08:00,FJ-02,981,3.4,3.1,64.7,0.22,57.2
2026-09-20T07:49:16+08:00,FJ-02,982,3.4,3.1,64.1,0.22,57.1
2026-09-20T07:50:16+08:00,FJ-02,981,3.4,3.1,64.3,0.22,57.4
2026-09-20T07:51:16+08:00,FJ-02,982,3.5,3.1,65.5,0.22,57.9
2026-09-20T07:52:16+08:00,FJ-02,980,3.4,3.0,65.4,0.22,56.9
2026-09-20T07:53:16+08:00,FJ-02,982,3.4,3.0,65.1,0.22,57.4
2026-09-20T07:54:16+08:00,FJ-02,981,3.4,3.0,65.3,0.22,57.2
2026-09-20T07:55:16+08:00,FJ-02,982,3.4,3.0,64.7,0.22,57.5
2026-09-20T07:56:16+08:00,FJ-02,981,3.4,3.1,65.6,0.22,57.5
2026-09-20T07:57:16+08:00,FJ-02,981,3.4,3.1,65.4,0.22,56.9
2026-09-20T07:58:16+08:00,FJ-02,979,3.4,3.2,64.6,0.22,57.1
2026-09-20T07:59:16+08:00,FJ-02,980,3.4,3.1,65.7,0.22,57.9
2026-09-20T08:00:16+08:00,FJ-02,980,3.3,3.1,64.4,0.22,57.1
2026-09-20T08:01:16+08:00,FJ-02,982,3.4,3.0,65.0,0.22,57.3
2026-09-20T08:02:16+08:00,FJ-02,981,3.4,3.2,65.0,0.22,57.5
2026-09-20T08:03:16+08:00,FJ-02,980,3.4,3.1,65.0,0.22,57.4
2026-09-20T08:04:16+08:00,FJ-02,981,3.5,3.1,64.5,0.22,57.4
2026-09-20T08:05:16+08:00,FJ-02,981,3.4,3.2,63.8,0.22,57.5
2026-09-20T08:06:16+08:00,FJ-02,981,3.4,3.1,64.4,0.21,57.1
2026-09-20T08:07:16+08:00,FJ-02,981,3.4,3.0,64.4,0.22,57.4
2026-09-20T08:08:16+08:00,FJ-02,981,3.3,3.1,64.8,0.22,57.6
2026-09-20T08:09:16+08:00,FJ-02,980,3.4,3.0,64.2,0.22,57.4
2026-09-20T08:10:16+08:00,FJ-02,980,3.4,3.1,65.2,0.22,56.9
2026-09-20T08:11:16+08:00,FJ-02,981,3.4,3.1,64.2,0.22,57.3
2026-09-20T08:12:16+08:00,FJ-02,982,3.4,3.0,64.7,0.22,56.9
2026-09-20T08:13:16+08:00,FJ-02,982,3.4,3.1,64.2,0.22,57.3
2026-09-20T08:14:16+08:00,FJ-02,981,3.3,3.1,65.3,0.22,57.2
2026-09-20T08:15:16+08:00,FJ-02,981,3.4,3.1,65.4,0.22,57.2
2026-09-20T08:16:16+08:00,FJ-02,980,3.5,3.0,64.1,0.22,57.3
2026-09-20T08:17:16+08:00,FJ-02,982,3.4,3.1,64.8,0.22,57.6
2026-09-20T08:18:16+08:00,FJ-02,983,3.4,3.0,65.0,0.22,57.7
2026-09-20T08:19:16+08:00,FJ-02,981,3.4,3.1,65.0,0.22,56.9
2026-09-20T08:20:16+08:00,FJ-02,982,3.4,3.1,65.4,0.22,56.7
2026-09-20T08:21:16+08:00,FJ-02,981,3.4,3.1,65.0,0.21,57.3
2026-09-20T08:22:16+08:00,FJ-02,981,3.3,3.1,64.6,0.22,57.1
2026-09-20T08:23:16+08:00,FJ-02,981,3.4,3.1,63.9,0.22,57.7
2026-09-20T08:24:16+08:00,FJ-02,981,3.3,3.2,64.4,0.22,57.5
2026-09-20T08:25:16+08:00,FJ-02,982,3.4,3.1,65.4,0.22,57.2
2026-09-20T08:26:16+08:00,FJ-02,980,3.4,3.2,64.5,0.22,57.5
2026-09-20T08:27:16+08:00,FJ-02,981,3.4,3.2,64.8,0.22,57.5
2026-09-20T08:28:16+08:00,FJ-02,980,3.3,3.0,63.6,0.23,57.5
2026-09-20T08:29:16+08:00,FJ-02,981,3.5,3.0,65.5,0.22,57.4
2026-09-20T08:30:16+08:00,FJ-02,981,3.3,3.1,65.2,0.22,57.7
2026-09-20T08:31:16+08:00,FJ-02,981,3.3,3.0,64.8,0.22,57.5
2026-09-20T08:32:16+08:00,FJ-02,980,3.4,3.1,64.5,0.22,57.4
2026-09-20T08:33:16+08:00,FJ-02,981,3.4,3.0,65.0,0.22,57.3
2026-09-20T08:34:16+08:00,FJ-02,981,3.4,3.1,65.0,0.22,57.7
2026-09-20T08:35:16+08:00,FJ-02,981,3.5,3.0,64.9,0.22,57.9
2026-09-20T08:36:16+08:00,FJ-02,981,3.3,3.0,64.2,0.22,57.1
2026-09-20T08:37:16+08:00,FJ-02,980,3.4,3.0,65.3,0.22,57.1
2026-09-20T08:38:16+08:00,FJ-02,982,3.4,3.1,65.4,0.22,58.1
2026-09-20T08:39:16+08:00,FJ-02,981,3.4,3.1,65.1,0.22,57.3
2026-09-20T08:40:16+08:00,FJ-02,982,3.3,3.1,64.7,0.22,57.4
2026-09-20T08:41:16+08:00,FJ-02,980,3.3,3.1,65.1,0.22,58.0
2026-09-20T08:42:16+08:00,FJ-02,981,3.4,3.1,65.0,0.22,57.4
2026-09-20T08:43:16+08:00,FJ-02,980,3.5,3.1,64.8,0.22,57.3
2026-09-20T08:44:16+08:00,FJ-02,981,3.4,3.0,65.3,0.22,57.4
2026-09-20T08:45:16+08:00,FJ-02,982,3.3,3.1,64.7,0.22,57.7
2026-09-20T08:46:16+08:00,FJ-02,980,3.5,3.1,64.6,0.22,57.5
2026-09-20T08:47:16+08:00,FJ-02,981,3.4,3.1,64.7,0.22,57.2
2026-09-20T08:48:16+08:00,FJ-02,980,3.4,3.1,64.8,0.22,57.8
2026-09-20T08:49:16+08:00,FJ-02,981,3.4,3.1,64.3,0.22,57.5
2026-09-20T08:50:16+08:00,FJ-02,981,3.3,3.1,63.9,0.22,58.0
2026-09-20T08:51:16+08:00,FJ-02,982,3.4,3.1,64.4,0.22,56.9
2026-09-20T08:52:16+08:00,FJ-02,982,3.4,3.1,65.6,0.22,57.4
2026-09-20T08:53:16+08:00,FJ-02,982,3.4,3.1,64.6,0.22,57.3
2026-09-20T08:54:16+08:00,FJ-02,981,3.4,3.1,65.1,0.22,57.2
2026-09-20T08:55:16+08:00,FJ-02,982,3.4,3.2,65.5,0.22,57.7
2026-09-20T08:56:16+08:00,FJ-02,981,3.5,3.1,65.3,0.22,57.6
2026-09-20T08:57:16+08:00,FJ-02,981,3.4,3.0,64.6,0.22,57.3
2026-09-20T08:58:16+08:00,FJ-02,982,3.4,3.1,64.6,0.22,57.3
2026-09-20T08:59:16+08:00,FJ-02,982,3.4,3.2,64.7,0.22,57.9
2026-09-20T09:00:16+08:00,FJ-02,982,3.4,3.0,65.2,0.22,57.9
2026-09-20T09:01:16+08:00,FJ-02,981,3.4,3.2,64.8,0.22,57.6
2026-09-20T09:02:16+08:00,FJ-02,981,3.4,3.1,64.4,0.22,57.0
2026-09-20T09:03:16+08:00,FJ-02,981,3.3,3.1,63.4,0.21,57.1
2026-09-20T09:04:16+08:00,FJ-02,981,3.4,3.1,64.6,0.22,57.5
2026-09-20T09:05:16+08:00,FJ-02,981,3.4,3.2,64.2,0.22,57.5
2026-09-20T09:06:16+08:00,FJ-02,982,3.3,3.2,66.1,0.22,57.3
2026-09-20T09:07:16+08:00,FJ-02,979,3.4,3.1,65.2,0.22,57.8
2026-09-20T09:08:16+08:00,FJ-02,982,3.3,3.1,64.8,0.22,57.6
2026-09-20T09:09:16+08:00,FJ-02,982,3.4,3.0,64.8,0.22,57.6
2026-09-20T09:10:16+08:00,FJ-02,980,3.4,3.1,65.3,0.22,56.7
2026-09-20T09:11:16+08:00,FJ-02,982,3.4,3.2,64.1,0.22,57.2
2026-09-20T09:12:16+08:00,FJ-02,981,3.3,3.1,64.9,0.22,57.2
2026-09-20T09:13:16+08:00,FJ-02,980,3.4,3.2,65.0,0.22,57.2
2026-09-20T09:14:16+08:00,FJ-02,979,3.4,3.0,65.0,0.22,57.4
2026-09-20T09:15:16+08:00,FJ-02,981,3.4,3.1,66.0,0.22,57.3
2026-09-20T09:16:16+08:00,FJ-02,980,3.4,3.1,64.4,0.22,57.2
2026-09-20T09:17:16+08:00,FJ-02,979,3.4,3.2,65.2,0.22,57.9
2026-09-20T09:18:16+08:00,FJ-02,980,3.4,3.1,64.6,0.22,57.2
2026-09-20T09:19:16+08:00,FJ-02,983,3.4,3.2,65.5,0.22,57.9
2026-09-20T09:20:16+08:00,FJ-02,982,3.5,3.1,65.1,0.22,57.5
2026-09-20T09:21:16+08:00,FJ-02,981,3.3,3.1,65.7,0.23,57.6
2026-09-20T09:22:16+08:00,FJ-02,980,3.5,3.1,65.3,0.22,57.3
2026-09-20T09:23:16+08:00,FJ-02,980,3.4,3.1,63.8,0.23,57.7
2026-09-20T09:24:16+08:00,FJ-02,982,3.4,3.1,64.2,0.22,57.2
2026-09-20T09:25:16+08:00,FJ-02,981,3.5,3.2,65.1,0.22,57.3
2026-09-20T09:26:16+08:00,FJ-02,979,3.5,3.0,65.2,0.21,58.1
2026-09-20T09:27:16+08:00,FJ-02,980,3.3,3.1,64.7,0.22,57.4
2026-09-20T09:28:16+08:00,FJ-02,981,3.4,3.1,65.1,0.23,57.9
2026-09-20T09:29:16+08:00,FJ-02,981,3.4,3.1,64.6,0.22,57.8
2026-09-20T09:30:16+08:00,FJ-02,981,3.4,3.1,64.4,0.22,57.6
2026-09-20T09:31:16+08:00,FJ-02,982,3.4,3.1,65.2,0.22,57.0
2026-09-20T09:32:16+08:00,FJ-02,979,3.4,3.1,64.4,0.22,57.4
2026-09-20T09:33:16+08:00,FJ-02,981,3.4,3.1,65.5,0.22,56.8
2026-09-20T09:34:16+08:00,FJ-02,982,3.4,3.0,64.4,0.22,57.8
2026-09-20T09:35:16+08:00,FJ-02,980,3.5,3.1,65.6,0.22,58.2
2026-09-20T09:36:16+08:00,FJ-02,981,3.3,3.0,65.7,0.22,57.5
2026-09-20T09:37:16+08:00,FJ-02,981,3.5,3.1,64.9,0.22,57.3
2026-09-20T09:38:16+08:00,FJ-02,981,3.4,3.1,64.8,0.22,57.1
2026-09-20T09:39:16+08:00,FJ-02,980,3.4,3.1,65.9,0.22,57.1
2026-09-20T09:40:16+08:00,FJ-02,980,3.4,3.0,65.2,0.22,57.6
2026-09-20T09:41:16+08:00,FJ-02,982,3.4,3.1,64.4,0.22,57.4
2026-09-20T09:42:16+08:00,FJ-02,980,3.4,3.1,64.5,0.22,56.9
2026-09-20T09:43:16+08:00,FJ-02,981,3.3,3.0,66.1,0.22,57.6
2026-09-20T09:44:16+08:00,FJ-02,979,3.4,3.1,65.0,0.23,57.1
2026-09-20T09:45:16+08:00,FJ-02,981,3.5,3.1,64.8,0.22,56.9
2026-09-20T09:46:16+08:00,FJ-02,980,3.4,3.0,64.7,0.22,57.1
2026-09-20T09:47:16+08:00,FJ-02,982,3.5,3.1,64.8,0.22,57.4
2026-09-20T09:48:16+08:00,FJ-02,981,3.5,3.1,64.7,0.22,58.0
2026-09-20T09:49:16+08:00,FJ-02,981,3.4,3.1,63.9,0.22,57.7
2026-09-20T09:50:16+08:00,FJ-02,980,3.5,3.1,65.0,0.22,57.0
2026-09-20T09:51:16+08:00,FJ-02,982,3.4,3.1,64.3,0.22,57.2
2026-09-20T09:52:16+08:00,FJ-02,982,3.5,3.1,65.7,0.22,57.3
2026-09-20T09:53:16+08:00,FJ-02,981,3.4,3.1,65.2,0.22,57.2
2026-09-20T09:54:16+08:00,FJ-02,982,3.4,3.1,64.1,0.21,58.0
2026-09-20T09:55:16+08:00,FJ-02,981,3.3,3.1,65.0,0.22,57.4
2026-09-20T09:56:16+08:00,FJ-02,981,3.4,3.0,65.3,0.22,57.4
2026-09-20T09:57:16+08:00,FJ-02,982,3.3,3.1,65.2,0.22,57.4
2026-09-20T09:58:16+08:00,FJ-02,981,3.4,3.1,65.1,0.22,57.6
2026-09-20T09:59:16+08:00,FJ-02,981,3.4,3.1,64.2,0.22,57.6
2026-09-20T10:00:16+08:00,FJ-02,983,3.4,3.1,65.3,0.22,57.8
2026-09-20T10:01:16+08:00,FJ-02,981,3.3,3.1,65.1,0.22,57.5
2026-09-20T10:02:16+08:00,FJ-02,981,3.4,3.1,64.7,0.23,57.6
2026-09-20T10:03:16+08:00,FJ-02,981,3.3,3.1,66.5,0.22,57.6
2026-09-20T10:04:16+08:00,FJ-02,981,3.4,3.1,64.6,0.22,57.4
2026-09-20T10:05:16+08:00,FJ-02,981,3.4,3.1,65.0,0.23,57.2
2026-09-20T10:06:16+08:00,FJ-02,981,3.4,3.1,64.5,0.22,57.1
2026-09-20T10:07:16+08:00,FJ-02,982,3.4,3.0,64.7,0.22,57.8
2026-09-20T10:08:16+08:00,FJ-02,984,3.4,3.1,64.9,0.22,57.6
2026-09-20T10:09:16+08:00,FJ-02,981,3.5,3.0,64.9,0.22,56.8
2026-09-20T10:10:16+08:00,FJ-02,981,3.4,3.1,64.9,0.22,56.9
2026-09-20T10:11:16+08:00,FJ-02,981,3.5,3.1,65.4,0.22,57.5
2026-09-20T10:12:16+08:00,FJ-02,982,3.4,3.1,64.6,0.22,57.3
2026-09-20T10:13:16+08:00,FJ-02,982,3.4,3.1,65.0,0.22,57.3
2026-09-20T10:14:16+08:00,FJ-02,981,3.4,3.1,65.1,0.22,56.9
2026-09-20T10:15:16+08:00,FJ-02,980,3.4,3.0,64.6,0.22,56.7
2026-09-20T10:16:16+08:00,FJ-02,981,3.4,3.1,65.4,0.22,57.4
2026-09-20T10:17:16+08:00,FJ-02,980,3.4,3.1,65.7,0.23,57.6
2026-09-20T10:18:16+08:00,FJ-02,981,3.3,3.1,64.9,0.22,57.0
2026-09-20T10:19:16+08:00,FJ-02,982,3.4,3.1,65.1,0.22,57.2
2026-09-20T10:20:16+08:00,FJ-02,982,3.3,3.0,65.1,0.22,57.7
2026-09-20T10:21:16+08:00,FJ-02,980,3.4,3.1,65.6,0.22,57.0
2026-09-20T10:22:16+08:00,FJ-02,981,3.4,3.1,65.3,0.22,57.6
2026-09-20T10:23:16+08:00,FJ-02,981,3.4,3.1,64.6,0.22,57.4
2026-09-20T10:24:16+08:00,FJ-02,982,3.4,3.1,64.8,0.22,57.3
2026-09-20T10:25:16+08:00,FJ-02,982,3.4,3.1,64.7,0.22,57.5
2026-09-20T10:26:16+08:00,FJ-02,981,3.4,3.1,64.6,0.22,57.2
2026-09-20T10:27:16+08:00,FJ-02,979,3.3,3.2,65.3,0.22,57.3
2026-09-20T10:28:16+08:00,FJ-02,980,3.4,3.1,64.3,0.22,57.3
2026-09-20T10:29:16+08:00,FJ-02,981,3.3,3.1,65.1,0.22,57.5
2026-09-20T10:30:16+08:00,FJ-02,979,3.4,3.1,65.0,0.22,57.7
2026-09-20T10:31:16+08:00,FJ-02,980,3.3,3.0,65.2,0.22,57.5
2026-09-20T10:32:16+08:00,FJ-02,980,3.4,3.1,64.8,0.22,57.0
2026-09-20T10:33:16+08:00,FJ-02,980,3.3,3.1,64.6,0.22,58.1
2026-09-20T10:34:16+08:00,FJ-02,981,3.4,3.1,65.3,0.22,57.3
2026-09-20T10:35:16+08:00,FJ-02,981,3.3,3.1,65.0,0.22,57.8
2026-09-20T10:36:16+08:00,FJ-02,980,3.3,3.1,65.5,0.22,57.8
2026-09-20T10:37:16+08:00,FJ-02,981,3.4,3.1,64.8,0.22,56.8
2026-09-20T10:38:16+08:00,FJ-02,981,3.3,3.2,64.4,0.22,57.5
2026-09-20T10:39:16+08:00,FJ-02,980,3.3,3.1,64.5,0.23,57.7
2026-09-20T10:40:16+08:00,FJ-02,981,3.4,3.1,65.5,0.22,57.0
2026-09-20T10:41:16+08:00,FJ-02,982,3.3,3.1,65.9,0.22,57.4
2026-09-20T10:42:16+08:00,FJ-02,981,3.5,3.1,64.8,0.22,58.1
2026-09-20T10:43:16+08:00,FJ-02,983,3.3,3.1,64.9,0.22,57.6
2026-09-20T10:44:16+08:00,FJ-02,980,3.4,3.1,65.2,0.22,57.4
2026-09-20T10:45:16+08:00,FJ-02,982,3.4,3.1,64.9,0.22,57.1
2026-09-20T10:46:16+08:00,FJ-02,982,3.4,3.1,64.1,0.22,57.6
2026-09-20T10:47:16+08:00,FJ-02,981,3.4,3.1,65.1,0.22,57.7
2026-09-20T10:48:16+08:00,FJ-02,980,3.4,3.0,64.9,0.22,57.5
2026-09-20T10:49:16+08:00,FJ-02,981,3.4,3.1,64.9,0.22,57.5
2026-09-20T10:50:16+08:00,FJ-02,982,3.5,3.1,64.7,0.22,57.3
2026-09-20T10:51:16+08:00,FJ-02,981,3.5,3.1,65.2,0.22,57.1
2026-09-20T10:52:16+08:00,FJ-02,982,3.3,3.1,65.9,0.22,56.9
2026-09-20T10:53:16+08:00,FJ-02,980,3.4,3.2,65.6,0.22,57.0
2026-09-20T10:54:16+08:00,FJ-02,980,3.5,3.0,64.2,0.22,57.7
2026-09-20T10:55:16+08:00,FJ-02,980,3.5,3.2,65.4,0.22,57.5
2026-09-20T10:56:16+08:00,FJ-02,982,3.4,3.0,65.3,0.22,57.7
2026-09-20T10:57:16+08:00,FJ-02,981,3.4,3.2,64.4,0.22,57.5
2026-09-20T10:58:16+08:00,FJ-02,980,3.4,3.2,65.0,0.22,57.4
2026-09-20T10:59:16+08:00,FJ-02,981,3.5,3.1,65.0,0.22,57.3
2026-09-20T11:00:16+08:00,FJ-02,982,3.4,3.0,65.3,0.22,57.3
2026-09-20T11:01:16+08:00,FJ-02,982,3.4,3.1,66.4,0.22,57.5
2026-09-20T11:02:16+08:00,FJ-02,981,3.3,3.1,64.9,0.22,57.6
2026-09-20T11:03:16+08:00,FJ-02,979,3.3,3.1,64.7,0.22,57.9
2026-09-20T11:04:16+08:00,FJ-02,980,3.4,3.2,65.1,0.22,57.9
2026-09-20T11:05:16+08:00,FJ-02,980,3.4,3.2,64.9,0.22,58.1
2026-09-20T11:06:16+08:00,FJ-02,980,3.4,3.1,64.4,0.22,57.1
2026-09-20T11:07:16+08:00,FJ-02,980,3.4,3.2,65.2,0.21,57.7
2026-09-20T11:08:16+08:00,FJ-02,981,3.4,3.1,64.0,0.22,57.3
2026-09-20T11:09:16+08:00,FJ-02,981,3.4,3.0,64.9,0.22,57.6
2026-09-20T11:10:16+08:00,FJ-02,982,3.3,3.0,64.9,0.23,57.1
2026-09-20T11:11:16+08:00,FJ-02,982,3.4,3.1,64.9,0.21,57.6
2026-09-20T11:12:16+08:00,FJ-02,980,3.4,3.1,64.5,0.22,57.1
2026-09-20T11:13:16+08:00,FJ-02,980,3.4,3.1,66.0,0.22,57.9
2026-09-20T11:14:16+08:00,FJ-02,982,3.5,3.2,65.0,0.22,56.7
2026-09-20T11:15:16+08:00,FJ-02,981,3.4,3.2,64.4,0.22,57.1
2026-09-20T11:16:16+08:00,FJ-02,980,3.3,3.1,65.2,0.22,57.1
2026-09-20T11:17:16+08:00,FJ-02,981,3.4,3.1,63.8,0.22,57.1
2026-09-20T11:18:16+08:00,FJ-02,981,3.4,3.0,63.7,0.22,57.5
2026-09-20T11:19:16+08:00,FJ-02,982,3.5,3.1,65.6,0.22,57.6
2026-09-20T11:20:16+08:00,FJ-02,979,3.5,3.2,64.5,0.23,57.6
2026-09-17T11:21:16+08:00,FJ-03,988,2.0,2.0,56.1,0.24,41.2
2026-09-17T11:22:16+08:00,FJ-03,989,2.1,1.9,55.6,0.24,40.7
2026-09-17T11:23:16+08:00,FJ-03,989,2.1,1.9,56.6,0.24,41.1
2026-09-17T11:24:16+08:00,FJ-03,988,2.1,2.0,55.8,0.24,40.9
2026-09-17T11:25:16+08:00,FJ-03,989,2.0,2.0,55.9,0.24,40.9
2026-09-17T11:26:16+08:00,FJ-03,989,2.1,2.0,55.5,0.24,40.9
2026-09-17T11:27:16+08:00,FJ-03,989,1.9,2.0,56.5,0.24,40.7
2026-09-17T11:28:16+08:00,FJ-03,988,1.9,2.0,56.5,0.24,41.2
2026-09-17T11:29:16+08:00,FJ-03,989,2.0,1.9,56.1,0.24,40.8
2026-09-17T11:30:16+08:00,FJ-03,991,2.0,2.0,55.8,0.24,41.3
2026-09-17T11:31:16+08:00,FJ-03,989,2.0,1.9,56.4,0.24,41.1
2026-09-17T11:32:16+08:00,FJ-03,989,2.0,2.0,55.8,0.24,40.5
2026-09-17T11:33:16+08:00,FJ-03,990,2.0,2.0,56.1,0.24,41.0
2026-09-17T11:34:16+08:00,FJ-03,989,2.1,1.9,55.7,0.24,41.4
2026-09-17T11:35:16+08:00,FJ-03,988,2.0,2.0,55.9,0.24,41.4
2026-09-17T11:36:16+08:00,FJ-03,990,2.1,2.0,56.0,0.24,40.7
2026-09-17T11:37:16+08:00,FJ-03,990,2.0,1.9,56.4,0.25,41.6
2026-09-17T11:38:16+08:00,FJ-03,989,2.0,2.0,55.3,0.24,41.5
2026-09-17T11:39:16+08:00,FJ-03,989,2.1,1.9,56.2,0.24,41.1
2026-09-17T11:40:16+08:00,FJ-03,989,2.0,2.0,56.0,0.24,40.9
2026-09-17T11:41:16+08:00,FJ-03,988,2.1,1.9,55.7,0.24,41.5
2026-09-17T11:42:16+08:00,FJ-03,989,2.0,1.9,55.8,0.24,41.1
2026-09-17T11:43:16+08:00,FJ-03,989,2.1,2.0,55.9,0.24,41.7
2026-09-17T11:44:16+08:00,FJ-03,989,2.1,1.9,55.9,0.24,41.1
2026-09-17T11:45:16+08:00,FJ-03,989,2.1,1.9,55.5,0.24,41.5
2026-09-17T11:46:16+08:00,FJ-03,988,2.0,1.9,55.2,0.24,40.9
2026-09-17T11:47:16+08:00,FJ-03,989,2.1,2.0,55.7,0.24,41.3
2026-09-17T11:48:16+08:00,FJ-03,990,2.0,2.1,55.4,0.24,40.9
2026-09-17T11:49:16+08:00,FJ-03,990,2.0,2.0,55.8,0.24,40.8
2026-09-17T11:50:16+08:00,FJ-03,990,2.0,2.0,55.8,0.24,41.2
2026-09-17T11:51:16+08:00,FJ-03,991,2.1,2.0,56.0,0.24,41.7
2026-09-17T11:52:16+08:00,FJ-03,988,2.0,1.9,56.6,0.24,41.1
2026-09-17T11:53:16+08:00,FJ-03,989,2.0,2.0,55.7,0.23,40.7
2026-09-17T11:54:16+08:00,FJ-03,989,2.0,2.0,55.8,0.24,41.0
2026-09-17T11:55:16+08:00,FJ-03,988,2.1,1.9,56.2,0.24,41.3
2026-09-17T11:56:16+08:00,FJ-03,989,2.0,1.9,56.6,0.24,40.9
2026-09-17T11:57:16+08:00,FJ-03,989,2.1,1.9,56.8,0.25,41.3
2026-09-17T11:58:16+08:00,FJ-03,990,2.0,1.9,56.2,0.24,41.4
2026-09-17T11:59:16+08:00,FJ-03,989,2.1,1.9,55.3,0.24,41.1
2026-09-17T12:00:16+08:00,FJ-03,989,2.0,1.9,55.9,0.24,41.4
2026-09-17T12:01:16+08:00,FJ-03,989,2.1,2.0,55.9,0.24,41.7
2026-09-17T12:02:16+08:00,FJ-03,987,2.0,1.9,56.3,0.24,40.9
2026-09-17T12:03:16+08:00,FJ-03,988,2.1,1.9,56.0,0.24,41.6
2026-09-17T12:04:16+08:00,FJ-03,988,2.1,1.9,56.1,0.24,41.4
2026-09-17T12:05:16+08:00,FJ-03,989,2.1,1.9,56.0,0.24,41.2
2026-09-17T12:06:16+08:00,FJ-03,989,2.1,1.9,56.2,0.24,40.8
2026-09-17T12:07:16+08:00,FJ-03,989,2.1,2.0,56.4,0.24,41.0
2026-09-17T12:08:16+08:00,FJ-03,990,2.1,2.0,55.9,0.24,40.8
2026-09-17T12:09:16+08:00,FJ-03,988,2.1,2.0,56.1,0.24,40.9
2026-09-17T12:10:16+08:00,FJ-03,989,2.0,2.0,56.0,0.24,41.3
2026-09-17T12:11:16+08:00,FJ-03,991,2.1,2.0,57.0,0.23,40.5
2026-09-17T12:12:16+08:00,FJ-03,989,2.0,2.0,55.9,0.24,40.7
2026-09-17T12:13:16+08:00,FJ-03,989,2.1,2.0,56.4,0.24,41.0
2026-09-17T12:14:16+08:00,FJ-03,989,2.0,2.0,55.5,0.24,40.4
2026-09-17T12:15:16+08:00,FJ-03,989,2.1,1.9,56.2,0.24,40.4
2026-09-17T12:16:16+08:00,FJ-03,990,2.0,1.9,56.6,0.24,41.0
2026-09-17T12:17:16+08:00,FJ-03,988,2.1,2.0,55.3,0.24,41.2
2026-09-17T12:18:16+08:00,FJ-03,989,2.1,2.0,56.2,0.24,41.2
2026-09-17T12:19:16+08:00,FJ-03,989,2.0,1.9,56.7,0.24,41.1
2026-09-17T12:20:16+08:00,FJ-03,989,2.0,1.9,56.2,0.24,41.3
2026-09-17T12:21:16+08:00,FJ-03,987,2.1,1.9,56.1,0.24,41.1
2026-09-17T12:22:16+08:00,FJ-03,989,2.1,1.9,56.1,0.24,41.1
2026-09-17T12:23:16+08:00,FJ-03,990,2.0,2.0,55.3,0.24,40.3
2026-09-17T12:24:16+08:00,FJ-03,989,2.1,2.0,56.2,0.24,41.2
2026-09-17T12:25:16+08:00,FJ-03,989,2.0,2.0,56.6,0.24,41.5
2026-09-17T12:26:16+08:00,FJ-03,989,2.0,2.0,55.6,0.24,41.2
2026-09-17T12:27:16+08:00,FJ-03,990,2.0,2.0,56.4,0.24,40.8
2026-09-17T12:28:16+08:00,FJ-03,990,2.1,1.9,55.9,0.24,41.3
2026-09-17T12:29:16+08:00,FJ-03,989,2.0,2.0,56.5,0.24,40.9
2026-09-17T12:30:16+08:00,FJ-03,989,2.0,1.9,56.1,0.24,40.8
2026-09-17T12:31:16+08:00,FJ-03,989,2.1,1.9,56.1,0.24,41.2
2026-09-17T12:32:16+08:00,FJ-03,990,2.0,1.9,56.3,0.23,41.4
2026-09-17T12:33:16+08:00,FJ-03,989,2.1,2.0,54.8,0.24,41.4
2026-09-17T12:34:16+08:00,FJ-03,988,2.0,2.0,56.5,0.24,40.7
2026-09-17T12:35:16+08:00,FJ-03,988,2.1,1.9,55.9,0.24,41.5
2026-09-17T12:36:16+08:00,FJ-03,989,2.0,1.9,55.8,0.24,40.7
2026-09-17T12:37:16+08:00,FJ-03,989,2.1,2.0,56.3,0.24,40.7
2026-09-17T12:38:16+08:00,FJ-03,989,2.1,2.0,56.0,0.24,41.2
2026-09-17T12:39:16+08:00,FJ-03,988,2.1,2.0,56.7,0.24,41.5
2026-09-17T12:40:16+08:00,FJ-03,991,2.0,1.9,55.4,0.24,41.0
2026-09-17T12:41:16+08:00,FJ-03,990,2.1,2.0,55.9,0.24,41.6
2026-09-17T12:42:16+08:00,FJ-03,989,2.0,1.9,56.4,0.24,41.3
2026-09-17T12:43:16+08:00,FJ-03,990,2.0,2.0,56.4,0.24,40.8
2026-09-17T12:44:16+08:00,FJ-03,989,2.1,1.9,56.1,0.24,40.9
2026-09-17T12:45:16+08:00,FJ-03,988,2.1,1.9,56.5,0.24,41.0
2026-09-17T12:46:16+08:00,FJ-03,990,2.2,1.9,56.2,0.24,41.0
2026-09-17T12:47:16+08:00,FJ-03,990,2.1,1.9,56.0,0.24,40.9
2026-09-17T12:48:16+08:00,FJ-03,987,2.1,1.9,55.8,0.24,40.6
2026-09-17T12:49:16+08:00,FJ-03,988,2.0,2.0,55.6,0.24,41.2
2026-09-17T12:50:16+08:00,FJ-03,990,2.1,1.9,55.4,0.24,41.2
2026-09-17T12:51:16+08:00,FJ-03,988,2.2,1.9,56.1,0.24,41.6
2026-09-17T12:52:16+08:00,FJ-03,988,2.1,1.9,56.0,0.24,41.2
2026-09-17T12:53:16+08:00,FJ-03,990,2.1,2.0,55.7,0.24,40.8
2026-09-17T12:54:16+08:00,FJ-03,989,2.1,1.9,55.4,0.24,41.1
2026-09-17T12:55:16+08:00,FJ-03,988,2.2,1.9,56.4,0.24,40.8
2026-09-17T12:56:16+08:00,FJ-03,989,2.0,2.0,55.7,0.24,40.9
2026-09-17T12:57:16+08:00,FJ-03,990,2.0,2.0,56.3,0.23,41.2
2026-09-17T12:58:16+08:00,FJ-03,990,2.1,1.9,55.1,0.24,40.6
2026-09-17T12:59:16+08:00,FJ-03,990,2.0,1.9,55.9,0.24,40.6
2026-09-17T13:00:16+08:00,FJ-03,989,2.1,1.9,56.2,0.24,40.9
2026-09-17T13:01:16+08:00,FJ-03,989,2.1,1.9,56.3,0.24,40.9
2026-09-17T13:02:16+08:00,FJ-03,988,2.1,2.0,55.5,0.24,41.0
2026-09-17T13:03:16+08:00,FJ-03,987,2.1,2.0,55.8,0.24,40.8
2026-09-17T13:04:16+08:00,FJ-03,988,2.1,1.9,55.5,0.24,41.0
2026-09-17T13:05:16+08:00,FJ-03,989,2.0,1.9,55.4,0.24,41.1
2026-09-17T13:06:16+08:00,FJ-03,991,2.0,1.9,56.8,0.24,40.7
2026-09-17T13:07:16+08:00,FJ-03,987,2.0,1.9,56.2,0.24,41.5
2026-09-17T13:08:16+08:00,FJ-03,989,2.1,2.0,56.6,0.24,41.2
2026-09-17T13:09:16+08:00,FJ-03,989,2.1,2.0,55.6,0.24,40.6
2026-09-17T13:10:16+08:00,FJ-03,988,2.1,2.0,56.3,0.24,40.7
2026-09-17T13:11:16+08:00,FJ-03,990,2.1,1.9,56.1,0.24,41.3
2026-09-17T13:12:16+08:00,FJ-03,988,2.1,1.9,56.1,0.24,41.5
2026-09-17T13:13:16+08:00,FJ-03,988,2.0,2.0,56.7,0.24,41.3
2026-09-17T13:14:16+08:00,FJ-03,990,2.1,1.9,56.1,0.25,41.0
2026-09-17T13:15:16+08:00,FJ-03,989,2.0,2.0,55.8,0.24,41.3
2026-09-17T13:16:16+08:00,FJ-03,990,2.1,1.9,55.8,0.24,40.9
2026-09-17T13:17:16+08:00,FJ-03,989,2.1,1.9,56.1,0.24,41.7
2026-09-17T13:18:16+08:00,FJ-03,988,2.0,2.0,55.9,0.24,41.0
2026-09-17T13:19:16+08:00,FJ-03,990,2.1,1.9,56.0,0.24,40.9
2026-09-17T13:20:16+08:00,FJ-03,990,2.1,2.0,55.8,0.24,41.1
2026-09-17T13:21:16+08:00,FJ-03,989,2.1,1.9,56.6,0.24,41.1
2026-09-17T13:22:16+08:00,FJ-03,989,2.0,2.0,55.7,0.24,41.5
2026-09-17T13:23:16+08:00,FJ-03,987,2.1,1.9,56.4,0.24,41.0
2026-09-17T13:24:16+08:00,FJ-03,989,2.1,2.0,55.9,0.24,40.6
2026-09-17T13:25:16+08:00,FJ-03,989,2.1,2.0,56.0,0.24,40.8
2026-09-17T13:26:16+08:00,FJ-03,990,2.0,2.0,56.2,0.24,41.0
2026-09-17T13:27:16+08:00,FJ-03,990,2.0,1.9,56.1,0.24,40.9
2026-09-17T13:28:16+08:00,FJ-03,990,2.0,2.0,55.8,0.24,40.9
2026-09-17T13:29:16+08:00,FJ-03,989,2.1,2.0,56.0,0.24,41.3
2026-09-17T13:30:16+08:00,FJ-03,989,2.1,2.0,56.3,0.23,40.7
2026-09-17T13:31:16+08:00,FJ-03,989,2.1,1.9,56.2,0.24,41.1
2026-09-17T13:32:16+08:00,FJ-03,990,2.0,2.0,55.3,0.24,40.6
2026-09-17T13:33:16+08:00,FJ-03,988,2.1,2.0,55.6,0.24,40.8
2026-09-17T13:34:16+08:00,FJ-03,990,2.0,1.9,55.7,0.24,40.8
2026-09-17T13:35:16+08:00,FJ-03,989,2.0,2.0,55.7,0.24,40.8
2026-09-17T13:36:16+08:00,FJ-03,989,2.1,1.9,56.3,0.24,41.2
2026-09-17T13:37:16+08:00,FJ-03,989,2.1,1.9,55.5,0.24,41.2
2026-09-17T13:38:16+08:00,FJ-03,989,2.1,2.0,55.5,0.24,41.1
2026-09-17T13:39:16+08:00,FJ-03,989,2.1,1.9,56.1,0.24,41.0
2026-09-17T13:40:16+08:00,FJ-03,990,2.1,2.0,56.8,0.25,41.5
2026-09-17T13:41:16+08:00,FJ-03,989,2.0,1.9,55.7,0.24,41.1
2026-09-17T13:42:16+08:00,FJ-03,989,2.0,1.9,56.2,0.24,41.0
2026-09-17T13:43:16+08:00,FJ-03,989,2.0,2.0,56.0,0.24,40.8
2026-09-17T13:44:16+08:00,FJ-03,989,2.0,2.0,55.9,0.24,41.4
2026-09-17T13:45:16+08:00,FJ-03,988,2.1,1.9,55.3,0.24,41.2
2026-09-17T13:46:16+08:00,FJ-03,988,2.1,1.9,56.3,0.24,41.3
2026-09-17T13:47:16+08:00,FJ-03,989,2.1,1.9,55.9,0.24,41.1
2026-09-17T13:48:16+08:00,FJ-03,989,2.0,1.9,56.1,0.24,40.9
2026-09-17T13:49:16+08:00,FJ-03,989,2.1,2.0,56.0,0.24,41.1
2026-09-17T13:50:16+08:00,FJ-03,987,2.1,2.0,55.9,0.24,41.1
2026-09-17T13:51:16+08:00,FJ-03,988,2.0,2.0,56.9,0.24,41.4
2026-09-17T13:52:16+08:00,FJ-03,989,2.1,2.0,55.7,0.24,40.9
2026-09-17T13:53:16+08:00,FJ-03,990,2.0,1.9,56.0,0.24,41.3
2026-09-17T13:54:16+08:00,FJ-03,989,2.1,2.0,56.3,0.24,40.8
2026-09-17T13:55:16+08:00,FJ-03,990,2.1,2.0,56.5,0.24,41.1
2026-09-17T13:56:16+08:00,FJ-03,990,2.0,2.0,56.2,0.24,41.4
2026-09-17T13:57:16+08:00,FJ-03,989,2.0,2.0,56.0,0.24,41.0
2026-09-17T13:58:16+08:00,FJ-03,991,2.1,2.0,55.8,0.24,41.1
2026-09-17T13:59:16+08:00,FJ-03,990,2.1,2.0,56.2,0.24,40.8
2026-09-17T14:00:16+08:00,FJ-03,990,2.0,2.0,56.5,0.24,41.1
2026-09-17T14:01:16+08:00,FJ-03,989,2.0,2.0,55.9,0.24,40.8
2026-09-17T14:02:16+08:00,FJ-03,989,2.0,2.0,56.1,0.24,41.0
2026-09-17T14:03:16+08:00,FJ-03,989,2.1,1.9,56.9,0.24,40.9
2026-09-17T14:04:16+08:00,FJ-03,989,2.0,2.0,55.9,0.24,41.1
2026-09-17T14:05:16+08:00,FJ-03,989,2.2,1.9,56.3,0.24,40.9
2026-09-17T14:06:16+08:00,FJ-03,988,2.0,2.0,56.2,0.24,40.7
2026-09-17T14:07:16+08:00,FJ-03,989,2.2,1.9,56.2,0.24,41.4
2026-09-17T14:08:16+08:00,FJ-03,989,2.0,2.0,55.5,0.24,41.4
2026-09-17T14:09:16+08:00,FJ-03,990,2.0,2.0,56.1,0.24,41.6
2026-09-17T14:10:16+08:00,FJ-03,988,2.1,1.9,55.2,0.24,41.4
2026-09-17T14:11:16+08:00,FJ-03,987,2.1,2.0,55.9,0.24,40.6
2026-09-17T14:12:16+08:00,FJ-03,989,2.0,2.0,56.0,0.24,41.2
2026-09-17T14:13:16+08:00,FJ-03,989,2.0,2.0,55.9,0.24,41.4
2026-09-17T14:14:16+08:00,FJ-03,989,2.0,2.0,56.2,0.25,41.1
2026-09-17T14:15:16+08:00,FJ-03,990,2.1,2.0,56.8,0.24,41.6
2026-09-17T14:16:16+08:00,FJ-03,989,2.0,2.0,56.6,0.24,40.9
2026-09-17T14:17:16+08:00,FJ-03,989,2.1,2.0,56.2,0.24,41.7
2026-09-17T14:18:16+08:00,FJ-03,989,2.0,1.9,55.3,0.24,40.6
2026-09-17T14:19:16+08:00,FJ-03,990,2.0,2.0,56.0,0.24,40.9
2026-09-17T14:20:16+08:00,FJ-03,990,2.0,1.9,55.9,0.23,41.5
2026-09-17T14:21:16+08:00,FJ-03,988,2.1,2.0,56.5,0.24,41.2
2026-09-17T14:22:16+08:00,FJ-03,990,2.0,2.0,55.9,0.24,40.8
2026-09-17T14:23:16+08:00,FJ-03,988,2.1,2.0,56.9,0.24,40.9
2026-09-17T14:24:16+08:00,FJ-03,988,2.1,2.0,56.7,0.24,40.5
2026-09-17T14:25:16+08:00,FJ-03,989,2.1,2.0,56.4,0.24,40.8
2026-09-17T14:26:16+08:00,FJ-03,990,2.1,1.9,55.6,0.24,41.3
2026-09-17T14:27:16+08:00,FJ-03,989,2.1,2.0,55.9,0.24,41.1
2026-09-17T14:28:16+08:00,FJ-03,990,2.1,2.0,56.4,0.24,40.8
2026-09-17T14:29:16+08:00,FJ-03,988,2.1,2.0,56.2,0.23,41.2
2026-09-17T14:30:16+08:00,FJ-03,990,2.1,2.0,56.5,0.24,41.2
2026-09-17T14:31:16+08:00,FJ-03,988,2.0,2.0,55.8,0.24,41.4
2026-09-17T14:32:16+08:00,FJ-03,989,2.0,2.0,56.7,0.24,41.0
2026-09-17T14:33:16+08:00,FJ-03,990,2.2,2.0,56.5,0.25,41.1
2026-09-17T14:34:16+08:00,FJ-03,991,2.1,1.9,56.1,0.24,40.8
2026-09-17T14:35:16+08:00,FJ-03,988,2.1,2.0,56.0,0.23,41.0
2026-09-17T14:36:16+08:00,FJ-03,989,2.0,2.0,55.8,0.24,41.0
2026-09-17T14:37:16+08:00,FJ-03,990,2.1,1.9,56.6,0.24,41.2
2026-09-17T14:38:16+08:00,FJ-03,989,2.1,1.9,56.1,0.24,41.3
2026-09-17T14:39:16+08:00,FJ-03,989,2.0,2.0,56.2,0.24,40.5
2026-09-17T14:40:16+08:00,FJ-03,989,2.1,2.0,55.8,0.24,41.7
2026-09-17T14:41:16+08:00,FJ-03,990,2.0,2.0,56.6,0.23,40.6
2026-09-17T14:42:16+08:00,FJ-03,989,2.0,2.0,55.6,0.24,41.0
2026-09-17T14:43:16+08:00,FJ-03,991,2.1,1.9,56.3,0.24,40.8
2026-09-17T14:44:16+08:00,FJ-03,990,2.0,1.9,55.9,0.24,41.2
2026-09-17T14:45:16+08:00,FJ-03,989,2.1,1.9,56.2,0.24,41.3
2026-09-17T14:46:16+08:00,FJ-03,988,2.0,2.0,55.9,0.24,41.3
2026-09-17T14:47:16+08:00,FJ-03,989,2.1,1.9,55.8,0.24,40.7
2026-09-17T14:48:16+08:00,FJ-03,989,2.1,2.0,56.3,0.24,41.1
2026-09-17T14:49:16+08:00,FJ-03,990,2.1,1.9,56.1,0.24,41.2
2026-09-17T14:50:16+08:00,FJ-03,988,2.1,2.0,55.7,0.24,41.6
2026-09-17T14:51:16+08:00,FJ-03,990,2.1,2.0,56.2,0.24,40.5
2026-09-17T14:52:16+08:00,FJ-03,989,2.1,2.0,56.1,0.24,41.4
2026-09-17T14:53:16+08:00,FJ-03,989,2.0,2.0,56.0,0.24,41.2
2026-09-17T14:54:16+08:00,FJ-03,988,2.0,1.8,55.3,0.24,41.1
2026-09-17T14:55:16+08:00,FJ-03,989,2.1,2.0,56.9,0.24,40.8
2026-09-17T14:56:16+08:00,FJ-03,989,2.0,1.9,55.8,0.24,40.5
2026-09-17T14:57:16+08:00,FJ-03,990,2.1,1.9,55.9,0.24,41.4
2026-09-17T14:58:16+08:00,FJ-03,990,2.1,1.9,56.6,0.24,40.5
2026-09-17T14:59:16+08:00,FJ-03,990,2.0,2.0,57.0,0.24,41.5
2026-09-17T15:00:16+08:00,FJ-03,991,2.1,1.9,56.9,0.24,41.2
2026-09-17T15:01:16+08:00,FJ-03,988,2.1,1.9,56.1,0.24,40.7
2026-09-17T15:02:16+08:00,FJ-03,990,2.1,1.9,55.8,0.24,41.1
2026-09-17T15:03:16+08:00,FJ-03,989,2.0,2.0,55.5,0.24,41.5
2026-09-17T15:04:16+08:00,FJ-03,989,2.1,2.0,56.3,0.23,41.1
2026-09-17T15:05:16+08:00,FJ-03,988,2.1,2.0,56.7,0.24,40.7
2026-09-17T15:06:16+08:00,FJ-03,989,2.0,1.9,56.0,0.24,41.4
2026-09-17T15:07:16+08:00,FJ-03,990,2.0,2.0,55.9,0.24,41.0
2026-09-17T15:08:16+08:00,FJ-03,989,2.0,2.0,55.7,0.24,40.8
2026-09-17T15:09:16+08:00,FJ-03,990,2.0,2.0,55.6,0.24,40.8
2026-09-17T15:10:16+08:00,FJ-03,989,2.0,2.0,56.0,0.24,40.9
2026-09-17T15:11:16+08:00,FJ-03,989,2.1,2.0,56.5,0.24,40.9
2026-09-17T15:12:16+08:00,FJ-03,988,2.0,1.9,56.9,0.24,41.3
2026-09-17T15:13:16+08:00,FJ-03,989,2.0,1.9,56.6,0.24,41.2
2026-09-17T15:14:16+08:00,FJ-03,988,2.1,2.0,56.1,0.24,40.9
2026-09-17T15:15:16+08:00,FJ-03,988,2.0,2.0,55.9,0.24,41.5
2026-09-17T15:16:16+08:00,FJ-03,989,2.0,2.0,55.9,0.24,40.9
2026-09-17T15:17:16+08:00,FJ-03,990,2.0,1.9,55.9,0.24,41.3
2026-09-17T15:18:16+08:00,FJ-03,989,2.2,2.0,56.2,0.24,41.2
2026-09-17T15:19:16+08:00,FJ-03,990,2.1,2.0,55.9,0.24,41.0
2026-09-17T15:20:16+08:00,FJ-03,989,2.1,2.0,55.7,0.24,41.0
2026-09-17T15:21:16+08:00,FJ-03,989,2.0,2.0,55.9,0.24,41.2
2026-09-17T15:22:16+08:00,FJ-03,990,2.1,2.0,56.3,0.25,41.2
2026-09-17T15:23:16+08:00,FJ-03,988,2.1,1.9,56.3,0.24,41.0
2026-09-17T15:24:16+08:00,FJ-03,990,2.1,2.0,56.6,0.24,41.1
2026-09-17T15:25:16+08:00,FJ-03,989,2.1,1.9,56.0,0.24,40.7
2026-09-17T15:26:16+08:00,FJ-03,991,2.1,1.9,56.3,0.24,41.1
2026-09-17T15:27:16+08:00,FJ-03,989,2.0,1.9,56.4,0.25,41.5
2026-09-17T15:28:16+08:00,FJ-03,990,2.1,2.0,55.9,0.24,41.1
2026-09-17T15:29:16+08:00,FJ-03,990,2.2,2.0,55.2,0.24,41.1
2026-09-17T15:30:16+08:00,FJ-03,990,2.1,2.0,55.7,0.24,41.1
2026-09-17T15:31:16+08:00,FJ-03,989,2.0,2.0,56.4,0.25,41.0
2026-09-17T15:32:16+08:00,FJ-03,989,2.1,2.0,55.4,0.24,41.0
2026-09-17T15:33:16+08:00,FJ-03,990,2.0,2.0,56.1,0.24,41.0
2026-09-17T15:34:16+08:00,FJ-03,989,2.1,2.0,56.9,0.24,41.2
2026-09-17T15:35:16+08:00,FJ-03,990,2.0,1.9,56.9,0.24,41.1
2026-09-17T15:36:16+08:00,FJ-03,989,2.0,1.9,55.6,0.24,41.5
2026-09-17T15:37:16+08:00,FJ-03,989,2.0,1.9,55.5,0.24,41.4
2026-09-17T15:38:16+08:00,FJ-03,989,2.1,2.0,55.8,0.24,41.1
2026-09-17T15:39:16+08:00,FJ-03,990,2.1,2.0,57.2,0.24,41.0
2026-09-17T15:40:16+08:00,FJ-03,989,2.1,2.0,56.3,0.24,41.0
2026-09-17T15:41:16+08:00,FJ-03,989,2.1,2.0,56.6,0.24,41.2
2026-09-17T15:42:16+08:00,FJ-03,988,2.1,2.0,56.0,0.24,41.0
2026-09-17T15:43:16+08:00,FJ-03,988,2.1,2.0,56.2,0.24,41.4
2026-09-17T15:44:16+08:00,FJ-03,989,2.0,2.0,55.9,0.24,41.4
2026-09-17T15:45:16+08:00,FJ-03,989,2.1,2.0,56.4,0.24,41.4
2026-09-17T15:46:16+08:00,FJ-03,990,2.0,2.0,55.6,0.24,40.0
2026-09-17T15:47:16+08:00,FJ-03,989,2.1,2.0,56.1,0.24,41.0
2026-09-17T15:48:16+08:00,FJ-03,988,2.0,1.9,56.4,0.24,41.3
2026-09-17T15:49:16+08:00,FJ-03,990,2.1,2.0,56.2,0.24,40.5
2026-09-17T15:50:16+08:00,FJ-03,990,2.1,2.0,56.6,0.24,41.0
2026-09-17T15:51:16+08:00,FJ-03,989,2.0,2.0,55.5,0.24,41.8
2026-09-17T15:52:16+08:00,FJ-03,988,2.0,2.0,56.5,0.24,41.2
2026-09-17T15:53:16+08:00,FJ-03,989,2.0,1.9,56.5,0.24,40.9
2026-09-17T15:54:16+08:00,FJ-03,987,2.1,1.9,56.2,0.24,40.7
2026-09-17T15:55:16+08:00,FJ-03,990,2.2,2.0,55.8,0.24,41.1
2026-09-17T15:56:16+08:00,FJ-03,988,2.1,2.0,56.2,0.24,41.2
2026-09-17T15:57:16+08:00,FJ-03,989,2.1,2.0,56.3,0.24,40.9
2026-09-17T15:58:16+08:00,FJ-03,989,2.1,2.0,56.2,0.23,41.4
2026-09-17T15:59:16+08:00,FJ-03,989,2.0,2.0,56.1,0.24,40.9
2026-09-17T16:00:16+08:00,FJ-03,989,2.1,2.0,56.4,0.24,41.5
2026-09-17T16:01:16+08:00,FJ-03,989,2.1,1.9,56.2,0.24,41.4
2026-09-17T16:02:16+08:00,FJ-03,988,2.2,2.0,56.1,0.24,41.5
2026-09-17T16:03:16+08:00,FJ-03,989,2.1,1.9,55.7,0.24,41.4
2026-09-17T16:04:16+08:00,FJ-03,990,2.0,2.0,56.6,0.24,41.1
2026-09-17T16:05:16+08:00,FJ-03,991,2.1,2.0,55.8,0.24,41.6
2026-09-17T16:06:16+08:00,FJ-03,988,2.0,1.9,55.6,0.24,41.2
2026-09-17T16:07:16+08:00,FJ-03,989,2.0,2.0,56.0,0.24,41.5
2026-09-17T16:08:16+08:00,FJ-03,990,2.1,1.9,55.8,0.24,41.5
2026-09-17T16:09:16+08:00,FJ-03,988,2.0,2.0,56.7,0.24,41.3
2026-09-17T16:10:16+08:00,FJ-03,988,2.0,2.0,56.3,0.24,41.5
2026-09-17T16:11:16+08:00,FJ-03,988,2.1,1.9,56.3,0.24,41.2
2026-09-17T16:12:16+08:00,FJ-03,990,2.1,1.9,56.1,0.24,40.9
2026-09-17T16:13:16+08:00,FJ-03,990,2.1,2.0,55.5,0.24,41.6
2026-09-17T16:14:16+08:00,FJ-03,991,2.0,2.0,56.7,0.24,40.9
2026-09-17T16:15:16+08:00,FJ-03,988,2.0,2.0,55.4,0.24,40.8
2026-09-17T16:16:16+08:00,FJ-03,989,2.0,2.0,55.6,0.25,41.4
2026-09-17T16:17:16+08:00,FJ-03,987,2.1,1.9,56.2,0.24,41.6
2026-09-17T16:18:16+08:00,FJ-03,988,2.1,1.9,56.5,0.24,41.1
2026-09-17T16:19:16+08:00,FJ-03,990,2.2,2.0,56.2,0.24,41.0
2026-09-17T16:20:16+08:00,FJ-03,988,2.0,2.1,56.2,0.24,41.1
2026-09-17T16:21:16+08:00,FJ-03,989,2.1,2.0,56.6,0.25,41.2
2026-09-17T16:22:16+08:00,FJ-03,989,2.1,1.9,55.9,0.24,41.0
2026-09-17T16:23:16+08:00,FJ-03,989,2.1,2.0,56.0,0.24,40.9
2026-09-17T16:24:16+08:00,FJ-03,989,2.0,2.0,55.6,0.24,41.5
2026-09-17T16:25:16+08:00,FJ-03,989,2.0,1.9,56.7,0.24,41.1
2026-09-17T16:26:16+08:00,FJ-03,989,2.1,1.9,55.7,0.23,41.4
2026-09-17T16:27:16+08:00,FJ-03,989,2.1,2.0,57.2,0.24,41.6
2026-09-17T16:28:16+08:00,FJ-03,989,2.0,1.9,56.5,0.24,41.3
2026-09-17T16:29:16+08:00,FJ-03,988,2.0,1.9,56.5,0.24,41.2
2026-09-17T16:30:16+08:00,FJ-03,989,2.1,1.9,55.7,0.25,40.9
2026-09-17T16:31:16+08:00,FJ-03,990,2.1,1.9,56.4,0.23,41.6
2026-09-17T16:32:16+08:00,FJ-03,990,2.1,2.0,55.9,0.25,41.1
2026-09-17T16:33:16+08:00,FJ-03,989,2.0,2.0,56.2,0.24,41.2
2026-09-17T16:34:16+08:00,FJ-03,989,2.1,2.0,56.3,0.24,41.4
2026-09-17T16:35:16+08:00,FJ-03,989,2.1,2.0,55.9,0.24,41.2
2026-09-17T16:36:16+08:00,FJ-03,989,2.1,2.0,56.9,0.23,41.2
2026-09-17T16:37:16+08:00,FJ-03,989,2.1,1.9,56.6,0.24,41.0
2026-09-17T16:38:16+08:00,FJ-03,989,2.1,2.0,56.0,0.24,40.9
2026-09-17T16:39:16+08:00,FJ-03,990,2.1,1.9,56.5,0.24,41.0
2026-09-17T16:40:16+08:00,FJ-03,990,2.0,2.0,56.8,0.24,41.3
2026-09-17T16:41:16+08:00,FJ-03,990,2.1,1.9,57.1,0.24,41.2
2026-09-17T16:42:16+08:00,FJ-03,990,2.1,1.9,56.2,0.24,40.5
2026-09-17T16:43:16+08:00,FJ-03,988,2.1,1.9,56.4,0.24,41.2
2026-09-17T16:44:16+08:00,FJ-03,990,2.1,2.0,56.1,0.24,41.4
2026-09-17T16:45:16+08:00,FJ-03,989,2.1,2.0,55.6,0.25,41.1
2026-09-17T16:46:16+08:00,FJ-03,990,2.1,2.0,56.3,0.24,41.2
2026-09-17T16:47:16+08:00,FJ-03,989,2.1,2.0,56.4,0.25,41.0
2026-09-17T16:48:16+08:00,FJ-03,990,2.0,1.9,56.5,0.24,41.3
2026-09-17T16:49:16+08:00,FJ-03,989,2.0,2.0,55.9,0.24,41.0
2026-09-17T16:50:16+08:00,FJ-03,989,2.1,2.0,56.2,0.24,40.4
2026-09-17T16:51:16+08:00,FJ-03,988,2.1,1.9,56.5,0.24,41.4
2026-09-17T16:52:16+08:00,FJ-03,989,2.0,2.0,56.3,0.24,41.2
2026-09-17T16:53:16+08:00,FJ-03,989,2.1,2.0,56.6,0.24,41.6
2026-09-17T16:54:16+08:00,FJ-03,989,2.0,2.1,56.3,0.24,41.0
2026-09-17T16:55:16+08:00,FJ-03,989,2.1,1.9,56.2,0.24,41.0
2026-09-17T16:56:16+08:00,FJ-03,988,2.1,2.0,56.0,0.24,41.2
2026-09-17T16:57:16+08:00,FJ-03,989,2.1,2.0,56.1,0.24,41.2
2026-09-17T16:58:16+08:00,FJ-03,989,2.0,1.9,56.5,0.24,41.4
2026-09-17T16:59:16+08:00,FJ-03,990,2.1,1.9,55.8,0.24,41.2
2026-09-17T17:00:16+08:00,FJ-03,988,2.0,2.0,56.3,0.24,41.5
2026-09-17T17:01:16+08:00,FJ-03,989,2.0,2.0,56.2,0.24,41.1
2026-09-17T17:02:16+08:00,FJ-03,989,2.1,2.0,56.5,0.24,41.5
2026-09-17T17:03:16+08:00,FJ-03,988,2.1,2.0,56.5,0.24,41.1
2026-09-17T17:04:16+08:00,FJ-03,989,2.0,2.0,56.3,0.24,41.3
2026-09-17T17:05:16+08:00,FJ-03,988,2.1,1.9,56.0,0.24,41.4
2026-09-17T17:06:16+08:00,FJ-03,990,2.0,2.0,55.9,0.24,40.9
2026-09-17T17:07:16+08:00,FJ-03,989,2.1,1.9,56.1,0.24,41.3
2026-09-17T17:08:16+08:00,FJ-03,988,2.0,2.0,56.6,0.24,40.9
2026-09-17T17:09:16+08:00,FJ-03,988,2.1,1.9,55.5,0.24,41.0
2026-09-17T17:10:16+08:00,FJ-03,990,2.0,1.9,56.1,0.24,41.2
2026-09-17T17:11:16+08:00,FJ-03,989,2.0,1.9,56.6,0.24,41.5
2026-09-17T17:12:16+08:00,FJ-03,988,2.1,2.0,56.2,0.24,41.5
2026-09-17T17:13:16+08:00,FJ-03,990,2.0,1.9,56.8,0.24,41.0
2026-09-17T17:14:16+08:00,FJ-03,990,2.0,2.0,56.7,0.24,41.8
2026-09-17T17:15:16+08:00,FJ-03,989,2.1,2.0,56.4,0.24,41.0
2026-09-17T17:16:16+08:00,FJ-03,988,2.1,2.0,56.0,0.24,41.0
2026-09-17T17:17:16+08:00,FJ-03,989,2.0,2.0,56.1,0.24,40.9
2026-09-17T17:18:16+08:00,FJ-03,988,2.1,2.0,56.8,0.24,41.3
2026-09-17T17:19:16+08:00,FJ-03,989,2.0,2.0,57.2,0.24,41.4
2026-09-17T17:20:16+08:00,FJ-03,988,2.1,2.0,55.9,0.24,40.9
2026-09-17T17:21:16+08:00,FJ-03,989,2.1,1.9,56.6,0.23,41.6
2026-09-17T17:22:16+08:00,FJ-03,989,2.1,1.9,56.6,0.24,41.2
2026-09-17T17:23:16+08:00,FJ-03,988,2.1,2.0,56.7,0.25,41.2
2026-09-17T17:24:16+08:00,FJ-03,988,2.1,2.0,56.4,0.24,41.2
2026-09-17T17:25:16+08:00,FJ-03,989,2.1,2.0,56.5,0.24,41.3
2026-09-17T17:26:16+08:00,FJ-03,990,2.1,1.9,55.7,0.23,41.0
2026-09-17T17:27:16+08:00,FJ-03,989,2.0,1.9,57.1,0.24,40.9
2026-09-17T17:28:16+08:00,FJ-03,988,2.0,2.0,56.0,0.24,41.0
2026-09-17T17:29:16+08:00,FJ-03,989,2.1,1.9,56.4,0.24,41.0
2026-09-17T17:30:16+08:00,FJ-03,988,2.0,2.0,56.5,0.24,41.3
2026-09-17T17:31:16+08:00,FJ-03,990,2.0,2.0,56.5,0.24,41.2
2026-09-17T17:32:16+08:00,FJ-03,989,2.0,2.0,56.2,0.24,41.2
2026-09-17T17:33:16+08:00,FJ-03,989,2.0,2.1,56.2,0.24,41.4
2026-09-17T17:34:16+08:00,FJ-03,990,2.1,1.9,55.8,0.24,41.5
2026-09-17T17:35:16+08:00,FJ-03,988,2.0,2.0,55.8,0.25,41.2
2026-09-17T17:36:16+08:00,FJ-03,989,2.0,1.9,56.4,0.24,40.9
2026-09-17T17:37:16+08:00,FJ-03,989,2.0,1.9,55.6,0.25,41.4
2026-09-17T17:38:16+08:00,FJ-03,989,2.1,2.0,56.7,0.24,41.6
2026-09-17T17:39:16+08:00,FJ-03,990,2.1,2.0,56.1,0.24,41.3
2026-09-17T17:40:16+08:00,FJ-03,989,2.0,2.0,55.6,0.24,41.6
2026-09-17T17:41:16+08:00,FJ-03,990,2.1,2.0,56.8,0.24,41.1
2026-09-17T17:42:16+08:00,FJ-03,989,2.0,2.0,56.6,0.24,41.0
2026-09-17T17:43:16+08:00,FJ-03,990,2.1,2.0,56.4,0.25,40.8
2026-09-17T17:44:16+08:00,FJ-03,989,2.1,2.0,56.5,0.24,40.7
2026-09-17T17:45:16+08:00,FJ-03,989,2.0,2.0,56.4,0.24,41.2
2026-09-17T17:46:16+08:00,FJ-03,990,2.1,2.0,55.7,0.24,41.4
2026-09-17T17:47:16+08:00,FJ-03,990,2.1,2.0,56.5,0.24,40.8
2026-09-17T17:48:16+08:00,FJ-03,989,2.1,1.9,55.9,0.25,41.6
2026-09-17T17:49:16+08:00,FJ-03,989,2.1,2.0,56.2,0.24,41.3
2026-09-17T17:50:16+08:00,FJ-03,988,2.1,2.0,56.5,0.24,41.4
2026-09-17T17:51:16+08:00,FJ-03,987,2.1,2.0,56.6,0.24,41.4
2026-09-17T17:52:16+08:00,FJ-03,991,2.0,1.9,56.8,0.24,41.1
2026-09-17T17:53:16+08:00,FJ-03,989,2.1,2.0,57.0,0.25,41.8
2026-09-17T17:54:16+08:00,FJ-03,988,2.1,1.9,56.4,0.24,40.8
2026-09-17T17:55:16+08:00,FJ-03,990,2.0,1.9,56.8,0.24,41.5
2026-09-17T17:56:16+08:00,FJ-03,990,2.1,1.9,56.4,0.24,41.3
2026-09-17T17:57:16+08:00,FJ-03,988,2.1,2.0,56.2,0.24,41.2
2026-09-17T17:58:16+08:00,FJ-03,989,2.1,1.9,56.0,0.24,41.0
2026-09-17T17:59:16+08:00,FJ-03,988,2.1,2.0,55.5,0.24,41.2
2026-09-17T18:00:16+08:00,FJ-03,989,2.1,2.0,56.7,0.24,41.4
2026-09-17T18:01:16+08:00,FJ-03,990,2.1,2.0,56.6,0.24,41.1
2026-09-17T18:02:16+08:00,FJ-03,990,2.1,2.0,55.8,0.24,41.2
2026-09-17T18:03:16+08:00,FJ-03,989,2.1,2.0,56.3,0.23,40.9
2026-09-17T18:04:16+08:00,FJ-03,989,2.1,1.9,56.2,0.25,41.8
2026-09-17T18:05:16+08:00,FJ-03,990,2.1,2.0,56.4,0.24,40.9
2026-09-17T18:06:16+08:00,FJ-03,990,2.1,2.0,55.9,0.24,41.0
2026-09-17T18:07:16+08:00,FJ-03,990,2.0,2.0,56.7,0.24,41.5
2026-09-17T18:08:16+08:00,FJ-03,989,2.0,2.0,57.2,0.24,42.1
2026-09-17T18:09:16+08:00,FJ-03,989,2.1,2.0,55.6,0.24,40.5
2026-09-17T18:10:16+08:00,FJ-03,990,2.1,1.9,56.0,0.24,41.0
2026-09-17T18:11:16+08:00,FJ-03,988,2.1,2.0,56.0,0.24,41.2
2026-09-17T18:12:16+08:00,FJ-03,990,2.1,1.9,56.6,0.24,41.3
2026-09-17T18:13:16+08:00,FJ-03,990,2.1,1.9,55.6,0.24,41.2
2026-09-17T18:14:16+08:00,FJ-03,990,2.1,1.9,56.7,0.25,41.7
2026-09-17T18:15:16+08:00,FJ-03,990,2.0,2.0,56.5,0.24,41.5
2026-09-17T18:16:16+08:00,FJ-03,988,2.2,2.0,56.8,0.24,41.3
2026-09-17T18:17:16+08:00,FJ-03,989,2.1,2.0,55.9,0.24,41.5
2026-09-17T18:18:16+08:00,FJ-03,990,2.1,1.9,56.2,0.24,41.0
2026-09-17T18:19:16+08:00,FJ-03,988,2.1,2.0,56.6,0.24,41.6
2026-09-17T18:20:16+08:00,FJ-03,989,2.1,2.0,56.3,0.24,41.6
2026-09-17T18:21:16+08:00,FJ-03,988,2.1,2.0,56.2,0.24,41.8
2026-09-17T18:22:16+08:00,FJ-03,989,2.1,2.0,55.8,0.25,41.5
2026-09-17T18:23:16+08:00,FJ-03,990,2.0,2.0,56.4,0.24,41.5
2026-09-17T18:24:16+08:00,FJ-03,989,2.1,2.0,56.2,0.24,41.3
2026-09-17T18:25:16+08:00,FJ-03,989,2.1,2.0,56.8,0.24,40.7
2026-09-17T18:26:16+08:00,FJ-03,989,2.0,1.9,56.1,0.24,41.3
2026-09-17T18:27:16+08:00,FJ-03,989,2.0,2.0,56.6,0.24,40.9
2026-09-17T18:28:16+08:00,FJ-03,991,2.1,1.9,56.3,0.24,41.2
2026-09-17T18:29:16+08:00,FJ-03,988,2.0,2.0,56.5,0.24,41.4
2026-09-17T18:30:16+08:00,FJ-03,989,2.0,2.0,57.1,0.24,40.5
2026-09-17T18:31:16+08:00,FJ-03,988,2.1,1.9,56.8,0.24,41.2
2026-09-17T18:32:16+08:00,FJ-03,989,2.1,2.0,56.3,0.24,40.8
2026-09-17T18:33:16+08:00,FJ-03,990,2.1,1.9,56.6,0.25,41.0
2026-09-17T18:34:16+08:00,FJ-03,990,2.1,2.0,56.3,0.24,41.0
2026-09-17T18:35:16+08:00,FJ-03,988,2.1,2.0,56.5,0.24,40.8
2026-09-17T18:36:16+08:00,FJ-03,988,2.1,1.9,55.3,0.24,41.8
2026-09-17T18:37:16+08:00,FJ-03,990,2.1,2.0,56.4,0.24,40.8
2026-09-17T18:38:16+08:00,FJ-03,990,2.1,1.9,56.9,0.24,41.0
2026-09-17T18:39:16+08:00,FJ-03,990,2.0,1.9,55.7,0.24,41.2
2026-09-17T18:40:16+08:00,FJ-03,990,2.0,1.9,55.8,0.24,40.8
2026-09-17T18:41:16+08:00,FJ-03,990,2.1,2.0,56.3,0.24,41.7
2026-09-17T18:42:16+08:00,FJ-03,989,2.1,2.0,55.9,0.24,41.7
2026-09-17T18:43:16+08:00,FJ-03,989,2.1,1.9,56.8,0.24,41.4
2026-09-17T18:44:16+08:00,FJ-03,989,2.1,1.9,56.7,0.24,41.3
2026-09-17T18:45:16+08:00,FJ-03,990,2.1,1.9,56.4,0.24,41.2
2026-09-17T18:46:16+08:00,FJ-03,990,2.1,2.0,56.4,0.24,40.7
2026-09-17T18:47:16+08:00,FJ-03,989,2.1,2.0,56.9,0.24,41.1
2026-09-17T18:48:16+08:00,FJ-03,988,2.1,2.0,56.1,0.24,40.8
2026-09-17T18:49:16+08:00,FJ-03,988,2.1,2.0,55.9,0.24,41.3
2026-09-17T18:50:16+08:00,FJ-03,989,2.1,1.9,56.3,0.24,40.4
2026-09-17T18:51:16+08:00,FJ-03,988,2.1,2.0,56.4,0.24,41.5
2026-09-17T18:52:16+08:00,FJ-03,988,2.1,2.0,56.3,0.25,41.0
2026-09-17T18:53:16+08:00,FJ-03,990,2.1,2.0,56.7,0.24,41.3
2026-09-17T18:54:16+08:00,FJ-03,990,2.0,1.9,55.9,0.24,41.4
2026-09-17T18:55:16+08:00,FJ-03,988,2.1,2.0,56.3,0.24,41.8
2026-09-17T18:56:16+08:00,FJ-03,989,2.1,2.0,57.0,0.25,40.7
2026-09-17T18:57:16+08:00,FJ-03,990,2.0,2.0,56.2,0.24,41.1
2026-09-17T18:58:16+08:00,FJ-03,988,2.1,2.0,56.6,0.24,40.8
2026-09-17T18:59:16+08:00,FJ-03,989,2.1,2.0,56.7,0.24,41.1
2026-09-17T19:00:16+08:00,FJ-03,989,2.1,2.0,56.3,0.24,41.2
2026-09-17T19:01:16+08:00,FJ-03,987,2.0,2.0,56.8,0.25,40.4
2026-09-17T19:02:16+08:00,FJ-03,990,2.0,2.0,56.3,0.24,41.5
2026-09-17T19:03:16+08:00,FJ-03,988,2.1,1.9,56.7,0.24,41.6
2026-09-17T19:04:16+08:00,FJ-03,989,2.1,1.9,56.4,0.24,41.1
2026-09-17T19:05:16+08:00,FJ-03,990,2.2,2.0,56.5,0.24,41.4
2026-09-17T19:06:16+08:00,FJ-03,989,2.1,2.0,56.5,0.24,41.3
2026-09-17T19:07:16+08:00,FJ-03,989,2.1,2.0,56.0,0.24,41.5
2026-09-17T19:08:16+08:00,FJ-03,988,2.1,2.0,56.5,0.24,40.9
2026-09-17T19:09:16+08:00,FJ-03,990,2.1,1.9,56.1,0.24,41.4
2026-09-17T19:10:16+08:00,FJ-03,990,2.1,2.0,56.1,0.24,41.4
2026-09-17T19:11:16+08:00,FJ-03,989,2.1,1.9,56.7,0.24,41.1
2026-09-17T19:12:16+08:00,FJ-03,990,2.0,2.0,55.8,0.24,41.2
2026-09-17T19:13:16+08:00,FJ-03,991,2.1,1.9,56.4,0.24,41.2
2026-09-17T19:14:16+08:00,FJ-03,989,2.0,2.0,56.5,0.24,41.2
2026-09-17T19:15:16+08:00,FJ-03,990,2.1,2.0,57.4,0.24,41.6
2026-09-17T19:16:16+08:00,FJ-03,989,2.0,1.9,56.8,0.24,41.6
2026-09-17T19:17:16+08:00,FJ-03,990,2.1,1.9,56.0,0.24,42.1
2026-09-17T19:18:16+08:00,FJ-03,989,2.1,1.9,56.5,0.24,41.5
2026-09-17T19:19:16+08:00,FJ-03,990,2.1,2.0,56.5,0.24,41.2
2026-09-17T19:20:16+08:00,FJ-03,989,2.1,2.0,56.6,0.24,40.9
2026-09-17T19:21:16+08:00,FJ-03,988,2.1,2.0,56.8,0.24,41.1
2026-09-17T19:22:16+08:00,FJ-03,989,2.1,2.0,56.4,0.24,41.6
2026-09-17T19:23:16+08:00,FJ-03,990,2.1,2.0,56.6,0.24,41.2
2026-09-17T19:24:16+08:00,FJ-03,989,2.0,2.0,56.0,0.24,41.3
2026-09-17T19:25:16+08:00,FJ-03,988,2.0,1.9,56.1,0.24,40.4
2026-09-17T19:26:16+08:00,FJ-03,990,2.0,2.0,56.4,0.23,41.6
2026-09-17T19:27:16+08:00,FJ-03,989,2.1,2.0,56.3,0.24,40.4
2026-09-17T19:28:16+08:00,FJ-03,990,2.0,2.1,56.4,0.24,40.9
2026-09-17T19:29:16+08:00,FJ-03,990,2.1,1.9,56.4,0.24,40.7
2026-09-17T19:30:16+08:00,FJ-03,988,2.1,2.0,56.0,0.24,41.4
2026-09-17T19:31:16+08:00,FJ-03,990,2.1,2.1,56.2,0.24,41.4
2026-09-17T19:32:16+08:00,FJ-03,990,2.1,2.0,56.6,0.24,41.1
2026-09-17T19:33:16+08:00,FJ-03,990,2.1,2.0,56.5,0.24,41.3
2026-09-17T19:34:16+08:00,FJ-03,991,2.1,2.0,56.3,0.24,41.7
2026-09-17T19:35:16+08:00,FJ-03,988,2.1,2.0,56.2,0.24,41.4
2026-09-17T19:36:16+08:00,FJ-03,990,2.2,2.0,55.8,0.24,41.4
2026-09-17T19:37:16+08:00,FJ-03,989,2.2,1.9,56.4,0.24,40.9
2026-09-17T19:38:16+08:00,FJ-03,988,2.1,2.0,56.8,0.24,41.6
2026-09-17T19:39:16+08:00,FJ-03,989,2.1,2.0,55.9,0.24,41.3
2026-09-17T19:40:16+08:00,FJ-03,990,2.1,2.0,56.8,0.24,41.2
2026-09-17T19:41:16+08:00,FJ-03,989,2.0,1.9,56.8,0.24,41.4
2026-09-17T19:42:16+08:00,FJ-03,989,2.1,1.9,55.9,0.24,40.7
2026-09-17T19:43:16+08:00,FJ-03,990,2.1,1.9,56.1,0.24,41.3
2026-09-17T19:44:16+08:00,FJ-03,990,2.2,2.0,56.8,0.24,41.5
2026-09-17T19:45:16+08:00,FJ-03,989,2.1,2.0,56.1,0.24,40.3
2026-09-17T19:46:16+08:00,FJ-03,989,2.0,2.0,56.6,0.24,41.5
2026-09-17T19:47:16+08:00,FJ-03,989,2.1,2.0,56.3,0.24,41.1
2026-09-17T19:48:16+08:00,FJ-03,991,2.0,1.9,55.3,0.24,41.2
2026-09-17T19:49:16+08:00,FJ-03,989,2.1,2.0,56.9,0.24,41.1
2026-09-17T19:50:16+08:00,FJ-03,988,2.1,1.9,56.7,0.24,41.2
2026-09-17T19:51:16+08:00,FJ-03,990,2.1,2.0,56.7,0.24,41.2
2026-09-17T19:52:16+08:00,FJ-03,989,2.1,2.0,55.8,0.24,41.5
2026-09-17T19:53:16+08:00,FJ-03,988,2.1,2.0,56.4,0.24,41.0
2026-09-17T19:54:16+08:00,FJ-03,989,2.0,2.0,55.5,0.24,41.2
2026-09-17T19:55:16+08:00,FJ-03,991,2.1,1.9,56.4,0.24,41.2
2026-09-17T19:56:16+08:00,FJ-03,990,2.0,2.0,56.7,0.24,41.4
2026-09-17T19:57:16+08:00,FJ-03,990,2.1,2.0,56.0,0.24,41.9
2026-09-17T19:58:16+08:00,FJ-03,990,2.0,2.0,56.1,0.24,41.6
2026-09-17T19:59:16+08:00,FJ-03,990,2.1,2.0,56.0,0.24,41.3
2026-09-17T20:00:16+08:00,FJ-03,989,2.1,1.9,56.3,0.24,41.3
2026-09-17T20:01:16+08:00,FJ-03,989,2.1,2.0,56.7,0.24,40.9
2026-09-17T20:02:16+08:00,FJ-03,988,2.0,2.0,56.4,0.24,41.6
2026-09-17T20:03:16+08:00,FJ-03,989,2.1,2.0,56.8,0.24,41.3
2026-09-17T20:04:16+08:00,FJ-03,989,2.1,2.0,56.4,0.24,41.2
2026-09-17T20:05:16+08:00,FJ-03,988,2.1,1.9,56.1,0.24,40.8
2026-09-17T20:06:16+08:00,FJ-03,990,2.0,2.0,56.1,0.25,40.9
2026-09-17T20:07:16+08:00,FJ-03,990,2.1,2.0,56.6,0.24,41.1
2026-09-17T20:08:16+08:00,FJ-03,988,2.1,1.9,55.5,0.24,41.3
2026-09-17T20:09:16+08:00,FJ-03,991,2.1,2.0,55.8,0.24,41.6
2026-09-17T20:10:16+08:00,FJ-03,989,2.0,2.0,56.4,0.24,41.6
2026-09-17T20:11:16+08:00,FJ-03,989,2.1,2.0,56.1,0.25,41.9
2026-09-17T20:12:16+08:00,FJ-03,991,2.1,2.0,56.8,0.23,41.1
2026-09-17T20:13:16+08:00,FJ-03,991,2.1,2.0,56.5,0.24,41.6
2026-09-17T20:14:16+08:00,FJ-03,989,2.1,2.1,56.4,0.24,41.5
2026-09-17T20:15:16+08:00,FJ-03,989,2.1,2.0,57.0,0.25,41.3
2026-09-17T20:16:16+08:00,FJ-03,989,2.1,2.0,56.1,0.25,40.8
2026-09-17T20:17:16+08:00,FJ-03,990,2.1,2.0,55.5,0.24,40.8
2026-09-17T20:18:16+08:00,FJ-03,989,2.1,2.0,55.9,0.24,40.6
2026-09-17T20:19:16+08:00,FJ-03,990,2.1,2.0,57.0,0.24,41.5
2026-09-17T20:20:16+08:00,FJ-03,990,2.1,2.0,56.6,0.24,41.2
2026-09-17T20:21:16+08:00,FJ-03,990,2.1,2.0,55.8,0.24,41.0
2026-09-17T20:22:16+08:00,FJ-03,989,2.1,2.0,55.6,0.24,40.8
2026-09-17T20:23:16+08:00,FJ-03,990,2.1,2.0,57.0,0.24,41.3
2026-09-17T20:24:16+08:00,FJ-03,988,2.0,2.0,56.2,0.24,41.1
2026-09-17T20:25:16+08:00,FJ-03,990,2.1,2.0,56.1,0.24,41.2
2026-09-17T20:26:16+08:00,FJ-03,988,2.1,1.9,56.0,0.24,41.2
2026-09-17T20:27:16+08:00,FJ-03,990,2.2,2.0,56.3,0.24,41.1
2026-09-17T20:28:16+08:00,FJ-03,990,2.1,2.0,56.4,0.25,40.6
2026-09-17T20:29:16+08:00,FJ-03,990,2.1,2.0,56.7,0.24,41.1
2026-09-17T20:30:16+08:00,FJ-03,989,2.1,2.0,56.6,0.24,41.5
2026-09-17T20:31:16+08:00,FJ-03,990,2.1,1.9,56.7,0.24,40.9
2026-09-17T20:32:16+08:00,FJ-03,989,2.0,2.0,57.0,0.24,41.3
2026-09-17T20:33:16+08:00,FJ-03,990,2.1,2.0,56.6,0.24,41.1
2026-09-17T20:34:16+08:00,FJ-03,990,2.1,2.0,57.2,0.24,41.1
2026-09-17T20:35:16+08:00,FJ-03,990,2.0,2.0,56.5,0.23,41.2
2026-09-17T20:36:16+08:00,FJ-03,988,2.1,2.0,56.9,0.25,41.8
2026-09-17T20:37:16+08:00,FJ-03,989,2.0,1.9,56.3,0.24,40.8
2026-09-17T20:38:16+08:00,FJ-03,990,2.1,2.0,56.3,0.23,41.7
2026-09-17T20:39:16+08:00,FJ-03,989,2.0,1.9,56.2,0.24,41.7
2026-09-17T20:40:16+08:00,FJ-03,989,2.1,2.0,57.1,0.24,41.5
2026-09-17T20:41:16+08:00,FJ-03,989,2.1,2.0,56.7,0.24,41.1
2026-09-17T20:42:16+08:00,FJ-03,988,2.1,2.0,57.0,0.24,41.2
2026-09-17T20:43:16+08:00,FJ-03,988,2.1,2.1,56.5,0.24,41.9
2026-09-17T20:44:16+08:00,FJ-03,989,2.1,2.1,56.4,0.24,41.4
2026-09-17T20:45:16+08:00,FJ-03,990,2.1,2.0,56.8,0.24,41.3
2026-09-17T20:46:16+08:00,FJ-03,988,2.1,1.9,55.8,0.24,41.2
2026-09-17T20:47:16+08:00,FJ-03,988,2.1,2.0,56.5,0.24,41.2
2026-09-17T20:48:16+08:00,FJ-03,990,2.1,1.9,56.6,0.24,41.7
2026-09-17T20:49:16+08:00,FJ-03,988,2.1,1.9,56.9,0.24,41.2
2026-09-17T20:50:16+08:00,FJ-03,990,2.1,2.0,57.1,0.24,41.3
2026-09-17T20:51:16+08:00,FJ-03,991,2.1,2.0,57.5,0.24,41.6
2026-09-17T20:52:16+08:00,FJ-03,988,2.1,2.0,56.4,0.24,41.7
2026-09-17T20:53:16+08:00,FJ-03,990,2.0,2.0,56.2,0.24,40.7
2026-09-17T20:54:16+08:00,FJ-03,989,2.1,1.9,56.6,0.24,41.3
2026-09-17T20:55:16+08:00,FJ-03,989,2.1,2.0,56.2,0.24,41.0
2026-09-17T20:56:16+08:00,FJ-03,991,2.1,2.0,56.3,0.24,41.6
2026-09-17T20:57:16+08:00,FJ-03,988,2.1,1.9,56.8,0.24,41.4
2026-09-17T20:58:16+08:00,FJ-03,990,2.1,2.0,56.5,0.25,41.4
2026-09-17T20:59:16+08:00,FJ-03,989,2.1,1.9,56.6,0.24,41.3
2026-09-17T21:00:16+08:00,FJ-03,989,2.1,2.0,56.3,0.24,41.7
2026-09-17T21:01:16+08:00,FJ-03,989,2.1,2.1,56.2,0.24,40.9
2026-09-17T21:02:16+08:00,FJ-03,990,2.1,2.1,56.5,0.24,41.2
2026-09-17T21:03:16+08:00,FJ-03,988,2.0,1.9,56.3,0.25,41.2
2026-09-17T21:04:16+08:00,FJ-03,989,2.1,2.0,56.9,0.24,41.0
2026-09-17T21:05:16+08:00,FJ-03,991,2.1,2.0,56.6,0.24,41.5
2026-09-17T21:06:16+08:00,FJ-03,988,2.1,2.0,57.0,0.23,41.4
2026-09-17T21:07:16+08:00,FJ-03,990,2.1,2.0,56.1,0.24,41.3
2026-09-17T21:08:16+08:00,FJ-03,988,2.1,2.0,56.5,0.24,41.2
2026-09-17T21:09:16+08:00,FJ-03,988,2.1,2.0,56.0,0.24,41.6
2026-09-17T21:10:16+08:00,FJ-03,990,2.1,2.1,56.3,0.24,41.6
2026-09-17T21:11:16+08:00,FJ-03,989,2.1,2.0,56.7,0.24,41.7
2026-09-17T21:12:16+08:00,FJ-03,989,2.1,2.0,56.4,0.24,41.4
2026-09-17T21:13:16+08:00,FJ-03,988,2.1,2.0,56.8,0.24,40.8
2026-09-17T21:14:16+08:00,FJ-03,989,2.2,2.0,56.8,0.24,41.2
2026-09-17T21:15:16+08:00,FJ-03,989,2.1,2.0,56.5,0.24,41.6
2026-09-17T21:16:16+08:00,FJ-03,990,2.0,1.9,57.1,0.25,40.9
2026-09-17T21:17:16+08:00,FJ-03,989,2.1,2.0,56.4,0.24,41.7
2026-09-17T21:18:16+08:00,FJ-03,990,2.1,1.9,56.8,0.24,41.3
2026-09-17T21:19:16+08:00,FJ-03,989,2.1,2.0,56.4,0.24,41.2
2026-09-17T21:20:16+08:00,FJ-03,989,2.2,1.9,57.1,0.24,41.6
2026-09-17T21:21:16+08:00,FJ-03,989,2.1,2.0,56.5,0.24,41.7
2026-09-17T21:22:16+08:00,FJ-03,989,2.1,2.0,55.9,0.24,41.2
2026-09-17T21:23:16+08:00,FJ-03,989,2.1,2.0,56.3,0.24,41.4
2026-09-17T21:24:16+08:00,FJ-03,990,2.0,2.0,56.5,0.24,41.5
2026-09-17T21:25:16+08:00,FJ-03,989,2.0,2.0,55.9,0.24,41.5
2026-09-17T21:26:16+08:00,FJ-03,989,2.1,2.0,56.9,0.24,41.5
2026-09-17T21:27:16+08:00,FJ-03,988,2.1,2.0,56.8,0.24,41.1
2026-09-17T21:28:16+08:00,FJ-03,990,2.1,2.0,56.5,0.25,41.1
2026-09-17T21:29:16+08:00,FJ-03,990,2.1,2.0,56.5,0.24,40.7
2026-09-17T21:30:16+08:00,FJ-03,989,2.0,2.0,56.9,0.24,40.6
2026-09-17T21:31:16+08:00,FJ-03,988,2.1,1.9,56.7,0.24,41.2
2026-09-17T21:32:16+08:00,FJ-03,988,2.1,2.0,56.9,0.24,41.8
2026-09-17T21:33:16+08:00,FJ-03,990,2.1,1.9,56.5,0.25,41.7
2026-09-17T21:34:16+08:00,FJ-03,990,2.1,2.0,56.2,0.24,40.9
2026-09-17T21:35:16+08:00,FJ-03,989,2.1,2.0,56.2,0.25,41.1
2026-09-17T21:36:16+08:00,FJ-03,989,2.1,2.0,57.4,0.24,41.0
2026-09-17T21:37:16+08:00,FJ-03,990,2.1,2.0,56.2,0.24,41.4
2026-09-17T21:38:16+08:00,FJ-03,990,2.0,2.0,56.4,0.24,41.1
2026-09-17T21:39:16+08:00,FJ-03,992,2.1,2.0,56.5,0.24,41.1
2026-09-17T21:40:16+08:00,FJ-03,989,2.0,2.0,56.6,0.24,41.5
2026-09-17T21:41:16+08:00,FJ-03,989,2.1,2.0,56.4,0.24,41.1
2026-09-17T21:42:16+08:00,FJ-03,989,2.1,2.0,56.8,0.24,41.6
2026-09-17T21:43:16+08:00,FJ-03,990,2.1,2.0,56.2,0.24,41.0
2026-09-17T21:44:16+08:00,FJ-03,989,2.1,2.0,56.2,0.24,42.2
2026-09-17T21:45:16+08:00,FJ-03,990,2.1,2.0,56.2,0.24,41.6
2026-09-17T21:46:16+08:00,FJ-03,988,2.1,1.9,56.7,0.24,41.6
2026-09-17T21:47:16+08:00,FJ-03,989,2.1,2.0,56.3,0.24,41.2
2026-09-17T21:48:16+08:00,FJ-03,989,2.1,2.0,56.3,0.24,41.6
2026-09-17T21:49:16+08:00,FJ-03,989,2.2,1.9,56.7,0.24,41.6
2026-09-17T21:50:16+08:00,FJ-03,990,2.1,2.0,55.7,0.24,41.7
2026-09-17T21:51:16+08:00,FJ-03,991,2.2,1.9,56.7,0.24,41.4
2026-09-17T21:52:16+08:00,FJ-03,991,2.1,2.0,56.5,0.24,41.9
2026-09-17T21:53:16+08:00,FJ-03,989,2.1,2.0,56.2,0.24,41.6
2026-09-17T21:54:16+08:00,FJ-03,990,2.0,2.0,55.6,0.24,41.8
2026-09-17T21:55:16+08:00,FJ-03,989,2.0,2.0,56.5,0.24,41.4
2026-09-17T21:56:16+08:00,FJ-03,990,2.1,2.0,56.8,0.24,41.3
2026-09-17T21:57:16+08:00,FJ-03,990,2.2,2.0,56.0,0.25,41.5
2026-09-17T21:58:16+08:00,FJ-03,989,2.1,2.0,56.5,0.24,41.1
2026-09-17T21:59:16+08:00,FJ-03,988,2.1,2.0,55.8,0.24,41.6
2026-09-17T22:00:16+08:00,FJ-03,990,2.1,2.0,56.8,0.24,41.6
2026-09-17T22:01:16+08:00,FJ-03,989,2.1,2.0,57.3,0.25,41.9
2026-09-17T22:02:16+08:00,FJ-03,989,2.1,2.0,56.7,0.24,40.8
2026-09-17T22:03:16+08:00,FJ-03,989,2.1,1.9,56.9,0.25,41.5
2026-09-17T22:04:16+08:00,FJ-03,989,2.1,2.0,56.8,0.24,41.5
2026-09-17T22:05:16+08:00,FJ-03,989,2.1,1.9,56.9,0.24,41.5
2026-09-17T22:06:16+08:00,FJ-03,989,2.1,2.0,56.2,0.24,41.6
2026-09-17T22:07:16+08:00,FJ-03,990,2.1,1.9,56.3,0.24,41.4
2026-09-17T22:08:16+08:00,FJ-03,989,2.1,1.9,56.8,0.24,41.2
2026-09-17T22:09:16+08:00,FJ-03,990,2.1,2.0,56.4,0.24,41.4
2026-09-17T22:10:16+08:00,FJ-03,990,2.1,2.0,56.4,0.24,41.2
2026-09-17T22:11:16+08:00,FJ-03,990,2.1,2.0,55.7,0.25,41.9
2026-09-17T22:12:16+08:00,FJ-03,991,2.2,1.9,55.8,0.24,41.5
2026-09-17T22:13:16+08:00,FJ-03,989,2.1,1.9,56.8,0.25,41.6
2026-09-17T22:14:16+08:00,FJ-03,988,2.1,2.0,56.7,0.24,41.7
2026-09-17T22:15:16+08:00,FJ-03,989,2.1,1.9,56.2,0.24,41.0
2026-09-17T22:16:16+08:00,FJ-03,990,2.1,2.0,56.6,0.24,41.7
2026-09-17T22:17:16+08:00,FJ-03,989,2.2,2.0,56.8,0.24,41.3
2026-09-17T22:18:16+08:00,FJ-03,989,2.1,1.9,56.6,0.24,41.2
2026-09-17T22:19:16+08:00,FJ-03,990,2.1,2.0,55.6,0.24,41.5
2026-09-17T22:20:16+08:00,FJ-03,989,2.0,2.0,56.5,0.24,41.0
2026-09-17T22:21:16+08:00,FJ-03,990,2.1,2.0,57.1,0.24,41.6
2026-09-17T22:22:16+08:00,FJ-03,990,2.1,2.0,56.6,0.23,41.2
2026-09-17T22:23:16+08:00,FJ-03,989,2.1,1.9,57.0,0.24,41.1
2026-09-17T22:24:16+08:00,FJ-03,990,2.1,1.9,56.3,0.24,41.3
2026-09-17T22:25:16+08:00,FJ-03,991,2.1,2.0,56.4,0.24,41.4
2026-09-17T22:26:16+08:00,FJ-03,990,2.1,1.9,56.5,0.25,41.3
2026-09-17T22:27:16+08:00,FJ-03,989,2.1,1.9,56.9,0.24,40.7
2026-09-17T22:28:16+08:00,FJ-03,989,2.1,2.0,56.4,0.24,40.7
2026-09-17T22:29:16+08:00,FJ-03,988,2.1,2.0,56.4,0.24,41.1
2026-09-17T22:30:16+08:00,FJ-03,989,2.1,2.0,56.8,0.24,41.3
2026-09-17T22:31:16+08:00,FJ-03,990,2.1,2.0,56.2,0.24,41.5
2026-09-17T22:32:16+08:00,FJ-03,988,2.1,2.0,56.6,0.24,40.9
2026-09-17T22:33:16+08:00,FJ-03,989,2.1,2.0,56.3,0.24,41.7
2026-09-17T22:34:16+08:00,FJ-03,989,2.1,2.0,56.4,0.24,41.3
2026-09-17T22:35:16+08:00,FJ-03,989,2.0,2.0,56.2,0.24,41.0
2026-09-17T22:36:16+08:00,FJ-03,990,2.1,2.0,56.5,0.25,41.3
2026-09-17T22:37:16+08:00,FJ-03,989,2.1,2.0,55.8,0.23,41.8
2026-09-17T22:38:16+08:00,FJ-03,990,2.1,2.0,56.3,0.24,41.4
2026-09-17T22:39:16+08:00,FJ-03,989,2.1,1.9,56.9,0.24,41.3
2026-09-17T22:40:16+08:00,FJ-03,989,2.1,2.0,56.8,0.24,41.3
2026-09-17T22:41:16+08:00,FJ-03,991,2.0,2.0,56.1,0.24,41.8
2026-09-17T22:42:16+08:00,FJ-03,989,2.1,2.0,56.6,0.24,40.8
2026-09-17T22:43:16+08:00,FJ-03,990,2.0,2.0,56.9,0.24,41.4
2026-09-17T22:44:16+08:00,FJ-03,990,2.1,1.9,56.4,0.24,41.9
2026-09-17T22:45:16+08:00,FJ-03,988,2.1,1.9,56.2,0.25,41.5
2026-09-17T22:46:16+08:00,FJ-03,989,2.1,2.0,56.5,0.24,40.9
2026-09-17T22:47:16+08:00,FJ-03,990,2.1,1.9,56.1,0.24,41.5
2026-09-17T22:48:16+08:00,FJ-03,989,2.1,1.9,56.4,0.24,41.6
2026-09-17T22:49:16+08:00,FJ-03,990,2.1,2.0,56.1,0.24,41.3
2026-09-17T22:50:16+08:00,FJ-03,990,2.1,2.0,57.7,0.24,41.1
2026-09-17T22:51:16+08:00,FJ-03,989,2.1,2.0,56.0,0.24,40.9
2026-09-17T22:52:16+08:00,FJ-03,990,2.1,2.0,57.0,0.24,41.4
2026-09-17T22:53:16+08:00,FJ-03,989,2.1,2.1,56.1,0.24,41.4
2026-09-17T22:54:16+08:00,FJ-03,990,2.1,2.1,56.5,0.24,41.1
2026-09-17T22:55:16+08:00,FJ-03,990,2.1,2.0,56.8,0.24,41.3
2026-09-17T22:56:16+08:00,FJ-03,990,2.1,2.0,56.2,0.24,41.5
2026-09-17T22:57:16+08:00,FJ-03,990,2.1,1.9,56.3,0.24,41.5
2026-09-17T22:58:16+08:00,FJ-03,990,2.0,2.0,56.2,0.25,41.7
2026-09-17T22:59:16+08:00,FJ-03,989,2.1,2.0,56.4,0.24,41.8
2026-09-17T23:00:16+08:00,FJ-03,990,2.1,1.9,56.2,0.24,41.2
2026-09-17T23:01:16+08:00,FJ-03,990,2.2,1.9,56.3,0.24,41.0
2026-09-17T23:02:16+08:00,FJ-03,990,2.1,2.0,56.5,0.24,41.7
2026-09-17T23:03:16+08:00,FJ-03,988,2.1,1.9,56.6,0.24,41.3
2026-09-17T23:04:16+08:00,FJ-03,989,2.1,1.9,56.9,0.24,41.4
2026-09-17T23:05:16+08:00,FJ-03,990,2.2,2.0,56.1,0.24,41.3
2026-09-17T23:06:16+08:00,FJ-03,990,2.1,2.0,55.6,0.25,41.3
2026-09-17T23:07:16+08:00,FJ-03,990,2.1,2.0,56.9,0.24,40.9
2026-09-17T23:08:16+08:00,FJ-03,989,2.1,1.9,56.5,0.24,41.6
2026-09-17T23:09:16+08:00,FJ-03,989,2.1,2.0,56.9,0.24,41.2
2026-09-17T23:10:16+08:00,FJ-03,988,2.1,2.0,56.9,0.24,41.3
2026-09-17T23:11:16+08:00,FJ-03,990,2.0,2.0,56.7,0.25,41.3
2026-09-17T23:12:16+08:00,FJ-03,987,2.0,2.0,57.0,0.24,41.3
2026-09-17T23:13:16+08:00,FJ-03,988,2.1,2.0,57.0,0.24,41.1
2026-09-17T23:14:16+08:00,FJ-03,989,2.0,2.0,55.8,0.24,41.5
2026-09-17T23:15:16+08:00,FJ-03,989,2.1,2.0,55.8,0.24,41.1
2026-09-17T23:16:16+08:00,FJ-03,990,2.1,2.1,56.6,0.24,41.3
2026-09-17T23:17:16+08:00,FJ-03,990,2.1,2.0,57.1,0.24,41.4
2026-09-17T23:18:16+08:00,FJ-03,990,2.1,2.1,57.2,0.24,41.2
2026-09-17T23:19:16+08:00,FJ-03,989,2.1,1.9,56.5,0.25,41.3
2026-09-17T23:20:16+08:00,FJ-03,989,2.1,2.0,56.5,0.24,40.8
2026-09-17T23:21:16+08:00,FJ-03,989,2.0,2.0,58.1,0.24,41.4
2026-09-17T23:22:16+08:00,FJ-03,991,2.0,1.9,56.6,0.24,41.4
2026-09-17T23:23:16+08:00,FJ-03,988,2.1,2.0,56.6,0.24,40.9
2026-09-17T23:24:16+08:00,FJ-03,989,2.1,2.1,56.6,0.24,41.3
2026-09-17T23:25:16+08:00,FJ-03,988,2.1,1.9,57.1,0.24,41.2
2026-09-17T23:26:16+08:00,FJ-03,989,2.1,1.9,57.2,0.24,41.5
2026-09-17T23:27:16+08:00,FJ-03,991,2.1,2.0,56.7,0.24,41.6
2026-09-17T23:28:16+08:00,FJ-03,989,2.1,2.0,57.0,0.24,40.9
2026-09-17T23:29:16+08:00,FJ-03,990,2.1,2.0,56.1,0.24,41.2
2026-09-17T23:30:16+08:00,FJ-03,990,2.1,2.0,55.6,0.24,41.1
2026-09-17T23:31:16+08:00,FJ-03,989,2.1,2.0,56.5,0.24,41.1
2026-09-17T23:32:16+08:00,FJ-03,988,2.1,2.0,56.1,0.25,41.1
2026-09-17T23:33:16+08:00,FJ-03,990,2.1,1.9,56.6,0.24,41.9
2026-09-17T23:34:16+08:00,FJ-03,989,2.0,2.0,56.8,0.24,41.0
2026-09-17T23:35:16+08:00,FJ-03,989,2.1,2.0,57.2,0.24,41.5
2026-09-17T23:36:16+08:00,FJ-03,990,2.0,2.0,56.4,0.24,41.3
2026-09-17T23:37:16+08:00,FJ-03,990,2.1,2.0,56.7,0.24,41.3
2026-09-17T23:38:16+08:00,FJ-03,988,2.0,2.0,56.4,0.24,41.0
2026-09-17T23:39:16+08:00,FJ-03,989,2.0,2.0,56.0,0.24,41.4
2026-09-17T23:40:16+08:00,FJ-03,990,2.1,2.0,56.5,0.24,41.2
2026-09-17T23:41:16+08:00,FJ-03,989,2.1,2.0,56.2,0.24,41.8
2026-09-17T23:42:16+08:00,FJ-03,988,2.1,2.0,56.5,0.24,41.0
2026-09-17T23:43:16+08:00,FJ-03,989,2.1,1.9,56.4,0.24,41.6
2026-09-17T23:44:16+08:00,FJ-03,988,2.0,2.0,55.7,0.24,41.3
2026-09-17T23:45:16+08:00,FJ-03,989,2.1,2.0,56.7,0.24,41.3
2026-09-17T23:46:16+08:00,FJ-03,989,2.0,2.0,56.9,0.24,41.5
2026-09-17T23:47:16+08:00,FJ-03,989,2.1,2.1,56.3,0.24,40.9
2026-09-17T23:48:16+08:00,FJ-03,989,2.1,2.0,56.4,0.24,41.3
2026-09-17T23:49:16+08:00,FJ-03,988,2.1,1.9,57.0,0.24,41.7
2026-09-17T23:50:16+08:00,FJ-03,990,2.1,2.0,56.8,0.24,41.5
2026-09-17T23:51:16+08:00,FJ-03,990,2.1,2.0,56.3,0.24,41.0
2026-09-17T23:52:16+08:00,FJ-03,988,2.1,2.0,56.6,0.24,41.3
2026-09-17T23:53:16+08:00,FJ-03,989,2.1,2.0,56.5,0.24,41.8
2026-09-17T23:54:16+08:00,FJ-03,989,2.1,2.0,56.1,0.24,41.0
2026-09-17T23:55:16+08:00,FJ-03,988,2.1,2.0,57.0,0.24,41.1
2026-09-17T23:56:16+08:00,FJ-03,989,2.1,2.0,56.3,0.25,41.7
2026-09-17T23:57:16+08:00,FJ-03,989,2.1,2.1,56.4,0.25,41.2
2026-09-17T23:58:16+08:00,FJ-03,991,2.0,1.9,56.8,0.24,41.7
2026-09-17T23:59:16+08:00,FJ-03,989,2.1,2.0,56.6,0.24,41.2
2026-09-18T00:00:16+08:00,FJ-03,989,2.2,2.0,56.7,0.25,41.5
2026-09-18T00:01:16+08:00,FJ-03,990,2.2,2.0,56.8,0.24,41.4
2026-09-18T00:02:16+08:00,FJ-03,990,2.1,1.9,56.2,0.24,40.9
2026-09-18T00:03:16+08:00,FJ-03,989,2.1,2.0,56.5,0.24,41.4
2026-09-18T00:04:16+08:00,FJ-03,989,2.1,2.1,56.7,0.25,41.9
2026-09-18T00:05:16+08:00,FJ-03,991,2.1,2.0,56.4,0.24,41.8
2026-09-18T00:06:16+08:00,FJ-03,989,2.1,1.9,57.1,0.25,41.5
2026-09-18T00:07:16+08:00,FJ-03,990,2.1,2.0,56.4,0.24,41.5
2026-09-18T00:08:16+08:00,FJ-03,989,2.1,2.0,56.3,0.25,40.9
2026-09-18T00:09:16+08:00,FJ-03,991,2.1,2.0,56.8,0.24,41.2
2026-09-18T00:10:16+08:00,FJ-03,990,2.1,2.0,56.9,0.25,41.9
2026-09-18T00:11:16+08:00,FJ-03,991,2.1,2.0,56.4,0.24,41.0
2026-09-18T00:12:16+08:00,FJ-03,990,2.0,1.9,56.9,0.24,41.7
2026-09-18T00:13:16+08:00,FJ-03,989,2.1,2.0,57.5,0.24,42.1
2026-09-18T00:14:16+08:00,FJ-03,988,2.1,2.0,56.9,0.24,41.0
2026-09-18T00:15:16+08:00,FJ-03,989,2.1,1.9,56.7,0.24,41.4
2026-09-18T00:16:16+08:00,FJ-03,990,2.1,2.0,56.5,0.24,41.1
2026-09-18T00:17:16+08:00,FJ-03,988,2.0,2.0,56.5,0.24,41.4
2026-09-18T00:18:16+08:00,FJ-03,990,2.1,1.9,56.2,0.24,41.1
2026-09-18T00:19:16+08:00,FJ-03,989,2.1,1.9,56.3,0.24,41.7
2026-09-18T00:20:16+08:00,FJ-03,990,2.1,2.0,56.8,0.25,41.8
2026-09-18T00:21:16+08:00,FJ-03,990,2.1,2.0,57.3,0.24,42.0
2026-09-18T00:22:16+08:00,FJ-03,989,2.1,2.0,56.7,0.24,41.7
2026-09-18T00:23:16+08:00,FJ-03,989,2.1,2.0,56.5,0.24,41.2
2026-09-18T00:24:16+08:00,FJ-03,990,2.1,2.0,56.7,0.24,41.3
2026-09-18T00:25:16+08:00,FJ-03,989,2.1,2.0,56.8,0.24,41.7
2026-09-18T00:26:16+08:00,FJ-03,989,2.1,2.0,57.1,0.25,41.2
2026-09-18T00:27:16+08:00,FJ-03,989,2.0,2.0,57.0,0.25,40.8
2026-09-18T00:28:16+08:00,FJ-03,990,2.2,2.0,56.6,0.24,41.5
2026-09-18T00:29:16+08:00,FJ-03,990,2.1,1.9,57.3,0.24,41.1
2026-09-18T00:30:16+08:00,FJ-03,987,2.1,2.0,56.5,0.24,41.4
2026-09-18T00:31:16+08:00,FJ-03,990,2.2,2.0,56.7,0.24,41.7
2026-09-18T00:32:16+08:00,FJ-03,990,2.1,1.9,57.3,0.24,40.2
2026-09-18T00:33:16+08:00,FJ-03,989,2.1,2.0,56.4,0.24,41.0
2026-09-18T00:34:16+08:00,FJ-03,989,2.1,2.0,56.4,0.24,41.2
2026-09-18T00:35:16+08:00,FJ-03,990,2.1,2.0,57.2,0.24,40.7
2026-09-18T00:36:16+08:00,FJ-03,990,2.1,1.9,56.9,0.24,41.3
2026-09-18T00:37:16+08:00,FJ-03,989,2.0,2.0,56.6,0.24,41.6
2026-09-18T00:38:16+08:00,FJ-03,990,2.1,2.0,56.1,0.24,41.4
2026-09-18T00:39:16+08:00,FJ-03,990,2.1,1.9,56.4,0.25,41.6
2026-09-18T00:40:16+08:00,FJ-03,989,2.1,2.0,56.7,0.24,41.8
2026-09-18T00:41:16+08:00,FJ-03,989,2.1,2.0,57.1,0.25,41.6
2026-09-18T00:42:16+08:00,FJ-03,989,2.1,2.0,55.9,0.24,41.6
2026-09-18T00:43:16+08:00,FJ-03,990,2.0,1.9,56.6,0.24,41.2
2026-09-18T00:44:16+08:00,FJ-03,988,2.0,2.0,56.2,0.24,41.4
2026-09-18T00:45:16+08:00,FJ-03,988,2.1,1.9,57.4,0.24,41.8
2026-09-18T00:46:16+08:00,FJ-03,989,2.1,2.0,56.6,0.25,41.1
2026-09-18T00:47:16+08:00,FJ-03,990,2.1,2.0,56.0,0.25,41.1
2026-09-18T00:48:16+08:00,FJ-03,989,2.1,2.0,56.5,0.25,41.3
2026-09-18T00:49:16+08:00,FJ-03,989,2.1,2.0,55.9,0.24,41.2
2026-09-18T00:50:16+08:00,FJ-03,991,2.1,2.0,57.1,0.25,41.5
2026-09-18T00:51:16+08:00,FJ-03,990,2.1,2.0,56.8,0.24,41.7
2026-09-18T00:52:16+08:00,FJ-03,988,2.1,2.0,57.1,0.24,41.2
2026-09-18T00:53:16+08:00,FJ-03,989,2.2,2.0,55.7,0.24,41.3
2026-09-18T00:54:16+08:00,FJ-03,989,2.1,2.1,56.6,0.25,41.6
2026-09-18T00:55:16+08:00,FJ-03,988,2.1,2.0,57.0,0.24,41.6
2026-09-18T00:56:16+08:00,FJ-03,990,2.2,2.0,56.2,0.24,41.4
2026-09-18T00:57:16+08:00,FJ-03,990,2.2,2.0,56.8,0.24,41.6
2026-09-18T00:58:16+08:00,FJ-03,989,2.1,1.9,56.6,0.24,41.0
2026-09-18T00:59:16+08:00,FJ-03,989,2.1,2.0,57.0,0.24,41.4
2026-09-18T01:00:16+08:00,FJ-03,989,2.2,2.0,57.2,0.24,42.2
2026-09-18T01:01:16+08:00,FJ-03,990,2.1,2.0,57.4,0.25,41.2
2026-09-18T01:02:16+08:00,FJ-03,989,2.1,2.1,55.4,0.24,41.4
2026-09-18T01:03:16+08:00,FJ-03,990,2.1,2.0,56.3,0.24,41.5
2026-09-18T01:04:16+08:00,FJ-03,991,2.1,2.0,56.9,0.24,41.5
2026-09-18T01:05:16+08:00,FJ-03,989,2.1,2.1,56.5,0.24,41.6
2026-09-18T01:06:16+08:00,FJ-03,990,2.0,2.0,56.6,0.24,41.2
2026-09-18T01:07:16+08:00,FJ-03,989,2.2,2.0,56.2,0.24,41.6
2026-09-18T01:08:16+08:00,FJ-03,990,2.2,1.9,56.3,0.24,41.7
2026-09-18T01:09:16+08:00,FJ-03,989,2.1,2.0,56.9,0.24,41.3
2026-09-18T01:10:16+08:00,FJ-03,989,2.0,2.0,56.4,0.24,40.8
2026-09-18T01:11:16+08:00,FJ-03,989,2.1,2.0,56.5,0.24,41.6
2026-09-18T01:12:16+08:00,FJ-03,988,2.2,2.0,56.7,0.24,41.6
2026-09-18T01:13:16+08:00,FJ-03,989,2.1,2.0,56.5,0.24,41.6
2026-09-18T01:14:16+08:00,FJ-03,989,2.1,1.9,56.6,0.24,41.5
2026-09-18T01:15:16+08:00,FJ-03,989,2.0,2.0,57.2,0.24,41.5
2026-09-18T01:16:16+08:00,FJ-03,991,2.1,2.0,56.5,0.25,41.3
2026-09-18T01:17:16+08:00,FJ-03,989,2.1,2.0,56.7,0.24,41.3
2026-09-18T01:18:16+08:00,FJ-03,989,2.1,2.0,56.7,0.24,41.5
2026-09-18T01:19:16+08:00,FJ-03,989,2.0,2.0,56.9,0.25,41.5
2026-09-18T01:20:16+08:00,FJ-03,990,2.1,2.0,56.7,0.24,41.5
2026-09-18T01:21:16+08:00,FJ-03,991,2.1,2.0,56.8,0.24,41.0
2026-09-18T01:22:16+08:00,FJ-03,988,2.1,2.0,57.0,0.24,40.8
2026-09-18T01:23:16+08:00,FJ-03,989,2.1,2.0,56.9,0.24,41.5
2026-09-18T01:24:16+08:00,FJ-03,990,2.1,1.9,56.7,0.24,40.8
2026-09-18T01:25:16+08:00,FJ-03,990,2.1,2.0,57.1,0.24,41.2
2026-09-18T01:26:16+08:00,FJ-03,989,2.1,2.0,56.6,0.24,41.1
2026-09-18T01:27:16+08:00,FJ-03,989,2.2,2.0,56.3,0.24,41.9
2026-09-18T01:28:16+08:00,FJ-03,990,2.1,2.0,56.4,0.24,41.8
2026-09-18T01:29:16+08:00,FJ-03,988,2.2,2.0,57.3,0.25,41.4
2026-09-18T01:30:16+08:00,FJ-03,989,2.1,2.0,56.9,0.25,41.5
2026-09-18T01:31:16+08:00,FJ-03,988,2.1,2.0,56.1,0.25,41.4
2026-09-18T01:32:16+08:00,FJ-03,990,2.0,2.0,56.2,0.24,41.2
2026-09-18T01:33:16+08:00,FJ-03,991,2.0,2.0,56.8,0.24,41.4
2026-09-18T01:34:16+08:00,FJ-03,990,2.1,2.0,56.0,0.24,41.6
2026-09-18T01:35:16+08:00,FJ-03,990,2.1,2.0,56.2,0.24,41.5
2026-09-18T01:36:16+08:00,FJ-03,989,2.1,2.0,56.1,0.24,40.8
2026-09-18T01:37:16+08:00,FJ-03,990,2.2,2.0,56.4,0.25,41.1
2026-09-18T01:38:16+08:00,FJ-03,989,2.1,2.0,56.7,0.24,41.3
2026-09-18T01:39:16+08:00,FJ-03,988,2.1,2.0,56.8,0.24,41.8
2026-09-18T01:40:16+08:00,FJ-03,988,2.1,2.0,55.9,0.25,41.0
2026-09-18T01:41:16+08:00,FJ-03,990,2.2,1.9,57.2,0.24,41.1
2026-09-18T01:42:16+08:00,FJ-03,989,2.1,2.0,56.4,0.24,42.1
2026-09-18T01:43:16+08:00,FJ-03,991,2.1,2.0,55.4,0.24,41.3
2026-09-18T01:44:16+08:00,FJ-03,990,2.1,2.0,57.1,0.24,41.5
2026-09-18T01:45:16+08:00,FJ-03,990,2.1,2.0,56.7,0.25,41.8
2026-09-18T01:46:16+08:00,FJ-03,989,2.1,2.0,57.0,0.24,41.2
2026-09-18T01:47:16+08:00,FJ-03,991,2.1,2.0,56.5,0.24,41.2
2026-09-18T01:48:16+08:00,FJ-03,989,2.2,1.9,56.7,0.24,41.5
2026-09-18T01:49:16+08:00,FJ-03,989,2.1,2.0,56.4,0.25,41.3
2026-09-18T01:50:16+08:00,FJ-03,990,2.1,2.1,56.7,0.25,41.3
2026-09-18T01:51:16+08:00,FJ-03,991,2.1,2.0,56.5,0.24,41.5
2026-09-18T01:52:16+08:00,FJ-03,989,2.1,2.0,56.6,0.24,41.6
2026-09-18T01:53:16+08:00,FJ-03,989,2.1,2.1,56.5,0.24,42.0
2026-09-18T01:54:16+08:00,FJ-03,990,2.1,2.0,57.0,0.24,41.1
2026-09-18T01:55:16+08:00,FJ-03,990,2.1,2.0,56.3,0.25,41.8
2026-09-18T01:56:16+08:00,FJ-03,989,2.2,2.0,56.9,0.24,41.6
2026-09-18T01:57:16+08:00,FJ-03,990,2.2,2.0,56.5,0.24,40.9
2026-09-18T01:58:16+08:00,FJ-03,990,2.0,2.0,56.8,0.24,40.8
2026-09-18T01:59:16+08:00,FJ-03,989,2.1,2.1,56.8,0.24,41.5
2026-09-18T02:00:16+08:00,FJ-03,987,2.1,2.0,56.5,0.25,41.8
2026-09-18T02:01:16+08:00,FJ-03,990,2.2,1.9,56.7,0.24,41.6
2026-09-18T02:02:16+08:00,FJ-03,989,2.1,1.9,57.5,0.24,41.6
2026-09-18T02:03:16+08:00,FJ-03,989,2.0,2.0,57.3,0.24,41.4
2026-09-18T02:04:16+08:00,FJ-03,988,2.1,2.0,56.7,0.24,41.0
2026-09-18T02:05:16+08:00,FJ-03,990,2.2,2.0,56.7,0.24,42.6
2026-09-18T02:06:16+08:00,FJ-03,990,2.1,2.0,56.3,0.24,40.3
2026-09-18T02:07:16+08:00,FJ-03,989,2.1,2.0,56.3,0.24,42.0
2026-09-18T02:08:16+08:00,FJ-03,990,2.1,2.0,57.1,0.24,41.7
2026-09-18T02:09:16+08:00,FJ-03,990,2.1,2.1,56.3,0.24,41.2
2026-09-18T02:10:16+08:00,FJ-03,990,2.1,2.0,57.0,0.24,41.4
2026-09-18T02:11:16+08:00,FJ-03,990,2.2,2.0,56.6,0.24,40.8
2026-09-18T02:12:16+08:00,FJ-03,990,2.1,2.0,56.8,0.25,41.2
2026-09-18T02:13:16+08:00,FJ-03,991,2.1,2.0,56.7,0.25,41.5
2026-09-18T02:14:16+08:00,FJ-03,989,2.0,2.0,56.8,0.24,41.3
2026-09-18T02:15:16+08:00,FJ-03,988,2.1,2.0,57.3,0.25,41.6
2026-09-18T02:16:16+08:00,FJ-03,990,2.2,2.0,56.5,0.24,41.3
2026-09-18T02:17:16+08:00,FJ-03,989,2.1,2.0,56.7,0.24,40.7
2026-09-18T02:18:16+08:00,FJ-03,988,2.1,2.0,57.5,0.24,41.1
2026-09-18T02:19:16+08:00,FJ-03,990,2.1,2.0,56.9,0.24,41.1
2026-09-18T02:20:16+08:00,FJ-03,989,2.2,2.1,56.9,0.25,41.4
2026-09-18T02:21:16+08:00,FJ-03,989,2.2,2.0,57.1,0.24,41.7
2026-09-18T02:22:16+08:00,FJ-03,992,2.1,2.0,56.8,0.24,41.2
2026-09-18T02:23:16+08:00,FJ-03,988,2.0,2.0,56.3,0.24,41.1
2026-09-18T02:24:16+08:00,FJ-03,989,2.1,2.0,56.8,0.24,41.1
2026-09-18T02:25:16+08:00,FJ-03,990,2.1,2.0,56.7,0.24,41.7
2026-09-18T02:26:16+08:00,FJ-03,989,2.1,2.0,56.2,0.24,41.0
2026-09-18T02:27:16+08:00,FJ-03,989,2.1,2.0,57.2,0.24,41.4
2026-09-18T02:28:16+08:00,FJ-03,990,2.1,2.0,57.0,0.24,41.4
2026-09-18T02:29:16+08:00,FJ-03,990,2.1,2.0,56.4,0.24,40.8
2026-09-18T02:30:16+08:00,FJ-03,988,2.1,2.0,57.0,0.24,41.0
2026-09-18T02:31:16+08:00,FJ-03,990,2.1,2.0,57.0,0.24,41.4
2026-09-18T02:32:16+08:00,FJ-03,989,2.1,2.0,56.8,0.24,41.6
2026-09-18T02:33:16+08:00,FJ-03,989,2.1,2.0,57.0,0.24,41.6
2026-09-18T02:34:16+08:00,FJ-03,989,2.2,2.0,56.3,0.24,41.3
2026-09-18T02:35:16+08:00,FJ-03,990,2.1,2.1,55.9,0.25,41.5
2026-09-18T02:36:16+08:00,FJ-03,989,2.1,1.9,56.5,0.24,41.5
2026-09-18T02:37:16+08:00,FJ-03,990,2.1,1.9,56.5,0.24,41.6
2026-09-18T02:38:16+08:00,FJ-03,991,2.2,2.0,57.5,0.25,41.5
2026-09-18T02:39:16+08:00,FJ-03,989,2.1,2.0,56.6,0.24,41.4
2026-09-18T02:40:16+08:00,FJ-03,990,2.1,2.0,57.0,0.24,41.4
2026-09-18T02:41:16+08:00,FJ-03,990,2.1,1.9,56.2,0.24,41.5
2026-09-18T02:42:16+08:00,FJ-03,990,2.1,2.0,56.4,0.24,41.3
2026-09-18T02:43:16+08:00,FJ-03,989,2.1,1.9,56.6,0.25,41.6
2026-09-18T02:44:16+08:00,FJ-03,989,2.1,2.0,56.3,0.25,41.9
2026-09-18T02:45:16+08:00,FJ-03,988,2.1,2.0,57.8,0.24,41.3
2026-09-18T02:46:16+08:00,FJ-03,988,2.1,2.1,56.5,0.24,41.0
2026-09-18T02:47:16+08:00,FJ-03,989,2.2,2.0,56.2,0.24,41.0
2026-09-18T02:48:16+08:00,FJ-03,990,2.1,2.0,56.8,0.24,41.5
2026-09-18T02:49:16+08:00,FJ-03,989,2.1,2.0,56.6,0.24,41.1
2026-09-18T02:50:16+08:00,FJ-03,990,2.1,2.0,56.3,0.24,41.2
2026-09-18T02:51:16+08:00,FJ-03,989,2.1,2.0,56.5,0.24,41.3
2026-09-18T02:52:16+08:00,FJ-03,990,2.2,2.0,56.4,0.25,41.4
2026-09-18T02:53:16+08:00,FJ-03,991,2.1,2.0,57.0,0.24,41.2
2026-09-18T02:54:16+08:00,FJ-03,990,2.1,2.0,56.3,0.24,41.5
2026-09-18T02:55:16+08:00,FJ-03,990,2.2,2.0,56.9,0.24,41.3
2026-09-18T02:56:16+08:00,FJ-03,991,2.1,2.0,56.9,0.25,41.4
2026-09-18T02:57:16+08:00,FJ-03,990,2.1,2.0,56.3,0.24,42.1
2026-09-18T02:58:16+08:00,FJ-03,989,2.1,2.0,57.7,0.24,41.5
2026-09-18T02:59:16+08:00,FJ-03,990,2.1,2.1,56.7,0.24,41.9
2026-09-18T03:00:16+08:00,FJ-03,990,2.1,2.0,56.4,0.24,41.2
2026-09-18T03:01:16+08:00,FJ-03,989,2.1,2.0,57.2,0.25,41.2
2026-09-18T03:02:16+08:00,FJ-03,989,2.1,2.0,57.3,0.24,41.8
2026-09-18T03:03:16+08:00,FJ-03,990,2.1,2.0,56.8,0.24,41.4
2026-09-18T03:04:16+08:00,FJ-03,990,2.1,2.0,57.4,0.24,41.8
2026-09-18T03:05:16+08:00,FJ-03,990,2.1,2.0,56.7,0.25,41.3
2026-09-18T03:06:16+08:00,FJ-03,989,2.1,1.9,56.5,0.24,41.4
2026-09-18T03:07:16+08:00,FJ-03,990,2.1,2.0,56.7,0.24,41.4
2026-09-18T03:08:16+08:00,FJ-03,989,2.1,2.0,57.0,0.24,41.2
2026-09-18T03:09:16+08:00,FJ-03,990,2.1,2.0,55.9,0.24,41.9
2026-09-18T03:10:16+08:00,FJ-03,989,2.1,1.9,57.5,0.24,42.2
2026-09-18T03:11:16+08:00,FJ-03,990,2.1,2.0,57.3,0.24,41.5
2026-09-18T03:12:16+08:00,FJ-03,990,2.1,2.0,57.7,0.24,42.0
2026-09-18T03:13:16+08:00,FJ-03,990,2.1,2.0,57.2,0.24,41.3
2026-09-18T03:14:16+08:00,FJ-03,989,2.0,2.0,56.9,0.24,41.6
2026-09-18T03:15:16+08:00,FJ-03,990,2.1,1.9,57.2,0.24,40.8
2026-09-18T03:16:16+08:00,FJ-03,990,2.1,2.0,56.5,0.24,41.6
2026-09-18T03:17:16+08:00,FJ-03,990,2.2,2.0,57.0,0.25,41.3
2026-09-18T03:18:16+08:00,FJ-03,989,2.2,2.0,56.9,0.25,41.8
2026-09-18T03:19:16+08:00,FJ-03,989,2.1,2.0,56.9,0.24,41.9
2026-09-18T03:20:16+08:00,FJ-03,991,2.1,2.0,56.5,0.24,41.5
2026-09-18T03:21:16+08:00,FJ-03,990,2.1,2.1,57.6,0.24,41.4
2026-09-18T03:22:16+08:00,FJ-03,989,2.1,2.0,56.7,0.24,41.0
2026-09-18T03:23:16+08:00,FJ-03,988,2.2,2.0,56.7,0.24,41.9
2026-09-18T03:24:16+08:00,FJ-03,989,2.1,2.0,57.0,0.24,41.3
2026-09-18T03:25:16+08:00,FJ-03,988,2.1,2.0,56.8,0.24,41.7
2026-09-18T03:26:16+08:00,FJ-03,989,2.2,2.0,56.6,0.25,41.6
2026-09-18T03:27:16+08:00,FJ-03,990,2.1,2.1,56.5,0.24,41.1
2026-09-18T03:28:16+08:00,FJ-03,989,2.1,2.0,56.9,0.25,41.4
2026-09-18T03:29:16+08:00,FJ-03,990,2.1,1.9,56.4,0.24,41.2
2026-09-18T03:30:16+08:00,FJ-03,990,2.1,2.0,57.1,0.24,41.5
2026-09-18T03:31:16+08:00,FJ-03,988,2.1,2.1,57.6,0.25,41.7
2026-09-18T03:32:16+08:00,FJ-03,989,2.1,2.0,56.6,0.24,41.5
2026-09-18T03:33:16+08:00,FJ-03,992,2.1,2.0,56.4,0.24,41.8
2026-09-18T03:34:16+08:00,FJ-03,989,2.1,1.9,56.9,0.25,42.1
2026-09-18T03:35:16+08:00,FJ-03,991,2.1,2.1,57.5,0.25,41.3
2026-09-18T03:36:16+08:00,FJ-03,990,2.2,2.1,56.8,0.25,41.3
2026-09-18T03:37:16+08:00,FJ-03,988,2.1,2.0,56.4,0.24,41.9
2026-09-18T03:38:16+08:00,FJ-03,990,2.2,2.0,57.2,0.24,41.9
2026-09-18T03:39:16+08:00,FJ-03,989,2.1,2.0,57.1,0.25,41.5
2026-09-18T03:40:16+08:00,FJ-03,989,2.1,2.0,56.6,0.24,41.5
2026-09-18T03:41:16+08:00,FJ-03,988,2.1,2.0,57.1,0.24,41.6
2026-09-18T03:42:16+08:00,FJ-03,991,2.2,2.0,56.7,0.24,42.1
2026-09-18T03:43:16+08:00,FJ-03,990,2.1,2.1,57.6,0.24,41.1
2026-09-18T03:44:16+08:00,FJ-03,988,2.2,2.0,56.2,0.24,41.7
2026-09-18T03:45:16+08:00,FJ-03,989,2.1,2.0,56.9,0.25,41.9
2026-09-18T03:46:16+08:00,FJ-03,990,2.1,2.0,57.2,0.24,41.5
2026-09-18T03:47:16+08:00,FJ-03,991,2.0,1.9,56.6,0.25,41.8
2026-09-18T03:48:16+08:00,FJ-03,989,2.1,1.9,55.9,0.24,41.5
2026-09-18T03:49:16+08:00,FJ-03,990,2.1,2.0,56.6,0.24,41.6
2026-09-18T03:50:16+08:00,FJ-03,989,2.1,2.0,57.2,0.24,41.8
2026-09-18T03:51:16+08:00,FJ-03,990,2.0,1.9,56.8,0.24,41.4
2026-09-18T03:52:16+08:00,FJ-03,989,2.1,2.0,56.8,0.25,41.8
2026-09-18T03:53:16+08:00,FJ-03,990,2.1,2.0,57.1,0.25,42.1
2026-09-18T03:54:16+08:00,FJ-03,989,2.1,2.0,57.2,0.24,41.0
2026-09-18T03:55:16+08:00,FJ-03,991,2.1,1.9,56.1,0.25,41.0
2026-09-18T03:56:16+08:00,FJ-03,990,2.1,1.9,57.4,0.24,41.3
2026-09-18T03:57:16+08:00,FJ-03,989,2.1,1.9,57.3,0.24,41.2
2026-09-18T03:58:16+08:00,FJ-03,989,2.2,2.0,57.2,0.24,41.5
2026-09-18T03:59:16+08:00,FJ-03,990,2.1,2.0,56.1,0.24,40.9
2026-09-18T04:00:16+08:00,FJ-03,989,2.1,1.9,57.3,0.24,41.4
2026-09-18T04:01:16+08:00,FJ-03,990,2.2,2.1,57.2,0.24,41.1
2026-09-18T04:02:16+08:00,FJ-03,989,2.1,2.0,56.9,0.24,42.1
2026-09-18T04:03:16+08:00,FJ-03,990,2.1,2.0,57.3,0.24,41.5
2026-09-18T04:04:16+08:00,FJ-03,990,2.0,2.0,57.9,0.24,41.6
2026-09-18T04:05:16+08:00,FJ-03,989,2.2,2.0,56.6,0.24,41.4
2026-09-18T04:06:16+08:00,FJ-03,989,2.2,1.9,57.0,0.24,41.4
2026-09-18T04:07:16+08:00,FJ-03,990,2.2,1.9,57.1,0.24,41.6
2026-09-18T04:08:16+08:00,FJ-03,989,2.1,2.0,57.3,0.24,41.3
2026-09-18T04:09:16+08:00,FJ-03,988,2.1,1.9,57.0,0.24,41.8
2026-09-18T04:10:16+08:00,FJ-03,989,2.1,2.1,57.8,0.24,41.4
2026-09-18T04:11:16+08:00,FJ-03,990,2.1,1.9,56.7,0.24,41.6
2026-09-18T04:12:16+08:00,FJ-03,990,2.1,2.1,56.9,0.24,41.7
2026-09-18T04:13:16+08:00,FJ-03,989,2.1,1.9,56.6,0.25,41.3
2026-09-18T04:14:16+08:00,FJ-03,990,2.1,2.0,57.0,0.24,41.2
2026-09-18T04:15:16+08:00,FJ-03,990,2.1,2.0,57.1,0.24,41.5
2026-09-18T04:16:16+08:00,FJ-03,990,2.2,2.0,56.7,0.24,41.0
2026-09-18T04:17:16+08:00,FJ-03,989,2.1,2.0,57.2,0.24,41.1
2026-09-18T04:18:16+08:00,FJ-03,990,2.2,2.0,56.8,0.24,41.8
2026-09-18T04:19:16+08:00,FJ-03,990,2.1,2.0,57.1,0.24,41.3
2026-09-18T04:20:16+08:00,FJ-03,990,2.1,2.0,57.4,0.25,41.6
2026-09-18T04:21:16+08:00,FJ-03,990,2.1,2.0,57.0,0.24,41.3
2026-09-18T04:22:16+08:00,FJ-03,990,2.1,2.0,56.4,0.24,41.6
2026-09-18T04:23:16+08:00,FJ-03,992,2.2,1.9,56.6,0.25,41.7
2026-09-18T04:24:16+08:00,FJ-03,992,2.1,2.0,57.2,0.24,41.7
2026-09-18T04:25:16+08:00,FJ-03,990,2.1,2.0,56.2,0.24,41.9
2026-09-18T04:26:16+08:00,FJ-03,991,2.1,2.1,57.0,0.24,41.4
2026-09-18T04:27:16+08:00,FJ-03,990,2.1,2.0,56.6,0.24,41.6
2026-09-18T04:28:16+08:00,FJ-03,990,2.1,2.0,56.5,0.24,41.1
2026-09-18T04:29:16+08:00,FJ-03,988,2.2,2.0,56.7,0.24,41.5
2026-09-18T04:30:16+08:00,FJ-03,990,2.1,2.0,56.4,0.24,41.5
2026-09-18T04:31:16+08:00,FJ-03,989,2.1,1.9,56.8,0.24,41.5
2026-09-18T04:32:16+08:00,FJ-03,989,2.1,2.0,57.0,0.24,41.9
2026-09-18T04:33:16+08:00,FJ-03,989,2.1,2.0,56.1,0.24,41.2
2026-09-18T04:34:16+08:00,FJ-03,988,2.1,2.0,56.7,0.24,41.0
2026-09-18T04:35:16+08:00,FJ-03,990,2.0,2.0,56.4,0.25,41.4
2026-09-18T04:36:16+08:00,FJ-03,989,2.1,2.0,57.1,0.24,41.4
2026-09-18T04:37:16+08:00,FJ-03,991,2.1,1.9,56.5,0.24,41.4
2026-09-18T04:38:16+08:00,FJ-03,990,2.1,2.0,57.1,0.24,41.6
2026-09-18T04:39:16+08:00,FJ-03,989,2.1,2.0,56.6,0.24,42.0
2026-09-18T04:40:16+08:00,FJ-03,989,2.2,2.0,56.6,0.24,41.6
2026-09-18T04:41:16+08:00,FJ-03,990,2.1,2.0,56.7,0.25,41.6
2026-09-18T04:42:16+08:00,FJ-03,991,2.1,2.0,56.1,0.24,41.7
2026-09-18T04:43:16+08:00,FJ-03,988,2.2,2.1,56.4,0.24,41.9
2026-09-18T04:44:16+08:00,FJ-03,989,2.2,2.0,57.0,0.24,41.5
2026-09-18T04:45:16+08:00,FJ-03,990,2.1,2.0,57.2,0.24,41.4
2026-09-18T04:46:16+08:00,FJ-03,989,2.1,2.0,56.9,0.24,41.4
2026-09-18T04:47:16+08:00,FJ-03,989,2.1,2.0,56.4,0.25,41.3
2026-09-18T04:48:16+08:00,FJ-03,990,2.1,2.0,56.7,0.24,41.2
2026-09-18T04:49:16+08:00,FJ-03,989,2.1,2.0,56.2,0.25,41.1
2026-09-18T04:50:16+08:00,FJ-03,990,2.1,2.0,57.1,0.24,41.1
2026-09-18T04:51:16+08:00,FJ-03,988,2.1,2.0,56.7,0.24,41.7
2026-09-18T04:52:16+08:00,FJ-03,989,2.2,1.9,57.1,0.24,41.4
2026-09-18T04:53:16+08:00,FJ-03,991,2.1,2.0,56.7,0.24,40.8
2026-09-18T04:54:16+08:00,FJ-03,990,2.1,2.0,56.9,0.24,41.2
2026-09-18T04:55:16+08:00,FJ-03,989,2.1,2.0,56.7,0.24,41.3
2026-09-18T04:56:16+08:00,FJ-03,990,2.1,2.0,57.0,0.24,41.6
2026-09-18T04:57:16+08:00,FJ-03,990,2.1,2.1,57.2,0.25,41.5
2026-09-18T04:58:16+08:00,FJ-03,990,2.1,2.0,56.4,0.24,41.9
2026-09-18T04:59:16+08:00,FJ-03,991,2.1,2.0,56.9,0.24,41.0
2026-09-18T05:00:16+08:00,FJ-03,990,2.1,2.0,57.1,0.24,41.2
2026-09-18T05:01:16+08:00,FJ-03,990,2.1,2.0,56.5,0.24,41.8
2026-09-18T05:02:16+08:00,FJ-03,990,2.1,1.9,56.6,0.24,42.3
2026-09-18T05:03:16+08:00,FJ-03,989,2.1,2.1,57.4,0.24,41.8
2026-09-18T05:04:16+08:00,FJ-03,990,2.1,2.0,56.5,0.24,41.7
2026-09-18T05:05:16+08:00,FJ-03,990,2.1,2.0,57.2,0.24,41.3
2026-09-18T05:06:16+08:00,FJ-03,991,2.1,2.0,56.5,0.25,41.7
2026-09-18T05:07:16+08:00,FJ-03,989,2.1,2.0,56.6,0.24,41.5
2026-09-18T05:08:16+08:00,FJ-03,990,2.1,1.9,56.1,0.25,41.8
2026-09-18T05:09:16+08:00,FJ-03,989,2.2,2.1,57.1,0.24,41.6
2026-09-18T05:10:16+08:00,FJ-03,990,2.1,2.0,56.8,0.24,41.7
2026-09-18T05:11:16+08:00,FJ-03,991,2.1,2.0,56.5,0.25,41.2
2026-09-18T05:12:16+08:00,FJ-03,990,2.1,2.1,57.1,0.24,41.3
2026-09-18T05:13:16+08:00,FJ-03,989,2.2,2.1,56.6,0.24,41.1
2026-09-18T05:14:16+08:00,FJ-03,990,2.2,2.0,57.0,0.24,41.9
2026-09-18T05:15:16+08:00,FJ-03,990,2.2,1.9,56.9,0.24,41.5
2026-09-18T05:16:16+08:00,FJ-03,989,2.1,2.0,56.7,0.24,42.0
2026-09-18T05:17:16+08:00,FJ-03,990,2.1,2.0,57.4,0.25,41.1
2026-09-18T05:18:16+08:00,FJ-03,989,2.2,2.0,57.3,0.24,41.1
2026-09-18T05:19:16+08:00,FJ-03,989,2.2,2.0,57.5,0.24,42.1
2026-09-18T05:20:16+08:00,FJ-03,990,2.1,1.9,56.2,0.24,41.5
2026-09-18T05:21:16+08:00,FJ-03,989,2.1,2.0,56.5,0.24,41.4
2026-09-18T05:22:16+08:00,FJ-03,990,2.1,2.0,57.1,0.25,41.7
2026-09-18T05:23:16+08:00,FJ-03,990,2.1,2.0,57.0,0.24,41.7
2026-09-18T05:24:16+08:00,FJ-03,988,2.1,2.0,57.3,0.25,41.6
2026-09-18T05:25:16+08:00,FJ-03,988,2.1,2.1,57.2,0.24,41.3
2026-09-18T05:26:16+08:00,FJ-03,989,2.1,2.0,56.8,0.24,41.2
2026-09-18T05:27:16+08:00,FJ-03,990,2.0,1.9,56.3,0.24,41.5
2026-09-18T05:28:16+08:00,FJ-03,990,2.2,2.0,57.6,0.24,41.5
2026-09-18T05:29:16+08:00,FJ-03,988,2.2,2.0,57.1,0.24,41.3
2026-09-18T05:30:16+08:00,FJ-03,990,2.1,2.0,56.9,0.24,41.9
2026-09-18T05:31:16+08:00,FJ-03,989,2.2,2.0,58.2,0.25,41.9
2026-09-18T05:32:16+08:00,FJ-03,989,2.1,2.0,56.4,0.24,41.6
2026-09-18T05:33:16+08:00,FJ-03,991,2.1,2.0,56.9,0.24,41.0
2026-09-18T05:34:16+08:00,FJ-03,989,2.1,2.0,57.1,0.24,41.9
2026-09-18T05:35:16+08:00,FJ-03,989,2.1,2.0,57.5,0.25,41.7
2026-09-18T05:36:16+08:00,FJ-03,991,2.1,2.0,56.9,0.24,41.7
2026-09-18T05:37:16+08:00,FJ-03,989,2.1,2.0,56.3,0.24,41.6
2026-09-18T05:38:16+08:00,FJ-03,989,2.1,2.0,56.4,0.24,41.1
2026-09-18T05:39:16+08:00,FJ-03,989,2.1,2.1,56.8,0.24,41.4
2026-09-18T05:40:16+08:00,FJ-03,990,2.1,2.0,57.1,0.24,41.5
2026-09-18T05:41:16+08:00,FJ-03,989,2.1,2.0,56.3,0.24,41.7
2026-09-18T05:42:16+08:00,FJ-03,988,2.1,2.0,56.6,0.24,41.5
2026-09-18T05:43:16+08:00,FJ-03,990,2.1,2.0,57.8,0.25,41.2
2026-09-18T05:44:16+08:00,FJ-03,989,2.1,2.0,56.9,0.24,41.8
2026-09-18T05:45:16+08:00,FJ-03,991,2.2,2.0,56.1,0.24,41.0
2026-09-18T05:46:16+08:00,FJ-03,990,2.1,2.0,57.2,0.25,41.6
2026-09-18T05:47:16+08:00,FJ-03,989,2.1,2.0,56.8,0.24,41.6
2026-09-18T05:48:16+08:00,FJ-03,989,2.2,2.0,56.9,0.24,41.0
2026-09-18T05:49:16+08:00,FJ-03,989,2.1,2.0,56.5,0.24,41.3
2026-09-18T05:50:16+08:00,FJ-03,990,2.0,2.0,56.8,0.24,41.0
2026-09-18T05:51:16+08:00,FJ-03,990,2.1,2.0,56.2,0.25,41.6
2026-09-18T05:52:16+08:00,FJ-03,992,2.1,2.0,57.3,0.25,41.2
2026-09-18T05:53:16+08:00,FJ-03,990,2.0,2.0,56.6,0.24,41.2
2026-09-18T05:54:16+08:00,FJ-03,989,2.1,2.1,56.6,0.24,41.3
2026-09-18T05:55:16+08:00,FJ-03,989,2.1,2.0,56.7,0.24,41.4
2026-09-18T05:56:16+08:00,FJ-03,991,2.2,2.1,56.4,0.24,41.3
2026-09-18T05:57:16+08:00,FJ-03,989,2.2,2.0,56.8,0.24,41.9
2026-09-18T05:58:16+08:00,FJ-03,991,2.1,2.1,56.5,0.24,41.3
2026-09-18T05:59:16+08:00,FJ-03,989,2.1,2.0,56.5,0.24,41.5
2026-09-18T06:00:16+08:00,FJ-03,989,2.2,2.0,57.6,0.24,41.2
2026-09-18T06:01:16+08:00,FJ-03,990,2.2,2.0,56.6,0.25,41.7
2026-09-18T06:02:16+08:00,FJ-03,988,2.0,1.9,56.8,0.24,41.7
2026-09-18T06:03:16+08:00,FJ-03,990,2.1,2.0,57.0,0.24,41.3
2026-09-18T06:04:16+08:00,FJ-03,990,2.1,1.9,57.8,0.24,41.4
2026-09-18T06:05:16+08:00,FJ-03,989,2.0,2.0,57.3,0.25,41.5
2026-09-18T06:06:16+08:00,FJ-03,989,2.1,2.0,56.8,0.24,41.6
2026-09-18T06:07:16+08:00,FJ-03,988,2.2,2.0,57.4,0.24,41.4
2026-09-18T06:08:16+08:00,FJ-03,989,2.1,2.0,57.6,0.24,40.8
2026-09-18T06:09:16+08:00,FJ-03,989,2.2,2.0,57.1,0.24,41.4
2026-09-18T06:10:16+08:00,FJ-03,990,2.0,2.0,57.6,0.25,41.6
2026-09-18T06:11:16+08:00,FJ-03,990,2.1,1.9,57.2,0.24,41.1
2026-09-18T06:12:16+08:00,FJ-03,989,2.0,1.9,57.0,0.25,41.4
2026-09-18T06:13:16+08:00,FJ-03,990,2.1,2.0,57.4,0.24,41.1
2026-09-18T06:14:16+08:00,FJ-03,991,2.2,2.0,57.2,0.24,41.2
2026-09-18T06:15:16+08:00,FJ-03,990,2.0,2.0,57.3,0.24,42.0
2026-09-18T06:16:16+08:00,FJ-03,989,2.1,2.0,56.7,0.24,41.3
2026-09-18T06:17:16+08:00,FJ-03,988,2.1,2.0,57.1,0.24,41.6
2026-09-18T06:18:16+08:00,FJ-03,989,2.1,2.0,57.1,0.24,41.5
2026-09-18T06:19:16+08:00,FJ-03,991,2.1,2.0,56.8,0.24,41.6
2026-09-18T06:20:16+08:00,FJ-03,990,2.1,2.0,56.5,0.24,41.5
2026-09-18T06:21:16+08:00,FJ-03,989,2.2,2.0,56.8,0.24,40.8
2026-09-18T06:22:16+08:00,FJ-03,989,2.1,2.0,57.0,0.24,41.4
2026-09-18T06:23:16+08:00,FJ-03,990,2.1,2.0,56.9,0.25,42.0
2026-09-18T06:24:16+08:00,FJ-03,990,2.1,2.0,56.5,0.24,41.0
2026-09-18T06:25:16+08:00,FJ-03,990,2.1,2.1,57.3,0.25,41.4
2026-09-18T06:26:16+08:00,FJ-03,990,2.1,1.9,57.2,0.25,41.6
2026-09-18T06:27:16+08:00,FJ-03,989,2.2,2.0,57.3,0.25,41.5
2026-09-18T06:28:16+08:00,FJ-03,988,2.1,2.0,57.4,0.24,41.4
2026-09-18T06:29:16+08:00,FJ-03,991,2.2,2.0,56.9,0.24,42.1
2026-09-18T06:30:16+08:00,FJ-03,990,2.1,2.0,57.4,0.25,41.3
2026-09-18T06:31:16+08:00,FJ-03,989,2.2,2.0,57.4,0.24,41.1
2026-09-18T06:32:16+08:00,FJ-03,990,2.1,1.9,56.1,0.24,41.6
2026-09-18T06:33:16+08:00,FJ-03,990,2.1,2.0,57.6,0.24,42.0
2026-09-18T06:34:16+08:00,FJ-03,989,2.1,2.0,57.1,0.24,42.0
2026-09-18T06:35:16+08:00,FJ-03,990,2.1,2.0,57.1,0.24,41.2
2026-09-18T06:36:16+08:00,FJ-03,988,2.1,2.0,57.2,0.24,41.8
2026-09-18T06:37:16+08:00,FJ-03,989,2.1,2.0,57.1,0.24,42.0
2026-09-18T06:38:16+08:00,FJ-03,989,2.1,2.0,57.4,0.24,41.5
2026-09-18T06:39:16+08:00,FJ-03,989,2.1,2.0,57.1,0.24,41.3
2026-09-18T06:40:16+08:00,FJ-03,989,2.1,2.0,56.0,0.24,41.4
2026-09-18T06:41:16+08:00,FJ-03,991,2.1,2.0,57.4,0.24,41.5
2026-09-18T06:42:16+08:00,FJ-03,989,2.2,2.0,56.5,0.25,41.7
2026-09-18T06:43:16+08:00,FJ-03,990,2.1,2.0,57.2,0.24,41.5
2026-09-18T06:44:16+08:00,FJ-03,990,2.1,2.1,57.5,0.25,41.6
2026-09-18T06:45:16+08:00,FJ-03,989,2.1,2.0,57.7,0.24,41.5
2026-09-18T06:46:16+08:00,FJ-03,988,2.1,2.0,56.2,0.25,41.8
2026-09-18T06:47:16+08:00,FJ-03,989,2.2,2.0,56.8,0.25,41.4
2026-09-18T06:48:16+08:00,FJ-03,991,2.2,2.0,57.0,0.24,41.1
2026-09-18T06:49:16+08:00,FJ-03,990,2.0,2.0,56.4,0.24,42.1
2026-09-18T06:50:16+08:00,FJ-03,990,2.1,2.0,56.9,0.24,41.4
2026-09-18T06:51:16+08:00,FJ-03,990,2.1,2.1,56.3,0.24,41.1
2026-09-18T06:52:16+08:00,FJ-03,990,2.1,2.1,58.3,0.25,41.5
2026-09-18T06:53:16+08:00,FJ-03,990,2.2,2.0,56.7,0.24,41.6
2026-09-18T06:54:16+08:00,FJ-03,990,2.1,2.0,57.5,0.24,41.4
2026-09-18T06:55:16+08:00,FJ-03,988,2.1,2.0,56.4,0.24,41.7
2026-09-18T06:56:16+08:00,FJ-03,988,2.1,2.0,57.3,0.24,41.7
2026-09-18T06:57:16+08:00,FJ-03,988,2.1,2.0,57.3,0.24,41.9
2026-09-18T06:58:16+08:00,FJ-03,989,2.2,2.0,57.2,0.24,41.4
2026-09-18T06:59:16+08:00,FJ-03,990,2.1,2.0,56.6,0.24,41.4
2026-09-18T07:00:16+08:00,FJ-03,989,2.2,2.0,58.1,0.24,42.5
2026-09-18T07:01:16+08:00,FJ-03,988,2.1,2.0,56.9,0.24,41.6
2026-09-18T07:02:16+08:00,FJ-03,989,2.1,2.0,56.9,0.24,41.8
2026-09-18T07:03:16+08:00,FJ-03,988,2.1,2.0,56.7,0.24,41.5
2026-09-18T07:04:16+08:00,FJ-03,991,2.2,2.1,57.2,0.25,41.4
2026-09-18T07:05:16+08:00,FJ-03,990,2.0,2.0,57.3,0.24,41.1
2026-09-18T07:06:16+08:00,FJ-03,991,2.1,2.0,57.5,0.25,41.2
2026-09-18T07:07:16+08:00,FJ-03,989,2.1,2.0,56.9,0.25,41.9
2026-09-18T07:08:16+08:00,FJ-03,988,2.1,2.0,56.8,0.24,41.1
2026-09-18T07:09:16+08:00,FJ-03,988,2.1,2.0,58.0,0.24,41.0
2026-09-18T07:10:16+08:00,FJ-03,990,2.1,2.0,56.7,0.25,41.7
2026-09-18T07:11:16+08:00,FJ-03,992,2.1,2.0,56.3,0.24,41.3
2026-09-18T07:12:16+08:00,FJ-03,989,2.1,2.0,57.2,0.24,42.0
2026-09-18T07:13:16+08:00,FJ-03,990,2.1,2.0,57.5,0.24,41.7
2026-09-18T07:14:16+08:00,FJ-03,990,2.1,2.0,56.7,0.25,41.3
2026-09-18T07:15:16+08:00,FJ-03,990,2.1,1.9,57.4,0.24,41.3
2026-09-18T07:16:16+08:00,FJ-03,989,2.1,2.0,57.0,0.24,41.7
2026-09-18T07:17:16+08:00,FJ-03,990,2.1,1.9,56.9,0.24,41.5
2026-09-18T07:18:16+08:00,FJ-03,990,2.1,2.1,56.4,0.24,41.5
2026-09-18T07:19:16+08:00,FJ-03,990,2.2,2.0,56.7,0.24,41.1
2026-09-18T07:20:16+08:00,FJ-03,990,2.1,2.0,56.3,0.24,41.4
2026-09-18T07:21:16+08:00,FJ-03,989,2.2,2.0,57.0,0.25,41.6
2026-09-18T07:22:16+08:00,FJ-03,991,2.1,2.0,57.1,0.24,41.1
2026-09-18T07:23:16+08:00,FJ-03,989,2.1,2.0,57.8,0.25,41.4
2026-09-18T07:24:16+08:00,FJ-03,990,2.1,2.0,56.6,0.24,41.9
2026-09-18T07:25:16+08:00,FJ-03,990,2.2,2.0,56.7,0.25,41.5
2026-09-18T07:26:16+08:00,FJ-03,988,2.2,2.0,57.3,0.24,41.7
2026-09-18T07:27:16+08:00,FJ-03,990,2.1,2.0,56.6,0.25,41.4
2026-09-18T07:28:16+08:00,FJ-03,989,2.2,2.0,57.2,0.24,41.0
2026-09-18T07:29:16+08:00,FJ-03,989,2.2,2.0,57.0,0.24,41.9
2026-09-18T07:30:16+08:00,FJ-03,989,2.2,2.0,56.0,0.24,41.5
2026-09-18T07:31:16+08:00,FJ-03,989,2.1,2.0,57.4,0.25,41.0
2026-09-18T07:32:16+08:00,FJ-03,990,2.2,2.0,56.8,0.25,41.0
2026-09-18T07:33:16+08:00,FJ-03,991,2.2,2.0,56.6,0.24,41.9
2026-09-18T07:34:16+08:00,FJ-03,991,2.1,2.0,57.0,0.24,41.6
2026-09-18T07:35:16+08:00,FJ-03,988,2.1,2.0,57.3,0.24,41.3
2026-09-18T07:36:16+08:00,FJ-03,990,2.1,2.0,57.0,0.25,41.7
2026-09-18T07:37:16+08:00,FJ-03,990,2.1,2.0,56.7,0.25,41.5
2026-09-18T07:38:16+08:00,FJ-03,989,2.1,2.0,56.5,0.25,42.6
2026-09-18T07:39:16+08:00,FJ-03,991,2.1,1.9,57.5,0.24,41.5
2026-09-18T07:40:16+08:00,FJ-03,989,2.1,1.9,57.3,0.24,41.9
2026-09-18T07:41:16+08:00,FJ-03,989,2.1,2.0,57.0,0.25,41.5
2026-09-18T07:42:16+08:00,FJ-03,988,2.2,2.0,57.1,0.24,41.4
2026-09-18T07:43:16+08:00,FJ-03,991,2.2,2.0,57.3,0.24,41.5
2026-09-18T07:44:16+08:00,FJ-03,988,2.1,2.0,56.5,0.24,42.2
2026-09-18T07:45:16+08:00,FJ-03,989,2.1,1.9,57.1,0.25,41.1
2026-09-18T07:46:16+08:00,FJ-03,989,2.0,2.0,57.1,0.24,41.3
2026-09-18T07:47:16+08:00,FJ-03,990,2.2,2.0,56.8,0.25,41.8
2026-09-18T07:48:16+08:00,FJ-03,990,2.1,2.0,57.1,0.24,41.7
2026-09-18T07:49:16+08:00,FJ-03,990,2.1,2.0,56.9,0.24,41.5
2026-09-18T07:50:16+08:00,FJ-03,989,2.1,2.0,57.2,0.24,41.8
2026-09-18T07:51:16+08:00,FJ-03,990,2.1,2.0,57.3,0.25,41.9
2026-09-18T07:52:16+08:00,FJ-03,991,2.1,2.0,57.3,0.24,42.1
2026-09-18T07:53:16+08:00,FJ-03,991,2.2,2.1,56.5,0.25,41.7
2026-09-18T07:54:16+08:00,FJ-03,990,2.1,2.0,56.4,0.25,41.6
2026-09-18T07:55:16+08:00,FJ-03,988,2.1,2.0,57.3,0.25,41.6
2026-09-18T07:56:16+08:00,FJ-03,989,2.2,2.0,56.9,0.24,41.5
2026-09-18T07:57:16+08:00,FJ-03,990,2.1,2.0,57.2,0.24,41.7
2026-09-18T07:58:16+08:00,FJ-03,988,2.0,2.0,56.2,0.24,41.5
2026-09-18T07:59:16+08:00,FJ-03,989,2.2,2.0,57.3,0.25,41.3
2026-09-18T08:00:16+08:00,FJ-03,990,2.0,2.0,58.0,0.24,41.2
2026-09-18T08:01:16+08:00,FJ-03,989,2.1,2.1,56.8,0.25,41.3
2026-09-18T08:02:16+08:00,FJ-03,991,2.2,2.0,57.7,0.24,41.5
2026-09-18T08:03:16+08:00,FJ-03,989,2.2,2.0,56.3,0.24,41.4
2026-09-18T08:04:16+08:00,FJ-03,989,2.1,2.0,57.0,0.25,41.9
2026-09-18T08:05:16+08:00,FJ-03,989,2.1,2.0,56.9,0.25,41.1
2026-09-18T08:06:16+08:00,FJ-03,989,2.2,2.0,57.0,0.24,41.9
2026-09-18T08:07:16+08:00,FJ-03,989,2.2,1.9,57.2,0.24,41.7
2026-09-18T08:08:16+08:00,FJ-03,989,2.1,2.0,57.4,0.25,41.4
2026-09-18T08:09:16+08:00,FJ-03,992,2.2,2.0,56.9,0.24,41.9
2026-09-18T08:10:16+08:00,FJ-03,989,2.1,2.0,56.9,0.24,41.2
2026-09-18T08:11:16+08:00,FJ-03,990,2.1,2.1,56.9,0.24,41.5
2026-09-18T08:12:16+08:00,FJ-03,989,2.1,2.0,57.7,0.25,41.9
2026-09-18T08:13:16+08:00,FJ-03,990,2.1,2.0,56.9,0.24,41.6
2026-09-18T08:14:16+08:00,FJ-03,990,2.1,2.0,56.6,0.24,42.0
2026-09-18T08:15:16+08:00,FJ-03,990,2.1,2.0,56.8,0.24,41.2
2026-09-18T08:16:16+08:00,FJ-03,991,2.0,2.1,57.2,0.25,41.3
2026-09-18T08:17:16+08:00,FJ-03,990,2.0,2.1,56.5,0.24,41.7
2026-09-18T08:18:16+08:00,FJ-03,989,2.1,2.0,56.6,0.23,41.5
2026-09-18T08:19:16+08:00,FJ-03,989,2.2,2.1,57.1,0.24,41.4
2026-09-18T08:20:16+08:00,FJ-03,991,2.2,2.0,57.3,0.24,42.0
2026-09-18T08:21:16+08:00,FJ-03,991,2.2,2.0,57.4,0.25,41.6
2026-09-18T08:22:16+08:00,FJ-03,989,2.2,2.1,57.5,0.24,41.8
2026-09-18T08:23:16+08:00,FJ-03,990,2.1,2.0,56.3,0.25,41.2
2026-09-18T08:24:16+08:00,FJ-03,990,2.1,2.0,57.4,0.24,42.3
2026-09-18T08:25:16+08:00,FJ-03,990,2.2,2.0,57.6,0.24,41.6
2026-09-18T08:26:16+08:00,FJ-03,990,2.1,1.9,56.7,0.24,41.7
2026-09-18T08:27:16+08:00,FJ-03,990,2.2,2.0,57.6,0.25,40.9
2026-09-18T08:28:16+08:00,FJ-03,990,2.1,2.1,57.1,0.24,41.6
2026-09-18T08:29:16+08:00,FJ-03,989,2.2,2.0,56.8,0.24,41.2
2026-09-18T08:30:16+08:00,FJ-03,990,2.1,2.1,56.4,0.24,41.4
2026-09-18T08:31:16+08:00,FJ-03,989,2.1,2.0,56.8,0.24,41.4
2026-09-18T08:32:16+08:00,FJ-03,990,2.1,2.0,56.8,0.25,41.9
2026-09-18T08:33:16+08:00,FJ-03,989,2.1,2.0,57.3,0.25,41.2
2026-09-18T08:34:16+08:00,FJ-03,988,2.1,2.1,57.2,0.24,41.4
2026-09-18T08:35:16+08:00,FJ-03,990,2.1,2.0,56.3,0.25,41.1
2026-09-18T08:36:16+08:00,FJ-03,990,2.1,2.0,57.4,0.24,42.0
2026-09-18T08:37:16+08:00,FJ-03,990,2.1,2.0,57.0,0.24,41.8
2026-09-18T08:38:16+08:00,FJ-03,989,2.1,2.0,57.1,0.23,41.6
2026-09-18T08:39:16+08:00,FJ-03,991,2.2,2.0,56.5,0.24,41.9
2026-09-18T08:40:16+08:00,FJ-03,991,2.2,2.0,57.3,0.24,41.8
2026-09-18T08:41:16+08:00,FJ-03,991,2.1,2.1,57.3,0.24,41.6
2026-09-18T08:42:16+08:00,FJ-03,989,2.2,2.1,57.2,0.24,41.2
2026-09-18T08:43:16+08:00,FJ-03,989,2.1,1.9,56.6,0.24,41.3
2026-09-18T08:44:16+08:00,FJ-03,990,2.2,2.0,56.8,0.24,41.8
2026-09-18T08:45:16+08:00,FJ-03,990,2.2,2.0,57.1,0.24,41.6
2026-09-18T08:46:16+08:00,FJ-03,989,2.1,2.0,57.1,0.25,41.3
2026-09-18T08:47:16+08:00,FJ-03,990,2.1,2.0,57.0,0.25,41.2
2026-09-18T08:48:16+08:00,FJ-03,990,2.1,2.0,56.9,0.24,41.6
2026-09-18T08:49:16+08:00,FJ-03,989,2.2,2.0,57.4,0.25,41.8
2026-09-18T08:50:16+08:00,FJ-03,990,2.1,2.0,57.4,0.24,41.7
2026-09-18T08:51:16+08:00,FJ-03,989,2.2,2.1,57.3,0.24,41.6
2026-09-18T08:52:16+08:00,FJ-03,990,2.1,2.0,57.1,0.24,41.0
2026-09-18T08:53:16+08:00,FJ-03,988,2.2,2.0,57.2,0.24,41.5
2026-09-18T08:54:16+08:00,FJ-03,989,2.1,2.0,56.3,0.24,42.0
2026-09-18T08:55:16+08:00,FJ-03,989,2.2,2.0,56.4,0.24,41.6
2026-09-18T08:56:16+08:00,FJ-03,988,2.2,2.0,57.3,0.24,41.4
2026-09-18T08:57:16+08:00,FJ-03,988,2.2,2.0,57.6,0.24,41.4
2026-09-18T08:58:16+08:00,FJ-03,989,2.1,2.0,57.5,0.24,41.9
2026-09-18T08:59:16+08:00,FJ-03,990,2.2,2.1,56.5,0.24,42.4
2026-09-18T09:00:16+08:00,FJ-03,990,2.1,2.1,57.4,0.24,41.5
2026-09-18T09:01:16+08:00,FJ-03,989,2.2,2.1,57.2,0.24,41.7
2026-09-18T09:02:16+08:00,FJ-03,989,2.2,2.0,56.7,0.24,41.4
2026-09-18T09:03:16+08:00,FJ-03,991,2.1,1.9,57.3,0.24,41.4
2026-09-18T09:04:16+08:00,FJ-03,989,2.1,2.0,57.6,0.24,41.9
2026-09-18T09:05:16+08:00,FJ-03,991,2.1,2.0,57.0,0.24,41.5
2026-09-18T09:06:16+08:00,FJ-03,990,2.1,2.0,57.4,0.24,41.6
2026-09-18T09:07:16+08:00,FJ-03,991,2.2,2.0,56.9,0.25,41.7
2026-09-18T09:08:16+08:00,FJ-03,990,2.1,2.1,56.8,0.25,41.3
2026-09-18T09:09:16+08:00,FJ-03,989,2.1,2.0,57.5,0.24,41.0
2026-09-18T09:10:16+08:00,FJ-03,989,2.1,2.0,56.2,0.24,41.5
2026-09-18T09:11:16+08:00,FJ-03,991,2.1,2.1,56.8,0.24,41.2
2026-09-18T09:12:16+08:00,FJ-03,989,2.2,2.1,57.1,0.24,42.0
2026-09-18T09:13:16+08:00,FJ-03,989,2.1,2.0,57.1,0.24,41.8
2026-09-18T09:14:16+08:00,FJ-03,991,2.1,2.0,57.7,0.24,42.2
2026-09-18T09:15:16+08:00,FJ-03,989,2.1,2.0,57.7,0.25,41.1
2026-09-18T09:16:16+08:00,FJ-03,990,2.1,2.0,57.2,0.24,41.1
2026-09-18T09:17:16+08:00,FJ-03,989,2.1,2.0,56.2,0.25,41.8
2026-09-18T09:18:16+08:00,FJ-03,990,2.1,2.0,56.4,0.24,41.6
2026-09-18T09:19:16+08:00,FJ-03,989,2.1,2.0,56.2,0.24,41.4
2026-09-18T09:20:16+08:00,FJ-03,990,2.2,2.0,57.6,0.24,41.7
2026-09-18T09:21:16+08:00,FJ-03,989,2.2,2.0,56.6,0.25,42.1
2026-09-18T09:22:16+08:00,FJ-03,990,2.1,1.9,56.9,0.24,42.0
2026-09-18T09:23:16+08:00,FJ-03,989,2.2,2.0,56.6,0.25,41.4
2026-09-18T09:24:16+08:00,FJ-03,989,2.1,2.0,56.5,0.25,41.1
2026-09-18T09:25:16+08:00,FJ-03,989,2.2,2.0,56.7,0.24,41.4
2026-09-18T09:26:16+08:00,FJ-03,990,2.1,2.1,56.6,0.25,41.5
2026-09-18T09:27:16+08:00,FJ-03,989,2.1,2.0,56.9,0.24,41.9
2026-09-18T09:28:16+08:00,FJ-03,991,2.2,2.0,56.9,0.24,42.2
2026-09-18T09:29:16+08:00,FJ-03,989,2.1,2.0,57.3,0.24,42.2
2026-09-18T09:30:16+08:00,FJ-03,990,2.1,2.1,57.5,0.24,41.7
2026-09-18T09:31:16+08:00,FJ-03,990,2.2,2.0,56.8,0.25,41.9
2026-09-18T09:32:16+08:00,FJ-03,989,2.2,2.0,56.5,0.24,41.4
2026-09-18T09:33:16+08:00,FJ-03,990,2.2,2.0,56.7,0.25,41.5
2026-09-18T09:34:16+08:00,FJ-03,989,2.2,2.0,57.7,0.24,41.8
2026-09-18T09:35:16+08:00,FJ-03,989,2.2,1.9,57.3,0.24,41.9
2026-09-18T09:36:16+08:00,FJ-03,990,2.2,2.0,56.6,0.24,41.6
2026-09-18T09:37:16+08:00,FJ-03,990,2.1,2.0,57.6,0.25,41.5
2026-09-18T09:38:16+08:00,FJ-03,990,2.2,2.1,57.0,0.25,41.6
2026-09-18T09:39:16+08:00,FJ-03,988,2.2,2.0,57.3,0.24,41.8
2026-09-18T09:40:16+08:00,FJ-03,990,2.1,2.0,57.5,0.24,41.3
2026-09-18T09:41:16+08:00,FJ-03,990,2.2,2.0,56.6,0.24,41.9
2026-09-18T09:42:16+08:00,FJ-03,990,2.1,2.1,57.6,0.24,40.8
2026-09-18T09:43:16+08:00,FJ-03,989,2.2,2.0,56.9,0.24,42.0
2026-09-18T09:44:16+08:00,FJ-03,990,2.1,2.1,57.1,0.24,42.0
2026-09-18T09:45:16+08:00,FJ-03,988,2.1,2.0,56.8,0.25,41.5
2026-09-18T09:46:16+08:00,FJ-03,989,2.2,2.1,57.0,0.24,41.3
2026-09-18T09:47:16+08:00,FJ-03,991,2.1,2.0,56.5,0.24,41.4
2026-09-18T09:48:16+08:00,FJ-03,990,2.1,1.9,57.3,0.24,42.0
2026-09-18T09:49:16+08:00,FJ-03,989,2.2,2.0,57.1,0.25,42.0
2026-09-18T09:50:16+08:00,FJ-03,990,2.2,2.0,57.2,0.25,42.1
2026-09-18T09:51:16+08:00,FJ-03,990,2.1,2.0,56.7,0.25,40.9
2026-09-18T09:52:16+08:00,FJ-03,991,2.1,2.1,57.6,0.24,41.4
2026-09-18T09:53:16+08:00,FJ-03,989,2.1,2.0,56.5,0.24,41.9
2026-09-18T09:54:16+08:00,FJ-03,989,2.1,2.0,57.2,0.24,41.2
2026-09-18T09:55:16+08:00,FJ-03,989,2.0,2.0,56.6,0.24,42.1
2026-09-18T09:56:16+08:00,FJ-03,990,2.1,2.0,56.7,0.25,41.7
2026-09-18T09:57:16+08:00,FJ-03,991,2.2,2.0,56.7,0.24,41.6
2026-09-18T09:58:16+08:00,FJ-03,990,2.1,2.1,56.7,0.24,41.9
2026-09-18T09:59:16+08:00,FJ-03,992,2.1,2.1,58.1,0.25,41.2
2026-09-18T10:00:16+08:00,FJ-03,990,2.2,2.0,57.3,0.24,41.9
2026-09-18T10:01:16+08:00,FJ-03,990,2.1,2.0,56.6,0.24,41.4
2026-09-18T10:02:16+08:00,FJ-03,990,2.1,2.0,57.2,0.24,41.5
2026-09-18T10:03:16+08:00,FJ-03,989,2.1,2.0,57.1,0.24,41.8
2026-09-18T10:04:16+08:00,FJ-03,989,2.2,2.0,57.3,0.24,41.5
2026-09-18T10:05:16+08:00,FJ-03,990,2.2,2.0,57.6,0.25,41.5
2026-09-18T10:06:16+08:00,FJ-03,991,2.2,2.0,57.0,0.24,41.4
2026-09-18T10:07:16+08:00,FJ-03,989,2.1,2.0,57.0,0.25,41.7
2026-09-18T10:08:16+08:00,FJ-03,990,2.2,2.0,57.5,0.24,42.3
2026-09-18T10:09:16+08:00,FJ-03,989,2.1,1.9,57.3,0.24,41.4
2026-09-18T10:10:16+08:00,FJ-03,988,2.1,2.0,57.0,0.24,41.7
2026-09-18T10:11:16+08:00,FJ-03,991,2.1,2.0,56.3,0.24,41.4
2026-09-18T10:12:16+08:00,FJ-03,990,2.1,2.0,57.1,0.24,41.4
2026-09-18T10:13:16+08:00,FJ-03,989,2.1,2.0,56.5,0.24,41.7
2026-09-18T10:14:16+08:00,FJ-03,989,2.2,2.1,56.7,0.24,41.7
2026-09-18T10:15:16+08:00,FJ-03,989,2.1,2.0,56.9,0.24,41.1
2026-09-18T10:16:16+08:00,FJ-03,991,2.1,2.0,57.8,0.24,41.6
2026-09-18T10:17:16+08:00,FJ-03,989,2.3,2.0,57.4,0.24,41.9
2026-09-18T10:18:16+08:00,FJ-03,990,2.1,2.0,56.2,0.24,41.9
2026-09-18T10:19:16+08:00,FJ-03,991,2.1,2.0,57.3,0.24,41.5
2026-09-18T10:20:16+08:00,FJ-03,990,2.2,2.1,57.0,0.24,41.3
2026-09-18T10:21:16+08:00,FJ-03,990,2.2,2.0,57.3,0.24,42.0
2026-09-18T10:22:16+08:00,FJ-03,989,2.1,2.0,57.0,0.24,41.5
2026-09-18T10:23:16+08:00,FJ-03,990,2.1,2.0,57.2,0.25,41.6
2026-09-18T10:24:16+08:00,FJ-03,989,2.2,2.1,57.0,0.24,42.0
2026-09-18T10:25:16+08:00,FJ-03,988,2.2,2.0,56.9,0.24,41.5
2026-09-18T10:26:16+08:00,FJ-03,990,2.2,2.0,57.1,0.24,41.8
2026-09-18T10:27:16+08:00,FJ-03,990,2.1,2.0,57.5,0.24,41.5
2026-09-18T10:28:16+08:00,FJ-03,990,2.1,2.0,57.2,0.25,41.1
2026-09-18T10:29:16+08:00,FJ-03,990,2.2,1.9,57.2,0.25,41.7
2026-09-18T10:30:16+08:00,FJ-03,988,2.1,1.9,57.0,0.24,41.1
2026-09-18T10:31:16+08:00,FJ-03,989,2.1,2.0,57.5,0.25,41.7
2026-09-18T10:32:16+08:00,FJ-03,990,2.2,2.1,56.3,0.24,41.6
2026-09-18T10:33:16+08:00,FJ-03,989,2.1,2.1,57.0,0.24,41.3
2026-09-18T10:34:16+08:00,FJ-03,989,2.2,2.0,56.9,0.24,41.8
2026-09-18T10:35:16+08:00,FJ-03,990,2.2,2.0,57.5,0.24,42.2
2026-09-18T10:36:16+08:00,FJ-03,989,2.2,2.1,57.2,0.24,41.8
2026-09-18T10:37:16+08:00,FJ-03,990,2.1,2.0,57.7,0.24,42.2
2026-09-18T10:38:16+08:00,FJ-03,990,2.1,1.9,56.9,0.24,41.2
2026-09-18T10:39:16+08:00,FJ-03,990,2.1,2.0,57.3,0.25,41.8
2026-09-18T10:40:16+08:00,FJ-03,990,2.1,2.1,57.3,0.25,41.4
2026-09-18T10:41:16+08:00,FJ-03,989,2.1,2.0,56.7,0.24,42.0
2026-09-18T10:42:16+08:00,FJ-03,990,2.1,2.0,57.0,0.25,41.4
2026-09-18T10:43:16+08:00,FJ-03,989,2.1,2.0,57.1,0.25,41.5
2026-09-18T10:44:16+08:00,FJ-03,990,2.1,2.0,56.9,0.25,41.6
2026-09-18T10:45:16+08:00,FJ-03,990,2.1,2.0,57.0,0.24,41.7
2026-09-18T10:46:16+08:00,FJ-03,990,2.1,2.0,57.5,0.24,41.7
2026-09-18T10:47:16+08:00,FJ-03,990,2.1,2.0,57.8,0.25,41.6
2026-09-18T10:48:16+08:00,FJ-03,990,2.1,2.0,57.4,0.24,41.8
2026-09-18T10:49:16+08:00,FJ-03,991,2.1,2.1,57.0,0.24,41.0
2026-09-18T10:50:16+08:00,FJ-03,989,2.2,2.0,57.7,0.24,41.4
2026-09-18T10:51:16+08:00,FJ-03,990,2.2,2.0,57.4,0.25,41.2
2026-09-18T10:52:16+08:00,FJ-03,989,2.1,2.0,56.5,0.24,41.2
2026-09-18T10:53:16+08:00,FJ-03,991,2.1,2.1,57.2,0.24,41.7
2026-09-18T10:54:16+08:00,FJ-03,990,2.2,2.0,56.9,0.25,41.7
2026-09-18T10:55:16+08:00,FJ-03,990,2.2,2.0,57.7,0.24,41.3
2026-09-18T10:56:16+08:00,FJ-03,990,2.1,1.9,57.0,0.24,41.4
2026-09-18T10:57:16+08:00,FJ-03,991,2.1,2.0,56.7,0.24,41.6
2026-09-18T10:58:16+08:00,FJ-03,989,2.2,2.0,56.8,0.25,42.0
2026-09-18T10:59:16+08:00,FJ-03,989,2.2,2.1,57.6,0.24,41.6
2026-09-18T11:00:16+08:00,FJ-03,989,2.1,2.0,57.2,0.24,41.4
2026-09-18T11:01:16+08:00,FJ-03,989,2.1,2.1,57.9,0.24,41.7
2026-09-18T11:02:16+08:00,FJ-03,990,2.1,2.0,57.1,0.24,41.7
2026-09-18T11:03:16+08:00,FJ-03,989,2.1,2.0,57.3,0.24,41.7
2026-09-18T11:04:16+08:00,FJ-03,990,2.1,2.0,57.0,0.24,41.1
2026-09-18T11:05:16+08:00,FJ-03,990,2.1,2.0,57.7,0.24,41.7
2026-09-18T11:06:16+08:00,FJ-03,989,2.2,2.1,57.0,0.25,41.8
2026-09-18T11:07:16+08:00,FJ-03,989,2.1,2.0,57.2,0.24,41.8
2026-09-18T11:08:16+08:00,FJ-03,990,2.1,2.0,56.9,0.25,41.3
2026-09-18T11:09:16+08:00,FJ-03,991,2.1,2.1,58.0,0.24,41.3
2026-09-18T11:10:16+08:00,FJ-03,990,2.1,2.0,57.2,0.24,41.9
2026-09-18T11:11:16+08:00,FJ-03,989,2.1,2.0,57.3,0.24,41.6
2026-09-18T11:12:16+08:00,FJ-03,990,2.1,2.0,56.8,0.24,41.5
2026-09-18T11:13:16+08:00,FJ-03,990,2.1,1.9,56.3,0.24,41.5
2026-09-18T11:14:16+08:00,FJ-03,989,2.1,2.1,57.3,0.24,41.5
2026-09-18T11:15:16+08:00,FJ-03,989,2.2,2.0,57.0,0.24,42.2
2026-09-18T11:16:16+08:00,FJ-03,990,2.2,2.0,56.2,0.24,41.4
2026-09-18T11:17:16+08:00,FJ-03,988,2.1,2.0,56.9,0.24,41.8
2026-09-18T11:18:16+08:00,FJ-03,991,2.2,2.0,57.2,0.24,41.2
2026-09-18T11:19:16+08:00,FJ-03,988,2.1,2.0,57.5,0.25,41.9
2026-09-18T11:20:16+08:00,FJ-03,990,2.1,2.0,57.5,0.24,41.2
2026-09-18T11:21:16+08:00,FJ-03,989,2.1,2.1,57.3,0.24,41.7
2026-09-18T11:22:16+08:00,FJ-03,990,2.1,2.0,57.2,0.25,42.2
2026-09-18T11:23:16+08:00,FJ-03,991,2.2,2.0,57.7,0.25,41.6
2026-09-18T11:24:16+08:00,FJ-03,990,2.1,2.1,57.1,0.24,41.7
2026-09-18T11:25:16+08:00,FJ-03,988,2.2,2.0,57.0,0.24,41.9
2026-09-18T11:26:16+08:00,FJ-03,990,2.1,2.0,57.0,0.24,41.7
2026-09-18T11:27:16+08:00,FJ-03,989,2.2,2.0,56.6,0.24,41.4
2026-09-18T11:28:16+08:00,FJ-03,989,2.1,2.0,56.8,0.24,41.6
2026-09-18T11:29:16+08:00,FJ-03,990,2.2,2.0,56.9,0.25,41.6
2026-09-18T11:30:16+08:00,FJ-03,990,2.2,1.9,57.0,0.24,41.4
2026-09-18T11:31:16+08:00,FJ-03,990,2.1,2.0,57.0,0.24,41.9
2026-09-18T11:32:16+08:00,FJ-03,989,2.1,1.9,57.6,0.24,41.8
2026-09-18T11:33:16+08:00,FJ-03,990,2.2,2.0,56.9,0.24,41.8
2026-09-18T11:34:16+08:00,FJ-03,991,2.1,2.0,56.9,0.24,41.9
2026-09-18T11:35:16+08:00,FJ-03,990,2.1,2.0,57.2,0.24,42.0
2026-09-18T11:36:16+08:00,FJ-03,990,2.2,2.0,57.8,0.25,41.6
2026-09-18T11:37:16+08:00,FJ-03,989,2.1,2.0,56.4,0.25,41.6
2026-09-18T11:38:16+08:00,FJ-03,989,2.1,2.0,57.5,0.25,42.4
2026-09-18T11:39:16+08:00,FJ-03,989,2.2,2.1,57.5,0.24,41.6
2026-09-18T11:40:16+08:00,FJ-03,990,2.1,2.0,57.3,0.24,41.8
2026-09-18T11:41:16+08:00,FJ-03,991,2.1,2.0,57.3,0.24,41.2
2026-09-18T11:42:16+08:00,FJ-03,991,2.1,2.0,57.2,0.24,41.7
2026-09-18T11:43:16+08:00,FJ-03,989,2.2,2.0,57.2,0.25,41.2
2026-09-18T11:44:16+08:00,FJ-03,989,2.2,2.0,56.8,0.25,41.6
2026-09-18T11:45:16+08:00,FJ-03,989,2.1,2.0,56.4,0.24,41.4
2026-09-18T11:46:16+08:00,FJ-03,991,2.1,2.1,57.0,0.25,41.1
2026-09-18T11:47:16+08:00,FJ-03,989,2.1,2.0,57.3,0.25,41.8
2026-09-18T11:48:16+08:00,FJ-03,990,2.1,2.0,57.3,0.24,41.5
2026-09-18T11:49:16+08:00,FJ-03,990,2.2,2.0,57.6,0.24,41.5
2026-09-18T11:50:16+08:00,FJ-03,989,2.2,1.9,57.6,0.24,41.6
2026-09-18T11:51:16+08:00,FJ-03,989,2.2,2.1,57.1,0.24,42.1
2026-09-18T11:52:16+08:00,FJ-03,989,2.1,1.9,56.8,0.24,41.9
2026-09-18T11:53:16+08:00,FJ-03,989,2.1,2.0,57.3,0.24,41.1
2026-09-18T11:54:16+08:00,FJ-03,991,2.2,2.0,58.4,0.25,42.0
2026-09-18T11:55:16+08:00,FJ-03,990,2.2,2.1,57.4,0.24,42.0
2026-09-18T11:56:16+08:00,FJ-03,990,2.2,2.1,57.5,0.25,41.6
2026-09-18T11:57:16+08:00,FJ-03,990,2.1,2.0,57.3,0.25,41.8
2026-09-18T11:58:16+08:00,FJ-03,990,2.1,2.0,57.9,0.24,41.5
2026-09-18T11:59:16+08:00,FJ-03,991,2.1,2.0,57.2,0.24,41.5
2026-09-18T12:00:16+08:00,FJ-03,991,2.1,2.0,57.4,0.25,41.8
2026-09-18T12:01:16+08:00,FJ-03,990,2.2,2.0,57.6,0.24,41.4
2026-09-18T12:02:16+08:00,FJ-03,990,2.2,2.0,57.2,0.24,41.3
2026-09-18T12:03:16+08:00,FJ-03,988,2.2,2.0,56.9,0.24,41.8
2026-09-18T12:04:16+08:00,FJ-03,990,2.1,2.1,57.1,0.24,41.9
2026-09-18T12:05:16+08:00,FJ-03,989,2.2,2.0,56.1,0.24,41.4
2026-09-18T12:06:16+08:00,FJ-03,992,2.2,2.0,57.0,0.24,41.5
2026-09-18T12:07:16+08:00,FJ-03,991,2.1,2.1,57.5,0.24,42.1
2026-09-18T12:08:16+08:00,FJ-03,989,2.1,1.9,57.1,0.24,41.5
2026-09-18T12:09:16+08:00,FJ-03,989,2.1,2.0,57.0,0.24,42.1
2026-09-18T12:10:16+08:00,FJ-03,990,2.1,1.9,57.7,0.24,41.3
2026-09-18T12:11:16+08:00,FJ-03,988,2.1,2.1,57.7,0.25,42.0
2026-09-18T12:12:16+08:00,FJ-03,989,2.1,2.0,57.9,0.24,41.9
2026-09-18T12:13:16+08:00,FJ-03,991,2.1,2.0,57.0,0.24,41.7
2026-09-18T12:14:16+08:00,FJ-03,990,2.1,2.1,57.1,0.24,41.6
2026-09-18T12:15:16+08:00,FJ-03,990,2.1,2.0,57.3,0.24,41.1
2026-09-18T12:16:16+08:00,FJ-03,988,2.2,2.0,57.5,0.24,41.6
2026-09-18T12:17:16+08:00,FJ-03,990,2.1,2.0,56.9,0.24,41.7
2026-09-18T12:18:16+08:00,FJ-03,990,2.1,2.0,56.3,0.24,41.0
2026-09-18T12:19:16+08:00,FJ-03,989,2.1,2.0,57.5,0.24,41.1
2026-09-18T12:20:16+08:00,FJ-03,991,2.1,2.1,57.2,0.24,41.4
2026-09-18T12:21:16+08:00,FJ-03,989,2.2,2.0,57.1,0.24,41.8
2026-09-18T12:22:16+08:00,FJ-03,989,2.1,2.0,57.3,0.24,41.6
2026-09-18T12:23:16+08:00,FJ-03,990,2.1,2.0,57.1,0.24,42.2
2026-09-18T12:24:16+08:00,FJ-03,990,2.1,2.0,57.1,0.25,42.1
2026-09-18T12:25:16+08:00,FJ-03,990,2.2,2.1,58.1,0.24,42.0
2026-09-18T12:26:16+08:00,FJ-03,989,2.2,2.0,56.8,0.25,41.4
2026-09-18T12:27:16+08:00,FJ-03,990,2.1,2.1,57.3,0.25,41.4
2026-09-18T12:28:16+08:00,FJ-03,989,2.2,2.0,57.0,0.25,41.8
2026-09-18T12:29:16+08:00,FJ-03,989,2.2,2.0,57.1,0.24,41.8
2026-09-18T12:30:16+08:00,FJ-03,991,2.2,2.0,57.0,0.24,41.7
2026-09-18T12:31:16+08:00,FJ-03,990,2.1,2.0,57.3,0.24,41.7
2026-09-18T12:32:16+08:00,FJ-03,989,2.2,2.1,57.3,0.25,41.7
2026-09-18T12:33:16+08:00,FJ-03,990,2.1,2.1,57.1,0.24,41.3
2026-09-18T12:34:16+08:00,FJ-03,990,2.1,1.9,56.7,0.23,41.7
2026-09-18T12:35:16+08:00,FJ-03,990,2.1,2.0,56.6,0.25,42.3
2026-09-18T12:36:16+08:00,FJ-03,990,2.1,2.1,57.4,0.24,41.3
2026-09-18T12:37:16+08:00,FJ-03,989,2.1,2.0,57.0,0.24,41.9
2026-09-18T12:38:16+08:00,FJ-03,990,2.2,2.1,56.3,0.24,41.7
2026-09-18T12:39:16+08:00,FJ-03,989,2.1,2.0,58.0,0.24,41.1
2026-09-18T12:40:16+08:00,FJ-03,990,2.1,2.0,57.9,0.24,41.6
2026-09-18T12:41:16+08:00,FJ-03,989,2.1,2.0,57.2,0.24,41.8
2026-09-18T12:42:16+08:00,FJ-03,990,2.2,2.0,57.0,0.24,42.0
2026-09-18T12:43:16+08:00,FJ-03,989,2.1,2.0,57.4,0.24,41.4
2026-09-18T12:44:16+08:00,FJ-03,990,2.1,2.0,57.3,0.24,41.7
2026-09-18T12:45:16+08:00,FJ-03,990,2.2,2.0,57.4,0.24,41.9
2026-09-18T12:46:16+08:00,FJ-03,991,2.1,2.0,57.2,0.24,41.4
2026-09-18T12:47:16+08:00,FJ-03,990,2.1,2.0,57.3,0.25,41.8
2026-09-18T12:48:16+08:00,FJ-03,991,2.1,1.9,56.7,0.24,41.5
2026-09-18T12:49:16+08:00,FJ-03,989,2.2,2.0,57.2,0.24,41.3
2026-09-18T12:50:16+08:00,FJ-03,990,2.2,2.1,57.3,0.24,41.8
2026-09-18T12:51:16+08:00,FJ-03,990,2.1,2.1,57.9,0.24,41.7
2026-09-18T12:52:16+08:00,FJ-03,989,2.1,2.0,57.3,0.25,41.6
2026-09-18T12:53:16+08:00,FJ-03,989,2.1,2.0,57.0,0.25,42.3
2026-09-18T12:54:16+08:00,FJ-03,990,2.1,2.0,57.5,0.25,41.7
2026-09-18T12:55:16+08:00,FJ-03,991,2.1,2.0,57.0,0.24,41.2
2026-09-18T12:56:16+08:00,FJ-03,991,2.1,2.0,57.4,0.24,42.2
2026-09-18T12:57:16+08:00,FJ-03,989,2.1,2.0,56.9,0.24,41.4
2026-09-18T12:58:16+08:00,FJ-03,990,2.2,2.0,57.6,0.24,41.4
2026-09-18T12:59:16+08:00,FJ-03,991,2.2,2.0,57.2,0.25,41.5
2026-09-18T13:00:16+08:00,FJ-03,990,2.1,2.1,56.8,0.24,41.9
2026-09-18T13:01:16+08:00,FJ-03,990,2.1,2.1,57.3,0.24,41.2
2026-09-18T13:02:16+08:00,FJ-03,991,2.1,2.1,57.3,0.25,42.2
2026-09-18T13:03:16+08:00,FJ-03,989,2.2,2.0,57.8,0.24,41.7
2026-09-18T13:04:16+08:00,FJ-03,990,2.1,2.0,56.4,0.24,40.9
2026-09-18T13:05:16+08:00,FJ-03,989,2.1,2.1,56.8,0.25,42.1
2026-09-18T13:06:16+08:00,FJ-03,990,2.1,2.1,57.2,0.24,42.0
2026-09-18T13:07:16+08:00,FJ-03,990,2.1,2.0,57.6,0.24,42.0
2026-09-18T13:08:16+08:00,FJ-03,990,2.1,2.0,58.0,0.25,41.5
2026-09-18T13:09:16+08:00,FJ-03,988,2.1,2.0,56.9,0.24,41.4
2026-09-18T13:10:16+08:00,FJ-03,990,2.1,2.0,56.6,0.24,41.6
2026-09-18T13:11:16+08:00,FJ-03,991,2.1,2.0,57.7,0.24,41.6
2026-09-18T13:12:16+08:00,FJ-03,990,2.1,2.1,56.8,0.25,41.1
2026-09-18T13:13:16+08:00,FJ-03,990,2.1,2.0,58.0,0.24,42.6
2026-09-18T13:14:16+08:00,FJ-03,989,2.1,2.0,56.6,0.24,41.9
2026-09-18T13:15:16+08:00,FJ-03,990,2.1,2.1,57.4,0.24,42.1
2026-09-18T13:16:16+08:00,FJ-03,989,2.2,2.1,57.3,0.24,41.6
2026-09-18T13:17:16+08:00,FJ-03,989,2.1,2.1,56.9,0.25,42.1
2026-09-18T13:18:16+08:00,FJ-03,989,2.2,2.1,57.4,0.24,42.0
2026-09-18T13:19:16+08:00,FJ-03,991,2.2,2.0,56.9,0.24,41.2
2026-09-18T13:20:16+08:00,FJ-03,989,2.1,2.0,57.3,0.24,41.5
2026-09-18T13:21:16+08:00,FJ-03,989,2.1,2.1,57.7,0.25,41.9
2026-09-18T13:22:16+08:00,FJ-03,991,2.2,2.1,57.4,0.25,42.2
2026-09-18T13:23:16+08:00,FJ-03,990,2.1,2.0,57.4,0.24,41.8
2026-09-18T13:24:16+08:00,FJ-03,989,2.1,2.0,57.3,0.24,41.4
2026-09-18T13:25:16+08:00,FJ-03,990,2.2,2.0,57.4,0.25,42.1
2026-09-18T13:26:16+08:00,FJ-03,989,2.1,2.1,57.1,0.24,41.5
2026-09-18T13:27:16+08:00,FJ-03,991,2.1,2.0,57.0,0.24,41.8
2026-09-18T13:28:16+08:00,FJ-03,990,2.1,2.0,58.0,0.25,41.9
2026-09-18T13:29:16+08:00,FJ-03,990,2.1,2.0,57.2,0.24,41.3
2026-09-18T13:30:16+08:00,FJ-03,991,2.1,2.0,57.6,0.24,41.8
2026-09-18T13:31:16+08:00,FJ-03,991,2.1,2.0,57.7,0.24,41.6
2026-09-18T13:32:16+08:00,FJ-03,989,2.0,2.1,57.7,0.25,41.3
2026-09-18T13:33:16+08:00,FJ-03,990,2.1,2.1,57.2,0.25,41.7
2026-09-18T13:34:16+08:00,FJ-03,990,2.2,2.0,57.5,0.24,41.6
2026-09-18T13:35:16+08:00,FJ-03,990,2.1,2.0,56.8,0.24,41.4
2026-09-18T13:36:16+08:00,FJ-03,991,2.1,2.0,57.0,0.24,41.9
2026-09-18T13:37:16+08:00,FJ-03,989,2.2,2.0,57.4,0.24,41.7
2026-09-18T13:38:16+08:00,FJ-03,990,2.1,2.0,58.5,0.24,41.8
2026-09-18T13:39:16+08:00,FJ-03,989,2.2,2.0,57.3,0.24,41.9
2026-09-18T13:40:16+08:00,FJ-03,990,2.2,2.1,57.3,0.24,41.8
2026-09-18T13:41:16+08:00,FJ-03,990,2.2,2.1,57.2,0.24,41.9
2026-09-18T13:42:16+08:00,FJ-03,988,2.2,2.0,56.9,0.25,41.4
2026-09-18T13:43:16+08:00,FJ-03,990,2.2,1.9,57.3,0.24,41.9
2026-09-18T13:44:16+08:00,FJ-03,990,2.1,2.0,57.4,0.24,41.5
2026-09-18T13:45:16+08:00,FJ-03,990,2.2,2.0,57.0,0.24,41.7
2026-09-18T13:46:16+08:00,FJ-03,989,2.1,2.0,56.7,0.24,41.9
2026-09-18T13:47:16+08:00,FJ-03,989,2.1,2.0,57.2,0.25,41.7
2026-09-18T13:48:16+08:00,FJ-03,991,2.2,2.1,57.0,0.24,41.4
2026-09-18T13:49:16+08:00,FJ-03,989,2.2,2.1,56.9,0.24,41.5
2026-09-18T13:50:16+08:00,FJ-03,990,2.1,2.0,57.6,0.24,41.9
2026-09-18T13:51:16+08:00,FJ-03,991,2.1,2.0,56.9,0.25,42.4
2026-09-18T13:52:16+08:00,FJ-03,990,2.1,2.1,57.1,0.24,41.6
2026-09-18T13:53:16+08:00,FJ-03,990,2.1,2.1,57.9,0.24,41.6
2026-09-18T13:54:16+08:00,FJ-03,991,2.2,2.0,57.2,0.25,41.8
2026-09-18T13:55:16+08:00,FJ-03,990,2.2,2.1,57.0,0.24,41.8
2026-09-18T13:56:16+08:00,FJ-03,989,2.1,2.0,57.1,0.25,42.0
2026-09-18T13:57:16+08:00,FJ-03,991,2.2,2.0,57.0,0.25,41.6
2026-09-18T13:58:16+08:00,FJ-03,991,2.1,2.0,56.9,0.24,41.6
2026-09-18T13:59:16+08:00,FJ-03,990,2.2,2.0,58.1,0.24,41.9
2026-09-18T14:00:16+08:00,FJ-03,990,2.2,2.0,57.3,0.24,42.4
2026-09-18T14:01:16+08:00,FJ-03,992,2.2,2.0,57.0,0.24,41.3
2026-09-18T14:02:16+08:00,FJ-03,989,2.2,2.0,57.8,0.24,42.1
2026-09-18T14:03:16+08:00,FJ-03,989,2.1,2.1,57.7,0.24,41.5
2026-09-18T14:04:16+08:00,FJ-03,989,2.2,2.0,57.5,0.25,42.0
2026-09-18T14:05:16+08:00,FJ-03,989,2.1,2.1,57.4,0.24,41.7
2026-09-18T14:06:16+08:00,FJ-03,987,2.1,2.0,57.5,0.24,41.8
2026-09-18T14:07:16+08:00,FJ-03,989,2.1,2.0,56.5,0.25,41.3
2026-09-18T14:08:16+08:00,FJ-03,990,2.1,2.0,58.1,0.24,41.3
2026-09-18T14:09:16+08:00,FJ-03,989,2.1,2.1,57.4,0.24,41.7
2026-09-18T14:10:16+08:00,FJ-03,989,2.1,2.1,57.0,0.24,42.1
2026-09-18T14:11:16+08:00,FJ-03,991,2.2,2.0,57.7,0.25,42.2
2026-09-18T14:12:16+08:00,FJ-03,990,2.2,2.0,57.5,0.24,42.0
2026-09-18T14:13:16+08:00,FJ-03,989,2.2,2.1,57.4,0.25,41.7
2026-09-18T14:14:16+08:00,FJ-03,990,2.2,2.1,57.6,0.24,41.8
2026-09-18T14:15:16+08:00,FJ-03,991,2.1,2.0,57.0,0.24,42.3
2026-09-18T14:16:16+08:00,FJ-03,990,2.2,2.0,57.4,0.25,41.5
2026-09-18T14:17:16+08:00,FJ-03,990,2.2,2.0,57.6,0.25,41.8
2026-09-18T14:18:16+08:00,FJ-03,990,2.1,2.0,56.9,0.24,42.3
2026-09-18T14:19:16+08:00,FJ-03,989,2.1,2.0,57.5,0.24,42.0
2026-09-18T14:20:16+08:00,FJ-03,991,2.1,2.0,57.0,0.24,42.3
2026-09-18T14:21:16+08:00,FJ-03,989,2.1,2.1,57.3,0.25,41.7
2026-09-18T14:22:16+08:00,FJ-03,989,2.2,2.0,57.8,0.24,41.9
2026-09-18T14:23:16+08:00,FJ-03,990,2.1,2.1,57.2,0.25,41.9
2026-09-18T14:24:16+08:00,FJ-03,990,2.1,2.0,57.0,0.24,41.9
2026-09-18T14:25:16+08:00,FJ-03,992,2.2,2.0,57.1,0.24,41.8
2026-09-18T14:26:16+08:00,FJ-03,990,2.2,2.1,56.7,0.24,41.5
2026-09-18T14:27:16+08:00,FJ-03,990,2.1,2.0,57.4,0.24,42.1
2026-09-18T14:28:16+08:00,FJ-03,989,2.1,2.0,58.2,0.24,41.7
2026-09-18T14:29:16+08:00,FJ-03,990,2.2,2.0,56.8,0.25,41.4
2026-09-18T14:30:16+08:00,FJ-03,991,2.1,2.1,57.7,0.25,41.5
2026-09-18T14:31:16+08:00,FJ-03,990,2.2,2.1,57.5,0.25,42.1
2026-09-18T14:32:16+08:00,FJ-03,990,2.1,2.0,56.9,0.24,42.2
2026-09-18T14:33:16+08:00,FJ-03,988,2.1,2.0,56.9,0.25,41.7
2026-09-18T14:34:16+08:00,FJ-03,990,2.1,2.1,56.9,0.25,42.3
2026-09-18T14:35:16+08:00,FJ-03,991,2.2,2.0,56.7,0.24,42.3
2026-09-18T14:36:16+08:00,FJ-03,991,2.1,2.0,57.8,0.24,41.7
2026-09-18T14:37:16+08:00,FJ-03,989,2.2,2.0,57.3,0.25,42.0
2026-09-18T14:38:16+08:00,FJ-03,991,2.2,2.0,56.3,0.24,41.8
2026-09-18T14:39:16+08:00,FJ-03,991,2.2,2.0,57.2,0.25,42.1
2026-09-18T14:40:16+08:00,FJ-03,989,2.2,2.0,57.1,0.24,41.5
2026-09-18T14:41:16+08:00,FJ-03,991,2.2,2.0,57.3,0.24,42.0
2026-09-18T14:42:16+08:00,FJ-03,990,2.1,2.0,58.0,0.24,42.3
2026-09-18T14:43:16+08:00,FJ-03,991,2.2,2.1,57.3,0.24,41.4
2026-09-18T14:44:16+08:00,FJ-03,989,2.1,2.0,57.3,0.25,41.5
2026-09-18T14:45:16+08:00,FJ-03,990,2.1,2.0,57.6,0.24,41.8
2026-09-18T14:46:16+08:00,FJ-03,991,2.1,1.9,57.4,0.24,42.0
2026-09-18T14:47:16+08:00,FJ-03,989,2.1,2.1,57.6,0.25,41.9
2026-09-18T14:48:16+08:00,FJ-03,990,2.1,2.1,57.0,0.24,41.5
2026-09-18T14:49:16+08:00,FJ-03,991,2.1,2.0,57.5,0.24,41.5
2026-09-18T14:50:16+08:00,FJ-03,990,2.2,2.0,57.5,0.24,41.3
2026-09-18T14:51:16+08:00,FJ-03,991,2.2,2.1,56.8,0.24,41.7
2026-09-18T14:52:16+08:00,FJ-03,991,2.1,2.0,57.7,0.24,41.5
2026-09-18T14:53:16+08:00,FJ-03,988,2.2,2.1,57.2,0.24,41.6
2026-09-18T14:54:16+08:00,FJ-03,990,2.2,2.0,57.2,0.24,41.8
2026-09-18T14:55:16+08:00,FJ-03,990,2.2,2.0,58.3,0.25,41.7
2026-09-18T14:56:16+08:00,FJ-03,990,2.1,2.0,56.8,0.24,41.7
2026-09-18T14:57:16+08:00,FJ-03,990,2.2,2.1,57.3,0.24,41.6
2026-09-18T14:58:16+08:00,FJ-03,990,2.1,2.1,57.3,0.24,41.5
2026-09-18T14:59:16+08:00,FJ-03,989,2.1,2.0,57.0,0.24,41.9
2026-09-18T15:00:16+08:00,FJ-03,990,2.2,2.0,58.0,0.25,41.3
2026-09-18T15:01:16+08:00,FJ-03,989,2.1,2.0,57.3,0.24,41.6
2026-09-18T15:02:16+08:00,FJ-03,989,2.2,2.0,56.7,0.24,42.2
2026-09-18T15:03:16+08:00,FJ-03,991,2.2,2.0,57.8,0.24,41.9
2026-09-18T15:04:16+08:00,FJ-03,989,2.2,2.0,57.8,0.25,41.8
2026-09-18T15:05:16+08:00,FJ-03,989,2.1,2.0,57.3,0.24,41.5
2026-09-18T15:06:16+08:00,FJ-03,988,2.1,2.0,57.1,0.24,41.6
2026-09-18T15:07:16+08:00,FJ-03,989,2.2,2.1,57.2,0.24,41.7
2026-09-18T15:08:16+08:00,FJ-03,990,2.1,2.0,57.9,0.24,41.9
2026-09-18T15:09:16+08:00,FJ-03,992,2.1,2.0,57.3,0.24,41.5
2026-09-18T15:10:16+08:00,FJ-03,990,2.2,2.0,57.7,0.25,41.8
2026-09-18T15:11:16+08:00,FJ-03,990,2.2,2.0,56.9,0.25,41.4
2026-09-18T15:12:16+08:00,FJ-03,991,2.1,2.1,58.6,0.24,41.9
2026-09-18T15:13:16+08:00,FJ-03,990,2.2,2.0,57.5,0.24,41.1
2026-09-18T15:14:16+08:00,FJ-03,989,2.2,2.0,57.3,0.25,41.9
2026-09-18T15:15:16+08:00,FJ-03,989,2.2,2.1,57.9,0.24,41.9
2026-09-18T15:16:16+08:00,FJ-03,988,2.1,2.0,57.9,0.24,41.3
2026-09-18T15:17:16+08:00,FJ-03,990,2.2,2.0,57.5,0.25,41.8
2026-09-18T15:18:16+08:00,FJ-03,988,2.1,2.1,56.7,0.24,41.7
2026-09-18T15:19:16+08:00,FJ-03,990,2.2,2.0,57.7,0.24,41.6
2026-09-18T15:20:16+08:00,FJ-03,990,2.1,2.1,57.8,0.25,41.7
2026-09-18T15:21:16+08:00,FJ-03,990,2.1,2.0,57.3,0.25,41.8
2026-09-18T15:22:16+08:00,FJ-03,989,2.2,2.0,57.4,0.24,41.6
2026-09-18T15:23:16+08:00,FJ-03,989,2.1,2.0,56.9,0.24,41.6
2026-09-18T15:24:16+08:00,FJ-03,991,2.1,2.1,57.5,0.24,41.8
2026-09-18T15:25:16+08:00,FJ-03,989,2.1,2.1,57.5,0.24,41.6
2026-09-18T15:26:16+08:00,FJ-03,988,2.1,2.1,57.6,0.24,42.1
2026-09-18T15:27:16+08:00,FJ-03,989,2.2,2.0,57.6,0.25,41.6
2026-09-18T15:28:16+08:00,FJ-03,989,2.1,2.0,57.7,0.24,42.0
2026-09-18T15:29:16+08:00,FJ-03,990,2.1,2.0,57.5,0.25,41.8
2026-09-18T15:30:16+08:00,FJ-03,988,2.1,2.0,57.3,0.24,42.4
2026-09-18T15:31:16+08:00,FJ-03,991,2.1,2.0,57.2,0.24,41.6
2026-09-18T15:32:16+08:00,FJ-03,989,2.2,2.0,57.7,0.24,41.1
2026-09-18T15:33:16+08:00,FJ-03,988,2.1,2.0,57.9,0.24,42.0
2026-09-18T15:34:16+08:00,FJ-03,989,2.1,2.1,57.2,0.25,42.0
2026-09-18T15:35:16+08:00,FJ-03,990,2.2,2.0,58.2,0.24,42.1
2026-09-18T15:36:16+08:00,FJ-03,991,2.2,2.0,56.9,0.24,41.3
2026-09-18T15:37:16+08:00,FJ-03,990,2.2,2.1,57.6,0.25,41.7
2026-09-18T15:38:16+08:00,FJ-03,991,2.2,2.0,57.3,0.24,41.7
2026-09-18T15:39:16+08:00,FJ-03,990,2.2,2.0,56.9,0.24,41.6
2026-09-18T15:40:16+08:00,FJ-03,989,2.2,2.1,58.1,0.24,41.7
2026-09-18T15:41:16+08:00,FJ-03,990,2.1,2.1,57.2,0.24,42.2
2026-09-18T15:42:16+08:00,FJ-03,988,2.2,2.0,57.1,0.24,41.7
2026-09-18T15:43:16+08:00,FJ-03,989,2.2,2.0,57.9,0.25,41.8
2026-09-18T15:44:16+08:00,FJ-03,989,2.2,2.1,57.3,0.25,41.6
2026-09-18T15:45:16+08:00,FJ-03,990,2.1,2.0,57.9,0.25,41.8
2026-09-18T15:46:16+08:00,FJ-03,989,2.2,2.1,57.4,0.24,42.2
2026-09-18T15:47:16+08:00,FJ-03,990,2.1,2.0,57.8,0.25,41.7
2026-09-18T15:48:16+08:00,FJ-03,991,2.2,2.0,58.4,0.24,41.7
2026-09-18T15:49:16+08:00,FJ-03,988,2.2,2.0,57.0,0.25,42.0
2026-09-18T15:50:16+08:00,FJ-03,990,2.2,2.1,57.7,0.25,41.9
2026-09-18T15:51:16+08:00,FJ-03,991,2.2,2.0,57.9,0.24,42.0
2026-09-18T15:52:16+08:00,FJ-03,991,2.1,2.0,57.3,0.25,41.6
2026-09-18T15:53:16+08:00,FJ-03,989,2.1,2.1,57.2,0.24,42.1
2026-09-18T15:54:16+08:00,FJ-03,990,2.2,2.0,56.7,0.24,42.2
2026-09-18T15:55:16+08:00,FJ-03,989,2.2,2.1,57.4,0.24,41.5
2026-09-18T15:56:16+08:00,FJ-03,989,2.1,2.0,57.7,0.24,41.8
2026-09-18T15:57:16+08:00,FJ-03,990,2.1,2.0,57.5,0.25,41.7
2026-09-18T15:58:16+08:00,FJ-03,991,2.1,2.0,57.4,0.25,41.9
2026-09-18T15:59:16+08:00,FJ-03,990,2.2,2.0,57.5,0.24,42.1
2026-09-18T16:00:16+08:00,FJ-03,992,2.2,2.0,57.4,0.25,41.8
2026-09-18T16:01:16+08:00,FJ-03,991,2.0,2.1,56.9,0.24,41.8
2026-09-18T16:02:16+08:00,FJ-03,991,2.2,2.0,56.6,0.24,41.6
2026-09-18T16:03:16+08:00,FJ-03,991,2.1,2.0,57.1,0.24,41.9
2026-09-18T16:04:16+08:00,FJ-03,991,2.2,2.0,57.3,0.24,41.8
2026-09-18T16:05:16+08:00,FJ-03,989,2.1,2.1,57.5,0.24,41.7
2026-09-18T16:06:16+08:00,FJ-03,990,2.1,2.0,57.4,0.25,41.6
2026-09-18T16:07:16+08:00,FJ-03,990,2.1,2.0,57.5,0.24,42.0
2026-09-18T16:08:16+08:00,FJ-03,991,2.2,2.0,57.8,0.24,41.5
2026-09-18T16:09:16+08:00,FJ-03,990,2.2,2.1,57.3,0.25,41.9
2026-09-18T16:10:16+08:00,FJ-03,989,2.2,2.1,57.6,0.24,41.7
2026-09-18T16:11:16+08:00,FJ-03,990,2.2,2.0,57.9,0.24,41.6
2026-09-18T16:12:16+08:00,FJ-03,990,2.1,2.0,58.1,0.24,41.7
2026-09-18T16:13:16+08:00,FJ-03,990,2.1,2.1,57.5,0.24,41.9
2026-09-18T16:14:16+08:00,FJ-03,990,2.2,2.0,57.3,0.24,41.7
2026-09-18T16:15:16+08:00,FJ-03,989,2.2,2.1,57.1,0.24,41.7
2026-09-18T16:16:16+08:00,FJ-03,990,2.1,2.1,57.3,0.25,41.3
2026-09-18T16:17:16+08:00,FJ-03,990,2.2,2.0,57.5,0.25,41.9
2026-09-18T16:18:16+08:00,FJ-03,990,2.2,2.0,57.1,0.24,41.4
2026-09-18T16:19:16+08:00,FJ-03,990,2.1,2.0,57.6,0.24,42.2
2026-09-18T16:20:16+08:00,FJ-03,990,2.2,2.0,57.5,0.25,41.4
2026-09-18T16:21:16+08:00,FJ-03,989,2.2,2.0,57.7,0.24,42.2
2026-09-18T16:22:16+08:00,FJ-03,991,2.1,2.0,57.2,0.24,42.0
2026-09-18T16:23:16+08:00,FJ-03,989,2.2,2.1,57.0,0.25,41.8
2026-09-18T16:24:16+08:00,FJ-03,989,2.2,2.0,56.7,0.24,41.8
2026-09-18T16:25:16+08:00,FJ-03,990,2.1,2.0,57.3,0.25,41.5
2026-09-18T16:26:16+08:00,FJ-03,990,2.1,2.0,57.6,0.25,42.0
2026-09-18T16:27:16+08:00,FJ-03,991,2.1,2.1,56.9,0.24,41.8
2026-09-18T16:28:16+08:00,FJ-03,990,2.1,2.0,57.4,0.24,41.4
2026-09-18T16:29:16+08:00,FJ-03,990,2.1,2.0,56.9,0.25,41.3
2026-09-18T16:30:16+08:00,FJ-03,988,2.2,2.1,57.7,0.24,42.0
2026-09-18T16:31:16+08:00,FJ-03,988,2.1,2.0,56.9,0.24,42.0
2026-09-18T16:32:16+08:00,FJ-03,991,2.3,2.0,57.9,0.25,41.9
2026-09-18T16:33:16+08:00,FJ-03,990,2.2,2.0,57.0,0.25,42.2
2026-09-18T16:34:16+08:00,FJ-03,989,2.1,2.1,57.2,0.24,41.9
2026-09-18T16:35:16+08:00,FJ-03,990,2.3,2.0,56.7,0.24,42.0
2026-09-18T16:36:16+08:00,FJ-03,988,2.1,2.0,58.1,0.25,41.8
2026-09-18T16:37:16+08:00,FJ-03,989,2.1,2.0,56.9,0.24,41.9
2026-09-18T16:38:16+08:00,FJ-03,990,2.1,2.0,57.2,0.24,41.5
2026-09-18T16:39:16+08:00,FJ-03,991,2.2,2.1,57.4,0.24,41.5
2026-09-18T16:40:16+08:00,FJ-03,990,2.1,2.1,56.3,0.24,42.2
2026-09-18T16:41:16+08:00,FJ-03,990,2.1,2.1,58.1,0.24,41.1
2026-09-18T16:42:16+08:00,FJ-03,991,2.1,2.1,58.1,0.24,42.5
2026-09-18T16:43:16+08:00,FJ-03,990,2.1,2.1,56.5,0.24,41.6
2026-09-18T16:44:16+08:00,FJ-03,991,2.2,2.0,57.3,0.25,42.0
2026-09-18T16:45:16+08:00,FJ-03,991,2.1,2.0,56.6,0.24,41.6
2026-09-18T16:46:16+08:00,FJ-03,989,2.2,2.0,57.6,0.24,41.6
2026-09-18T16:47:16+08:00,FJ-03,990,2.2,2.0,57.5,0.24,41.5
2026-09-18T16:48:16+08:00,FJ-03,990,2.1,2.0,57.7,0.24,41.8
2026-09-18T16:49:16+08:00,FJ-03,990,2.2,2.1,58.2,0.25,41.6
2026-09-18T16:50:16+08:00,FJ-03,989,2.2,2.1,57.6,0.25,41.8
2026-09-18T16:51:16+08:00,FJ-03,989,2.2,2.0,57.7,0.25,41.8
2026-09-18T16:52:16+08:00,FJ-03,990,2.2,2.0,57.5,0.24,41.8
2026-09-18T16:53:16+08:00,FJ-03,990,2.1,2.0,57.5,0.25,41.5
2026-09-18T16:54:16+08:00,FJ-03,990,2.2,2.0,57.6,0.25,42.8
2026-09-18T16:55:16+08:00,FJ-03,990,2.2,2.1,57.4,0.24,41.6
2026-09-18T16:56:16+08:00,FJ-03,992,2.2,2.0,56.9,0.24,41.6
2026-09-18T16:57:16+08:00,FJ-03,990,2.2,2.0,58.3,0.24,42.0
2026-09-18T16:58:16+08:00,FJ-03,991,2.2,2.0,57.6,0.24,41.3
2026-09-18T16:59:16+08:00,FJ-03,990,2.1,2.0,58.3,0.25,41.5
2026-09-18T17:00:16+08:00,FJ-03,990,2.1,2.0,57.5,0.24,42.1
2026-09-18T17:01:16+08:00,FJ-03,991,2.1,2.1,57.8,0.25,41.8
2026-09-18T17:02:16+08:00,FJ-03,990,2.1,2.1,57.2,0.24,42.3
2026-09-18T17:03:16+08:00,FJ-03,990,2.1,2.0,56.9,0.24,42.0
2026-09-18T17:04:16+08:00,FJ-03,990,2.1,2.0,57.2,0.24,41.5
2026-09-18T17:05:16+08:00,FJ-03,990,2.1,2.1,56.8,0.24,41.2
2026-09-18T17:06:16+08:00,FJ-03,990,2.3,2.1,57.8,0.25,41.4
2026-09-18T17:07:16+08:00,FJ-03,990,2.1,2.0,57.2,0.25,42.3
2026-09-18T17:08:16+08:00,FJ-03,991,2.1,2.0,57.1,0.25,42.2
2026-09-18T17:09:16+08:00,FJ-03,990,2.2,2.0,58.1,0.25,41.9
2026-09-18T17:10:16+08:00,FJ-03,990,2.2,1.9,57.2,0.25,41.9
2026-09-18T17:11:16+08:00,FJ-03,990,2.2,2.0,57.7,0.24,42.0
2026-09-18T17:12:16+08:00,FJ-03,989,2.2,2.1,57.7,0.25,41.7
2026-09-18T17:13:16+08:00,FJ-03,989,2.1,2.1,57.3,0.25,41.5
2026-09-18T17:14:16+08:00,FJ-03,989,2.1,2.1,57.4,0.24,42.1
2026-09-18T17:15:16+08:00,FJ-03,990,2.2,2.0,57.6,0.24,42.2
2026-09-18T17:16:16+08:00,FJ-03,990,2.2,2.0,57.2,0.24,41.7
2026-09-18T17:17:16+08:00,FJ-03,989,2.1,2.1,57.9,0.24,42.3
2026-09-18T17:18:16+08:00,FJ-03,991,2.1,2.1,57.8,0.24,42.1
2026-09-18T17:19:16+08:00,FJ-03,990,2.2,2.0,57.1,0.25,42.0
2026-09-18T17:20:16+08:00,FJ-03,989,2.2,2.1,57.4,0.24,41.8
2026-09-18T17:21:16+08:00,FJ-03,990,2.1,2.1,57.5,0.24,42.0
2026-09-18T17:22:16+08:00,FJ-03,989,2.2,2.1,58.1,0.25,41.8
2026-09-18T17:23:16+08:00,FJ-03,988,2.1,2.0,57.8,0.24,41.8
2026-09-18T17:24:16+08:00,FJ-03,991,2.2,2.0,58.1,0.25,41.9
2026-09-18T17:25:16+08:00,FJ-03,991,2.2,2.0,57.2,0.24,41.5
2026-09-18T17:26:16+08:00,FJ-03,990,2.2,2.1,56.8,0.24,41.8
2026-09-18T17:27:16+08:00,FJ-03,990,2.1,2.0,57.7,0.25,41.8
2026-09-18T17:28:16+08:00,FJ-03,990,2.1,2.1,57.7,0.25,41.4
2026-09-18T17:29:16+08:00,FJ-03,990,2.2,2.0,56.6,0.24,41.7
2026-09-18T17:30:16+08:00,FJ-03,990,2.2,2.0,57.3,0.24,42.1
2026-09-18T17:31:16+08:00,FJ-03,990,2.1,2.0,56.5,0.24,41.3
2026-09-18T17:32:16+08:00,FJ-03,989,2.2,2.0,57.7,0.25,41.8
2026-09-18T17:33:16+08:00,FJ-03,990,2.1,2.1,57.7,0.24,42.0
2026-09-18T17:34:16+08:00,FJ-03,991,2.1,2.0,57.4,0.24,42.0
2026-09-18T17:35:16+08:00,FJ-03,990,2.2,2.0,56.9,0.24,42.0
2026-09-18T17:36:16+08:00,FJ-03,991,2.2,2.1,57.5,0.25,41.5
2026-09-18T17:37:16+08:00,FJ-03,990,2.1,2.0,57.7,0.24,41.4
2026-09-18T17:38:16+08:00,FJ-03,990,2.1,2.1,57.5,0.24,41.6
2026-09-18T17:39:16+08:00,FJ-03,989,2.2,2.0,57.4,0.24,41.8
2026-09-18T17:40:16+08:00,FJ-03,990,2.1,2.0,57.1,0.25,41.6
2026-09-18T17:41:16+08:00,FJ-03,990,2.2,2.0,57.3,0.24,41.9
2026-09-18T17:42:16+08:00,FJ-03,991,2.1,2.0,56.8,0.25,41.7
2026-09-18T17:43:16+08:00,FJ-03,989,2.2,2.0,57.8,0.25,42.0
2026-09-18T17:44:16+08:00,FJ-03,989,2.2,2.1,57.3,0.25,41.8
2026-09-18T17:45:16+08:00,FJ-03,990,2.2,2.0,58.3,0.25,41.9
2026-09-18T17:46:16+08:00,FJ-03,989,2.2,2.0,57.5,0.24,42.0
2026-09-18T17:47:16+08:00,FJ-03,989,2.2,2.0,56.5,0.25,41.3
2026-09-18T17:48:16+08:00,FJ-03,991,2.1,2.1,57.8,0.24,41.5
2026-09-18T17:49:16+08:00,FJ-03,989,2.2,2.0,57.2,0.25,42.1
2026-09-18T17:50:16+08:00,FJ-03,989,2.1,2.0,57.6,0.24,41.8
2026-09-18T17:51:16+08:00,FJ-03,990,2.2,2.1,58.0,0.24,41.7
2026-09-18T17:52:16+08:00,FJ-03,990,2.2,2.0,57.6,0.25,41.5
2026-09-18T17:53:16+08:00,FJ-03,989,2.2,2.0,57.6,0.24,41.3
2026-09-18T17:54:16+08:00,FJ-03,991,2.1,2.0,57.3,0.24,41.8
2026-09-18T17:55:16+08:00,FJ-03,989,2.1,2.0,58.1,0.25,42.4
2026-09-18T17:56:16+08:00,FJ-03,990,2.2,2.0,56.9,0.24,41.8
2026-09-18T17:57:16+08:00,FJ-03,990,2.2,2.1,57.4,0.25,42.2
2026-09-18T17:58:16+08:00,FJ-03,991,2.2,2.0,57.6,0.24,42.3
2026-09-18T17:59:16+08:00,FJ-03,990,2.2,2.1,57.6,0.24,42.0
2026-09-18T18:00:16+08:00,FJ-03,990,2.2,2.0,56.9,0.24,41.9
2026-09-18T18:01:16+08:00,FJ-03,990,2.1,2.0,58.1,0.24,41.7
2026-09-18T18:02:16+08:00,FJ-03,991,2.2,2.1,57.1,0.25,42.1
2026-09-18T18:03:16+08:00,FJ-03,991,2.2,2.0,57.2,0.24,41.9
2026-09-18T18:04:16+08:00,FJ-03,991,2.2,2.0,57.2,0.25,42.1
2026-09-18T18:05:16+08:00,FJ-03,990,2.2,2.0,58.0,0.24,41.9
2026-09-18T18:06:16+08:00,FJ-03,988,2.1,2.0,57.2,0.24,41.6
2026-09-18T18:07:16+08:00,FJ-03,990,2.2,2.0,57.2,0.24,41.6
2026-09-18T18:08:16+08:00,FJ-03,990,2.2,2.0,56.8,0.24,41.7
2026-09-18T18:09:16+08:00,FJ-03,989,2.2,2.0,57.5,0.24,41.9
2026-09-18T18:10:16+08:00,FJ-03,991,2.1,2.0,57.8,0.25,41.9
2026-09-18T18:11:16+08:00,FJ-03,991,2.1,2.0,57.0,0.24,42.2
2026-09-18T18:12:16+08:00,FJ-03,989,2.1,2.0,57.7,0.24,41.3
2026-09-18T18:13:16+08:00,FJ-03,990,2.2,2.0,57.3,0.24,42.0
2026-09-18T18:14:16+08:00,FJ-03,991,2.1,2.0,57.5,0.24,41.8
2026-09-18T18:15:16+08:00,FJ-03,990,2.2,2.1,57.7,0.24,42.4
2026-09-18T18:16:16+08:00,FJ-03,991,2.1,2.1,57.4,0.25,41.9
2026-09-18T18:17:16+08:00,FJ-03,989,2.2,2.0,57.4,0.24,41.5
2026-09-18T18:18:16+08:00,FJ-03,989,2.2,2.0,57.8,0.24,41.8
2026-09-18T18:19:16+08:00,FJ-03,991,2.1,2.0,57.5,0.25,42.0
2026-09-18T18:20:16+08:00,FJ-03,989,2.1,2.0,57.4,0.24,41.7
2026-09-18T18:21:16+08:00,FJ-03,991,2.1,1.9,57.6,0.24,41.7
2026-09-18T18:22:16+08:00,FJ-03,989,2.2,2.1,57.4,0.25,41.6
2026-09-18T18:23:16+08:00,FJ-03,989,2.2,2.1,57.6,0.25,42.3
2026-09-18T18:24:16+08:00,FJ-03,988,2.2,2.1,57.4,0.24,42.3
2026-09-18T18:25:16+08:00,FJ-03,989,2.1,2.1,57.2,0.24,42.0
2026-09-18T18:26:16+08:00,FJ-03,989,2.2,2.1,57.5,0.25,41.8
2026-09-18T18:27:16+08:00,FJ-03,989,2.1,2.1,58.2,0.24,41.8
2026-09-18T18:28:16+08:00,FJ-03,990,2.2,2.0,57.3,0.25,41.2
2026-09-18T18:29:16+08:00,FJ-03,990,2.2,2.1,58.1,0.24,42.1
2026-09-18T18:30:16+08:00,FJ-03,990,2.2,2.0,57.6,0.24,42.0
2026-09-18T18:31:16+08:00,FJ-03,990,2.2,2.0,57.1,0.24,41.8
2026-09-18T18:32:16+08:00,FJ-03,990,2.2,2.0,57.6,0.24,41.5
2026-09-18T18:33:16+08:00,FJ-03,990,2.1,2.0,57.8,0.24,42.0
2026-09-18T18:34:16+08:00,FJ-03,990,2.1,2.1,58.0,0.24,42.0
2026-09-18T18:35:16+08:00,FJ-03,990,2.2,2.0,57.6,0.24,41.8
2026-09-18T18:36:16+08:00,FJ-03,989,2.2,2.1,57.4,0.25,42.1
2026-09-18T18:37:16+08:00,FJ-03,990,2.1,2.1,57.7,0.25,41.6
2026-09-18T18:38:16+08:00,FJ-03,989,2.1,2.1,57.4,0.24,41.7
2026-09-18T18:39:16+08:00,FJ-03,989,2.2,2.1,57.8,0.24,41.6
2026-09-18T18:40:16+08:00,FJ-03,991,2.1,2.0,57.6,0.24,41.2
2026-09-18T18:41:16+08:00,FJ-03,990,2.1,2.0,57.3,0.24,41.9
2026-09-18T18:42:16+08:00,FJ-03,990,2.1,2.0,57.0,0.24,41.8
2026-09-18T18:43:16+08:00,FJ-03,991,2.1,2.0,57.3,0.25,42.1
2026-09-18T18:44:16+08:00,FJ-03,989,2.2,2.1,57.2,0.25,41.6
2026-09-18T18:45:16+08:00,FJ-03,989,2.2,2.1,57.9,0.25,41.7
2026-09-18T18:46:16+08:00,FJ-03,990,2.1,2.0,57.6,0.24,41.5
2026-09-18T18:47:16+08:00,FJ-03,992,2.2,2.0,57.3,0.24,41.9
2026-09-18T18:48:16+08:00,FJ-03,990,2.2,2.1,57.4,0.25,41.8
2026-09-18T18:49:16+08:00,FJ-03,989,2.2,2.1,57.4,0.25,41.9
2026-09-18T18:50:16+08:00,FJ-03,990,2.1,2.1,57.7,0.24,42.0
2026-09-18T18:51:16+08:00,FJ-03,989,2.2,2.0,57.6,0.25,42.1
2026-09-18T18:52:16+08:00,FJ-03,990,2.2,2.1,57.1,0.25,42.2
2026-09-18T18:53:16+08:00,FJ-03,989,2.2,2.0,57.8,0.25,41.9
2026-09-18T18:54:16+08:00,FJ-03,989,2.1,2.2,57.6,0.24,42.5
2026-09-18T18:55:16+08:00,FJ-03,992,2.2,2.1,57.7,0.25,42.3
2026-09-18T18:56:16+08:00,FJ-03,988,2.2,2.0,57.2,0.25,41.6
2026-09-18T18:57:16+08:00,FJ-03,989,2.1,2.1,57.4,0.25,41.6
2026-09-18T18:58:16+08:00,FJ-03,991,2.1,2.0,58.2,0.25,42.0
2026-09-18T18:59:16+08:00,FJ-03,990,2.2,2.1,57.0,0.25,41.5
2026-09-18T19:00:16+08:00,FJ-03,989,2.2,2.0,57.5,0.24,42.0
2026-09-18T19:01:16+08:00,FJ-03,990,2.1,2.1,57.8,0.24,41.8
2026-09-18T19:02:16+08:00,FJ-03,990,2.2,2.0,56.8,0.25,41.5
2026-09-18T19:03:16+08:00,FJ-03,989,2.2,2.0,57.6,0.24,41.7
2026-09-18T19:04:16+08:00,FJ-03,990,2.2,2.1,58.1,0.25,42.0
2026-09-18T19:05:16+08:00,FJ-03,989,2.1,2.0,57.1,0.24,42.1
2026-09-18T19:06:16+08:00,FJ-03,991,2.2,2.0,57.9,0.25,41.6
2026-09-18T19:07:16+08:00,FJ-03,990,2.1,2.1,57.1,0.25,41.7
2026-09-18T19:08:16+08:00,FJ-03,989,2.1,2.1,58.2,0.24,42.0
2026-09-18T19:09:16+08:00,FJ-03,990,2.1,2.1,57.8,0.24,41.8
2026-09-18T19:10:16+08:00,FJ-03,988,2.1,2.0,57.7,0.24,42.2
2026-09-18T19:11:16+08:00,FJ-03,990,2.2,2.1,57.7,0.24,41.8
2026-09-18T19:12:16+08:00,FJ-03,989,2.2,2.0,57.8,0.25,42.2
2026-09-18T19:13:16+08:00,FJ-03,991,2.1,2.0,58.2,0.25,41.8
2026-09-18T19:14:16+08:00,FJ-03,991,2.2,2.0,58.3,0.24,41.5
2026-09-18T19:15:16+08:00,FJ-03,989,2.2,2.0,57.1,0.24,42.1
2026-09-18T19:16:16+08:00,FJ-03,990,2.2,2.0,57.0,0.25,41.2
2026-09-18T19:17:16+08:00,FJ-03,991,2.2,2.0,57.3,0.24,42.2
2026-09-18T19:18:16+08:00,FJ-03,990,2.2,2.0,57.6,0.25,41.9
2026-09-18T19:19:16+08:00,FJ-03,989,2.1,2.1,58.4,0.25,41.5
2026-09-18T19:20:16+08:00,FJ-03,991,2.2,2.0,57.4,0.25,42.1
2026-09-18T19:21:16+08:00,FJ-03,992,2.1,2.1,57.0,0.24,42.1
2026-09-18T19:22:16+08:00,FJ-03,990,2.1,2.1,57.6,0.25,42.4
2026-09-18T19:23:16+08:00,FJ-03,989,2.1,2.1,57.4,0.24,41.8
2026-09-18T19:24:16+08:00,FJ-03,990,2.2,2.1,57.4,0.24,42.2
2026-09-18T19:25:16+08:00,FJ-03,989,2.1,2.0,57.4,0.24,42.0
2026-09-18T19:26:16+08:00,FJ-03,989,2.1,2.0,57.8,0.24,42.6
2026-09-18T19:27:16+08:00,FJ-03,990,2.1,2.0,57.3,0.25,41.7
2026-09-18T19:28:16+08:00,FJ-03,990,2.1,2.0,57.4,0.24,41.7
2026-09-18T19:29:16+08:00,FJ-03,989,2.1,2.0,57.8,0.24,42.0
2026-09-18T19:30:16+08:00,FJ-03,990,2.2,2.0,57.4,0.24,41.6
2026-09-18T19:31:16+08:00,FJ-03,989,2.2,2.1,56.8,0.24,41.3
2026-09-18T19:32:16+08:00,FJ-03,989,2.2,2.0,57.5,0.25,41.5
2026-09-18T19:33:16+08:00,FJ-03,989,2.2,2.1,58.4,0.24,41.6
2026-09-18T19:34:16+08:00,FJ-03,989,2.1,2.0,57.5,0.24,42.2
2026-09-18T19:35:16+08:00,FJ-03,989,2.2,2.1,58.0,0.25,41.5
2026-09-18T19:36:16+08:00,FJ-03,989,2.2,2.1,57.2,0.25,41.7
2026-09-18T19:37:16+08:00,FJ-03,990,2.1,2.0,58.0,0.25,42.0
2026-09-18T19:38:16+08:00,FJ-03,990,2.1,2.0,57.8,0.24,42.3
2026-09-18T19:39:16+08:00,FJ-03,990,2.1,2.1,57.7,0.24,41.4
2026-09-18T19:40:16+08:00,FJ-03,990,2.2,2.0,57.7,0.24,41.9
2026-09-18T19:41:16+08:00,FJ-03,990,2.1,2.0,57.0,0.24,42.4
2026-09-18T19:42:16+08:00,FJ-03,991,2.1,2.1,57.8,0.25,41.5
2026-09-18T19:43:16+08:00,FJ-03,990,2.1,2.1,56.9,0.24,42.0
2026-09-18T19:44:16+08:00,FJ-03,988,2.1,2.1,57.3,0.24,42.3
2026-09-18T19:45:16+08:00,FJ-03,990,2.2,2.0,57.9,0.24,42.3
2026-09-18T19:46:16+08:00,FJ-03,990,2.2,2.1,57.7,0.25,42.2
2026-09-18T19:47:16+08:00,FJ-03,990,2.2,2.1,57.6,0.24,41.7
2026-09-18T19:48:16+08:00,FJ-03,991,2.1,2.1,57.4,0.24,42.1
2026-09-18T19:49:16+08:00,FJ-03,989,2.2,2.1,58.4,0.25,42.8
2026-09-18T19:50:16+08:00,FJ-03,988,2.1,2.1,57.8,0.25,42.0
2026-09-18T19:51:16+08:00,FJ-03,989,2.2,2.1,57.8,0.24,41.6
2026-09-18T19:52:16+08:00,FJ-03,991,2.1,2.0,57.4,0.24,41.7
2026-09-18T19:53:16+08:00,FJ-03,989,2.1,2.0,57.5,0.25,41.9
2026-09-18T19:54:16+08:00,FJ-03,989,2.2,2.0,57.5,0.25,41.6
2026-09-18T19:55:16+08:00,FJ-03,992,2.2,2.0,57.3,0.24,42.5
2026-09-18T19:56:16+08:00,FJ-03,991,2.2,2.0,57.5,0.24,41.4
2026-09-18T19:57:16+08:00,FJ-03,990,2.1,2.0,57.5,0.24,42.5
2026-09-18T19:58:16+08:00,FJ-03,990,2.1,2.1,57.7,0.24,42.1
2026-09-18T19:59:16+08:00,FJ-03,991,2.1,2.0,57.8,0.25,41.8
2026-09-18T20:00:16+08:00,FJ-03,990,2.2,2.0,57.5,0.24,41.8
2026-09-18T20:01:16+08:00,FJ-03,990,2.2,2.0,57.1,0.24,41.8
2026-09-18T20:02:16+08:00,FJ-03,990,2.2,2.1,57.7,0.25,42.1
2026-09-18T20:03:16+08:00,FJ-03,990,2.2,2.0,57.7,0.24,41.9
2026-09-18T20:04:16+08:00,FJ-03,989,2.2,2.0,57.4,0.24,41.9
2026-09-18T20:05:16+08:00,FJ-03,988,2.2,2.1,57.2,0.24,41.3
2026-09-18T20:06:16+08:00,FJ-03,989,2.2,2.0,57.8,0.25,41.7
2026-09-18T20:07:16+08:00,FJ-03,990,2.1,2.0,57.2,0.24,42.2
2026-09-18T20:08:16+08:00,FJ-03,991,2.2,2.1,57.7,0.24,42.3
2026-09-18T20:09:16+08:00,FJ-03,991,2.2,2.0,57.8,0.24,42.0
2026-09-18T20:10:16+08:00,FJ-03,988,2.2,2.0,57.0,0.25,41.7
2026-09-18T20:11:16+08:00,FJ-03,990,2.2,2.0,57.2,0.25,41.4
2026-09-18T20:12:16+08:00,FJ-03,989,2.1,2.0,57.7,0.25,42.0
2026-09-18T20:13:16+08:00,FJ-03,990,2.2,2.0,58.6,0.24,41.4
2026-09-18T20:14:16+08:00,FJ-03,990,2.2,2.0,57.3,0.24,41.5
2026-09-18T20:15:16+08:00,FJ-03,990,2.2,2.0,58.2,0.25,41.8
2026-09-18T20:16:16+08:00,FJ-03,991,2.3,2.1,57.4,0.25,41.6
2026-09-18T20:17:16+08:00,FJ-03,990,2.1,2.1,58.7,0.24,42.1
2026-09-18T20:18:16+08:00,FJ-03,990,2.2,1.9,56.9,0.25,42.2
2026-09-18T20:19:16+08:00,FJ-03,990,2.2,2.1,57.4,0.24,41.7
2026-09-18T20:20:16+08:00,FJ-03,989,2.3,2.0,56.7,0.25,42.2
2026-09-18T20:21:16+08:00,FJ-03,989,2.1,2.0,58.2,0.25,42.3
2026-09-18T20:22:16+08:00,FJ-03,989,2.2,2.0,58.1,0.25,41.5
2026-09-18T20:23:16+08:00,FJ-03,991,2.2,2.1,58.6,0.24,41.9
2026-09-18T20:24:16+08:00,FJ-03,988,2.2,2.1,57.4,0.24,42.1
2026-09-18T20:25:16+08:00,FJ-03,989,2.2,2.1,57.7,0.24,42.1
2026-09-18T20:26:16+08:00,FJ-03,988,2.2,2.1,57.6,0.25,41.8
2026-09-18T20:27:16+08:00,FJ-03,990,2.1,2.1,57.5,0.24,42.7
2026-09-18T20:28:16+08:00,FJ-03,990,2.1,2.1,58.9,0.25,42.0
2026-09-18T20:29:16+08:00,FJ-03,991,2.2,2.0,58.3,0.24,41.9
2026-09-18T20:30:16+08:00,FJ-03,990,2.1,2.0,57.5,0.24,41.8
2026-09-18T20:31:16+08:00,FJ-03,990,2.2,2.0,57.8,0.25,41.8
2026-09-18T20:32:16+08:00,FJ-03,989,2.1,2.0,57.5,0.24,41.8
2026-09-18T20:33:16+08:00,FJ-03,990,2.1,2.1,57.8,0.24,42.1
2026-09-18T20:34:16+08:00,FJ-03,991,2.2,2.0,57.6,0.25,42.3
2026-09-18T20:35:16+08:00,FJ-03,991,2.1,2.1,58.1,0.25,42.3
2026-09-18T20:36:16+08:00,FJ-03,991,2.1,2.0,58.4,0.25,41.7
2026-09-18T20:37:16+08:00,FJ-03,989,2.2,2.1,57.3,0.24,41.9
2026-09-18T20:38:16+08:00,FJ-03,990,2.2,2.1,57.4,0.24,41.7
2026-09-18T20:39:16+08:00,FJ-03,990,2.2,2.1,58.4,0.24,41.6
2026-09-18T20:40:16+08:00,FJ-03,989,2.2,2.1,57.0,0.24,42.0
2026-09-18T20:41:16+08:00,FJ-03,990,2.2,2.0,57.5,0.25,41.6
2026-09-18T20:42:16+08:00,FJ-03,990,2.2,2.1,57.8,0.24,41.7
2026-09-18T20:43:16+08:00,FJ-03,990,2.2,2.0,57.8,0.25,42.5
2026-09-18T20:44:16+08:00,FJ-03,991,2.1,2.0,58.3,0.24,41.9
2026-09-18T20:45:16+08:00,FJ-03,990,2.2,2.1,56.9,0.24,42.1
2026-09-18T20:46:16+08:00,FJ-03,990,2.2,2.0,57.5,0.25,42.1
2026-09-18T20:47:16+08:00,FJ-03,990,2.1,2.0,58.0,0.24,42.3
2026-09-18T20:48:16+08:00,FJ-03,989,2.2,2.0,56.8,0.25,42.0
2026-09-18T20:49:16+08:00,FJ-03,990,2.2,2.1,58.0,0.24,41.9
2026-09-18T20:50:16+08:00,FJ-03,989,2.1,2.1,57.7,0.25,41.5
2026-09-18T20:51:16+08:00,FJ-03,989,2.1,2.0,57.4,0.24,42.2
2026-09-18T20:52:16+08:00,FJ-03,987,2.2,2.1,57.6,0.24,42.2
2026-09-18T20:53:16+08:00,FJ-03,990,2.2,2.1,57.5,0.25,42.1
2026-09-18T20:54:16+08:00,FJ-03,990,2.2,2.0,58.1,0.24,41.7
2026-09-18T20:55:16+08:00,FJ-03,991,2.2,2.0,57.4,0.25,41.9
2026-09-18T20:56:16+08:00,FJ-03,989,2.2,2.1,57.3,0.25,42.2
2026-09-18T20:57:16+08:00,FJ-03,989,2.2,2.0,57.5,0.25,41.6
2026-09-18T20:58:16+08:00,FJ-03,990,2.2,2.1,57.8,0.24,41.4
2026-09-18T20:59:16+08:00,FJ-03,990,2.2,2.0,57.1,0.25,42.0
2026-09-18T21:00:16+08:00,FJ-03,989,2.2,2.0,57.4,0.24,42.1
2026-09-18T21:01:16+08:00,FJ-03,990,2.1,2.1,56.9,0.25,41.9
2026-09-18T21:02:16+08:00,FJ-03,990,2.2,2.0,57.0,0.24,41.6
2026-09-18T21:03:16+08:00,FJ-03,989,2.1,2.1,57.7,0.24,41.7
2026-09-18T21:04:16+08:00,FJ-03,990,2.0,2.1,57.5,0.24,41.8
2026-09-18T21:05:16+08:00,FJ-03,991,2.2,2.1,56.7,0.25,42.4
2026-09-18T21:06:16+08:00,FJ-03,990,2.1,2.0,58.3,0.25,41.6
2026-09-18T21:07:16+08:00,FJ-03,990,2.2,2.1,58.0,0.25,42.5
2026-09-18T21:08:16+08:00,FJ-03,990,2.2,2.0,57.8,0.24,41.6
2026-09-18T21:09:16+08:00,FJ-03,992,2.2,2.1,57.2,0.24,42.4
2026-09-18T21:10:16+08:00,FJ-03,991,2.2,2.1,57.1,0.24,41.8
2026-09-18T21:11:16+08:00,FJ-03,991,2.2,2.1,58.1,0.25,41.9
2026-09-18T21:12:16+08:00,FJ-03,990,2.2,2.1,57.9,0.25,42.1
2026-09-18T21:13:16+08:00,FJ-03,990,2.3,2.0,57.7,0.25,41.9
2026-09-18T21:14:16+08:00,FJ-03,990,2.2,2.0,58.1,0.25,41.9
2026-09-18T21:15:16+08:00,FJ-03,989,2.2,2.1,57.7,0.24,42.1
2026-09-18T21:16:16+08:00,FJ-03,989,2.2,2.1,57.9,0.24,42.1
2026-09-18T21:17:16+08:00,FJ-03,990,2.2,2.0,57.5,0.25,42.0
2026-09-18T21:18:16+08:00,FJ-03,990,2.2,2.0,57.2,0.25,42.0
2026-09-18T21:19:16+08:00,FJ-03,989,2.2,2.1,58.0,0.24,42.0
2026-09-18T21:20:16+08:00,FJ-03,989,2.2,2.1,57.4,0.24,42.1
2026-09-18T21:21:16+08:00,FJ-03,992,2.2,2.1,58.3,0.25,42.1
2026-09-18T21:22:16+08:00,FJ-03,990,2.2,2.0,58.4,0.24,41.8
2026-09-18T21:23:16+08:00,FJ-03,990,2.2,2.0,57.1,0.24,42.1
2026-09-18T21:24:16+08:00,FJ-03,991,2.1,2.0,57.3,0.25,41.7
2026-09-18T21:25:16+08:00,FJ-03,990,2.1,2.0,57.5,0.25,42.2
2026-09-18T21:26:16+08:00,FJ-03,990,2.2,2.0,58.0,0.24,42.4
2026-09-18T21:27:16+08:00,FJ-03,991,2.1,2.1,58.4,0.24,42.4
2026-09-18T21:28:16+08:00,FJ-03,989,2.1,2.1,57.5,0.24,42.1
2026-09-18T21:29:16+08:00,FJ-03,990,2.2,2.1,58.1,0.24,42.1
2026-09-18T21:30:16+08:00,FJ-03,990,2.2,2.1,57.5,0.25,41.9
2026-09-18T21:31:16+08:00,FJ-03,991,2.2,2.1,57.6,0.25,42.3
2026-09-18T21:32:16+08:00,FJ-03,991,2.1,2.1,57.4,0.24,42.3
2026-09-18T21:33:16+08:00,FJ-03,990,2.2,2.0,57.3,0.25,41.9
2026-09-18T21:34:16+08:00,FJ-03,991,2.1,2.1,57.9,0.25,42.3
2026-09-18T21:35:16+08:00,FJ-03,990,2.2,2.1,58.0,0.25,41.6
2026-09-18T21:36:16+08:00,FJ-03,990,2.2,2.1,57.7,0.25,41.6
2026-09-18T21:37:16+08:00,FJ-03,988,2.2,2.0,57.8,0.25,42.4
2026-09-18T21:38:16+08:00,FJ-03,989,2.2,2.1,57.8,0.24,41.8
2026-09-18T21:39:16+08:00,FJ-03,988,2.2,2.1,57.7,0.24,42.5
2026-09-18T21:40:16+08:00,FJ-03,991,2.1,2.0,57.3,0.24,42.0
2026-09-18T21:41:16+08:00,FJ-03,990,2.2,2.1,58.2,0.25,42.0
2026-09-18T21:42:16+08:00,FJ-03,991,2.2,2.1,57.5,0.25,41.5
2026-09-18T21:43:16+08:00,FJ-03,989,2.2,2.0,58.3,0.25,41.8
2026-09-18T21:44:16+08:00,FJ-03,990,2.1,2.1,57.1,0.25,41.2
2026-09-18T21:45:16+08:00,FJ-03,990,2.2,2.1,58.2,0.25,42.1
2026-09-18T21:46:16+08:00,FJ-03,989,2.1,2.0,58.1,0.25,41.9
2026-09-18T21:47:16+08:00,FJ-03,992,2.1,2.1,57.3,0.24,41.3
2026-09-18T21:48:16+08:00,FJ-03,990,2.2,2.0,57.8,0.24,41.7
2026-09-18T21:49:16+08:00,FJ-03,989,2.2,2.0,57.1,0.24,42.4
2026-09-18T21:50:16+08:00,FJ-03,990,2.2,2.1,57.8,0.25,42.5
2026-09-18T21:51:16+08:00,FJ-03,989,2.1,2.0,57.5,0.25,41.5
2026-09-18T21:52:16+08:00,FJ-03,990,2.2,2.0,57.6,0.25,42.3
2026-09-18T21:53:16+08:00,FJ-03,991,2.2,2.0,58.5,0.25,41.6
2026-09-18T21:54:16+08:00,FJ-03,990,2.2,2.0,57.4,0.25,42.1
2026-09-18T21:55:16+08:00,FJ-03,990,2.1,2.1,58.3,0.24,41.8
2026-09-18T21:56:16+08:00,FJ-03,990,2.1,2.1,56.9,0.25,42.1
2026-09-18T21:57:16+08:00,FJ-03,990,2.1,2.1,58.0,0.25,41.8
2026-09-18T21:58:16+08:00,FJ-03,991,2.1,2.0,57.1,0.24,42.1
2026-09-18T21:59:16+08:00,FJ-03,989,2.2,2.1,57.2,0.25,41.9
2026-09-18T22:00:16+08:00,FJ-03,989,2.1,2.0,57.4,0.25,41.1
2026-09-18T22:01:16+08:00,FJ-03,989,2.2,2.1,57.0,0.25,41.7
2026-09-18T22:02:16+08:00,FJ-03,990,2.2,2.0,58.6,0.24,41.9
2026-09-18T22:03:16+08:00,FJ-03,990,2.2,2.0,57.2,0.25,42.0
2026-09-18T22:04:16+08:00,FJ-03,990,2.2,2.1,57.5,0.24,41.7
2026-09-18T22:05:16+08:00,FJ-03,990,2.2,2.0,57.4,0.25,41.7
2026-09-18T22:06:16+08:00,FJ-03,990,2.2,2.0,57.8,0.24,41.9
2026-09-18T22:07:16+08:00,FJ-03,991,2.1,2.1,57.7,0.24,41.5
2026-09-18T22:08:16+08:00,FJ-03,990,2.1,2.1,57.8,0.25,42.2
2026-09-18T22:09:16+08:00,FJ-03,991,2.2,2.0,57.9,0.25,42.1
2026-09-18T22:10:16+08:00,FJ-03,990,2.2,2.1,57.9,0.24,42.3
2026-09-18T22:11:16+08:00,FJ-03,990,2.2,2.0,57.7,0.24,41.2
2026-09-18T22:12:16+08:00,FJ-03,989,2.2,2.0,57.8,0.25,41.8
2026-09-18T22:13:16+08:00,FJ-03,989,2.2,2.1,57.7,0.24,42.2
2026-09-18T22:14:16+08:00,FJ-03,991,2.2,2.0,57.4,0.24,42.1
2026-09-18T22:15:16+08:00,FJ-03,990,2.2,2.0,57.8,0.24,41.4
2026-09-18T22:16:16+08:00,FJ-03,989,2.1,2.0,57.4,0.25,42.1
2026-09-18T22:17:16+08:00,FJ-03,989,2.2,2.1,57.8,0.25,42.1
2026-09-18T22:18:16+08:00,FJ-03,991,2.1,2.0,57.4,0.25,42.0
2026-09-18T22:19:16+08:00,FJ-03,989,2.1,2.0,57.4,0.25,41.9
2026-09-18T22:20:16+08:00,FJ-03,990,2.2,2.0,57.9,0.24,41.9
2026-09-18T22:21:16+08:00,FJ-03,990,2.2,2.0,57.5,0.24,41.8
2026-09-18T22:22:16+08:00,FJ-03,991,2.2,2.0,57.5,0.24,42.0
2026-09-18T22:23:16+08:00,FJ-03,990,2.2,2.0,57.0,0.25,41.8
2026-09-18T22:24:16+08:00,FJ-03,990,2.2,2.0,58.5,0.25,41.5
2026-09-18T22:25:16+08:00,FJ-03,990,2.2,2.1,58.1,0.24,42.0
2026-09-18T22:26:16+08:00,FJ-03,990,2.2,2.0,56.7,0.25,41.3
2026-09-18T22:27:16+08:00,FJ-03,990,2.2,2.1,58.0,0.24,41.2
2026-09-18T22:28:16+08:00,FJ-03,991,2.1,2.2,58.3,0.24,42.2
2026-09-18T22:29:16+08:00,FJ-03,988,2.2,2.1,56.7,0.24,42.0
2026-09-18T22:30:16+08:00,FJ-03,990,2.2,2.0,57.4,0.25,41.9
2026-09-18T22:31:16+08:00,FJ-03,991,2.2,2.0,58.2,0.24,41.7
2026-09-18T22:32:16+08:00,FJ-03,988,2.2,2.1,57.0,0.24,42.2
2026-09-18T22:33:16+08:00,FJ-03,989,2.2,2.1,57.6,0.24,41.9
2026-09-18T22:34:16+08:00,FJ-03,988,2.2,2.0,57.8,0.24,42.4
2026-09-18T22:35:16+08:00,FJ-03,989,2.2,2.1,58.4,0.25,41.6
2026-09-18T22:36:16+08:00,FJ-03,990,2.2,2.0,58.6,0.24,42.1
2026-09-18T22:37:16+08:00,FJ-03,990,2.1,2.1,57.6,0.24,42.2
2026-09-18T22:38:16+08:00,FJ-03,988,2.2,2.0,57.5,0.24,42.0
2026-09-18T22:39:16+08:00,FJ-03,991,2.2,2.0,57.9,0.24,41.9
2026-09-18T22:40:16+08:00,FJ-03,988,2.2,2.0,57.9,0.24,42.0
2026-09-18T22:41:16+08:00,FJ-03,990,2.1,2.1,58.0,0.25,41.9
2026-09-18T22:42:16+08:00,FJ-03,990,2.2,2.1,57.6,0.25,42.3
2026-09-18T22:43:16+08:00,FJ-03,990,2.2,2.0,57.6,0.25,42.1
2026-09-18T22:44:16+08:00,FJ-03,989,2.1,2.0,58.0,0.25,42.2
2026-09-18T22:45:16+08:00,FJ-03,990,2.2,2.1,57.4,0.25,41.5
2026-09-18T22:46:16+08:00,FJ-03,989,2.2,2.0,57.5,0.25,42.0
2026-09-18T22:47:16+08:00,FJ-03,991,2.2,2.0,57.4,0.25,42.0
2026-09-18T22:48:16+08:00,FJ-03,991,2.1,2.0,57.5,0.25,42.2
2026-09-18T22:49:16+08:00,FJ-03,990,2.2,2.1,57.4,0.25,42.1
2026-09-18T22:50:16+08:00,FJ-03,991,2.1,2.0,57.5,0.24,41.8
2026-09-18T22:51:16+08:00,FJ-03,990,2.2,2.0,57.9,0.25,41.8
2026-09-18T22:52:16+08:00,FJ-03,991,2.2,2.0,57.6,0.24,42.4
2026-09-18T22:53:16+08:00,FJ-03,989,2.1,2.1,57.5,0.25,41.8
2026-09-18T22:54:16+08:00,FJ-03,989,2.1,2.1,57.9,0.24,41.9
2026-09-18T22:55:16+08:00,FJ-03,990,2.1,2.0,57.8,0.24,42.2
2026-09-18T22:56:16+08:00,FJ-03,991,2.2,2.0,58.3,0.24,42.0
2026-09-18T22:57:16+08:00,FJ-03,990,2.2,2.1,57.8,0.24,42.1
2026-09-18T22:58:16+08:00,FJ-03,991,2.2,2.1,57.6,0.25,41.8
2026-09-18T22:59:16+08:00,FJ-03,991,2.1,2.0,57.6,0.24,41.6
2026-09-18T23:00:16+08:00,FJ-03,990,2.2,2.1,57.7,0.24,41.7
2026-09-18T23:01:16+08:00,FJ-03,989,2.1,2.0,57.6,0.25,41.6
2026-09-18T23:02:16+08:00,FJ-03,990,2.2,2.1,57.9,0.25,42.1
2026-09-18T23:03:16+08:00,FJ-03,990,2.1,2.1,57.9,0.25,42.3
2026-09-18T23:04:16+08:00,FJ-03,990,2.2,2.1,57.8,0.24,41.7
2026-09-18T23:05:16+08:00,FJ-03,990,2.2,2.0,57.7,0.25,42.0
2026-09-18T23:06:16+08:00,FJ-03,990,2.1,2.1,57.4,0.24,41.8
2026-09-18T23:07:16+08:00,FJ-03,989,2.1,2.1,57.8,0.25,42.0
2026-09-18T23:08:16+08:00,FJ-03,991,2.2,2.1,58.0,0.24,42.2
2026-09-18T23:09:16+08:00,FJ-03,990,2.1,2.0,58.2,0.25,41.5
2026-09-18T23:10:16+08:00,FJ-03,990,2.2,2.0,58.7,0.25,41.7
2026-09-18T23:11:16+08:00,FJ-03,988,2.2,2.1,58.1,0.24,42.1
2026-09-18T23:12:16+08:00,FJ-03,990,2.2,2.1,57.5,0.24,41.6
2026-09-18T23:13:16+08:00,FJ-03,990,2.1,2.0,57.9,0.24,42.6
2026-09-18T23:14:16+08:00,FJ-03,992,2.1,2.0,58.4,0.24,42.0
2026-09-18T23:15:16+08:00,FJ-03,990,2.1,2.1,57.6,0.24,42.0
2026-09-18T23:16:16+08:00,FJ-03,990,2.2,2.0,58.1,0.24,41.9
2026-09-18T23:17:16+08:00,FJ-03,989,2.2,2.1,57.6,0.24,42.5
2026-09-18T23:18:16+08:00,FJ-03,989,2.2,2.0,57.6,0.25,42.6
2026-09-18T23:19:16+08:00,FJ-03,989,2.1,2.1,57.9,0.24,41.7
2026-09-18T23:20:16+08:00,FJ-03,991,2.2,2.1,57.6,0.24,42.0
2026-09-18T23:21:16+08:00,FJ-03,989,2.2,2.0,58.3,0.24,42.3
2026-09-18T23:22:16+08:00,FJ-03,989,2.1,2.0,58.1,0.25,41.4
2026-09-18T23:23:16+08:00,FJ-03,991,2.1,2.0,57.1,0.24,41.8
2026-09-18T23:24:16+08:00,FJ-03,990,2.2,2.1,57.3,0.24,42.1
2026-09-18T23:25:16+08:00,FJ-03,990,2.2,2.1,57.7,0.25,41.8
2026-09-18T23:26:16+08:00,FJ-03,992,2.2,2.1,57.7,0.25,41.9
2026-09-18T23:27:16+08:00,FJ-03,990,2.1,2.0,58.4,0.24,42.0
2026-09-18T23:28:16+08:00,FJ-03,990,2.1,2.0,58.9,0.24,41.8
2026-09-18T23:29:16+08:00,FJ-03,990,2.1,2.1,57.8,0.24,41.7
2026-09-18T23:30:16+08:00,FJ-03,989,2.2,2.0,57.7,0.25,42.3
2026-09-18T23:31:16+08:00,FJ-03,992,2.2,2.0,58.6,0.24,42.2
2026-09-18T23:32:16+08:00,FJ-03,990,2.2,2.1,57.9,0.24,42.3
2026-09-18T23:33:16+08:00,FJ-03,989,2.3,2.1,57.5,0.24,41.9
2026-09-18T23:34:16+08:00,FJ-03,990,2.2,2.1,58.3,0.25,41.9
2026-09-18T23:35:16+08:00,FJ-03,992,2.2,2.1,57.6,0.25,42.6
2026-09-18T23:36:16+08:00,FJ-03,991,2.2,2.0,57.2,0.25,42.0
2026-09-18T23:37:16+08:00,FJ-03,991,2.1,2.0,58.5,0.25,42.1
2026-09-18T23:38:16+08:00,FJ-03,989,2.2,2.0,57.8,0.24,41.5
2026-09-18T23:39:16+08:00,FJ-03,989,2.2,2.0,57.2,0.25,42.2
2026-09-18T23:40:16+08:00,FJ-03,990,2.2,2.1,58.0,0.24,42.1
2026-09-18T23:41:16+08:00,FJ-03,989,2.2,2.1,57.7,0.24,42.0
2026-09-18T23:42:16+08:00,FJ-03,989,2.2,2.0,57.8,0.25,41.2
2026-09-18T23:43:16+08:00,FJ-03,990,2.2,2.0,57.7,0.24,42.3
2026-09-18T23:44:16+08:00,FJ-03,991,2.2,2.0,57.0,0.25,42.2
2026-09-18T23:45:16+08:00,FJ-03,991,2.2,2.0,57.8,0.24,41.6
2026-09-18T23:46:16+08:00,FJ-03,990,2.1,2.0,57.8,0.25,42.0
2026-09-18T23:47:16+08:00,FJ-03,990,2.2,2.0,58.5,0.24,42.0
2026-09-18T23:48:16+08:00,FJ-03,990,2.2,2.0,57.7,0.24,41.8
2026-09-18T23:49:16+08:00,FJ-03,989,2.1,2.1,58.0,0.25,42.0
2026-09-18T23:50:16+08:00,FJ-03,988,2.2,2.1,56.7,0.24,42.1
2026-09-18T23:51:16+08:00,FJ-03,991,2.2,2.0,57.8,0.25,42.0
2026-09-18T23:52:16+08:00,FJ-03,990,2.2,2.0,58.7,0.25,42.3
2026-09-18T23:53:16+08:00,FJ-03,992,2.2,2.1,58.2,0.25,42.1
2026-09-18T23:54:16+08:00,FJ-03,991,2.1,2.1,57.5,0.25,42.5
2026-09-18T23:55:16+08:00,FJ-03,990,2.2,2.0,57.5,0.25,42.5
2026-09-18T23:56:16+08:00,FJ-03,990,2.2,2.0,58.7,0.24,42.2
2026-09-18T23:57:16+08:00,FJ-03,989,2.1,2.1,57.7,0.25,41.9
2026-09-18T23:58:16+08:00,FJ-03,990,2.2,2.1,58.3,0.24,42.2
2026-09-18T23:59:16+08:00,FJ-03,991,2.1,2.0,58.0,0.24,41.9
2026-09-19T00:00:16+08:00,FJ-03,991,2.2,2.1,57.6,0.25,42.2
2026-09-19T00:01:16+08:00,FJ-03,991,2.1,2.0,58.4,0.25,42.5
2026-09-19T00:02:16+08:00,FJ-03,990,2.2,2.2,57.8,0.25,42.3
2026-09-19T00:03:16+08:00,FJ-03,990,2.2,2.0,57.2,0.25,42.1
2026-09-19T00:04:16+08:00,FJ-03,992,2.1,2.1,58.1,0.24,41.8
2026-09-19T00:05:16+08:00,FJ-03,992,2.2,2.1,58.0,0.24,42.2
2026-09-19T00:06:16+08:00,FJ-03,989,2.2,2.0,57.4,0.25,42.3
2026-09-19T00:07:16+08:00,FJ-03,988,2.1,2.0,56.8,0.25,41.4
2026-09-19T00:08:16+08:00,FJ-03,989,2.2,2.1,58.3,0.25,41.8
2026-09-19T00:09:16+08:00,FJ-03,989,2.2,2.1,57.7,0.24,41.9
2026-09-19T00:10:16+08:00,FJ-03,989,2.2,2.1,57.3,0.25,42.1
2026-09-19T00:11:16+08:00,FJ-03,990,2.2,2.0,57.7,0.25,42.0
2026-09-19T00:12:16+08:00,FJ-03,991,2.2,2.1,57.7,0.24,42.2
2026-09-19T00:13:16+08:00,FJ-03,989,2.2,2.1,57.7,0.24,42.4
2026-09-19T00:14:16+08:00,FJ-03,990,2.2,2.0,58.4,0.24,42.3
2026-09-19T00:15:16+08:00,FJ-03,989,2.1,2.1,57.8,0.24,41.7
2026-09-19T00:16:16+08:00,FJ-03,989,2.2,2.1,57.6,0.24,42.0
2026-09-19T00:17:16+08:00,FJ-03,989,2.2,2.1,58.0,0.25,42.4
2026-09-19T00:18:16+08:00,FJ-03,991,2.3,2.1,57.7,0.25,42.5
2026-09-19T00:19:16+08:00,FJ-03,990,2.1,2.0,58.2,0.25,41.6
2026-09-19T00:20:16+08:00,FJ-03,989,2.2,2.1,57.9,0.25,41.8
2026-09-19T00:21:16+08:00,FJ-03,989,2.2,2.0,58.2,0.25,42.1
2026-09-19T00:22:16+08:00,FJ-03,989,2.2,2.0,57.3,0.24,42.5
2026-09-19T00:23:16+08:00,FJ-03,990,2.2,2.0,57.5,0.24,41.9
2026-09-19T00:24:16+08:00,FJ-03,991,2.2,2.1,57.9,0.25,42.0
2026-09-19T00:25:16+08:00,FJ-03,990,2.2,2.1,57.6,0.25,42.1
2026-09-19T00:26:16+08:00,FJ-03,990,2.2,2.1,58.2,0.24,41.8
2026-09-19T00:27:16+08:00,FJ-03,990,2.2,2.0,57.8,0.25,41.9
2026-09-19T00:28:16+08:00,FJ-03,990,2.2,2.0,57.4,0.24,42.3
2026-09-19T00:29:16+08:00,FJ-03,989,2.2,2.0,58.6,0.25,42.3
2026-09-19T00:30:16+08:00,FJ-03,991,2.3,2.0,57.6,0.24,41.9
2026-09-19T00:31:16+08:00,FJ-03,990,2.2,2.1,58.3,0.24,42.4
2026-09-19T00:32:16+08:00,FJ-03,991,2.2,2.1,58.3,0.24,42.1
2026-09-19T00:33:16+08:00,FJ-03,990,2.2,2.1,57.6,0.25,41.8
2026-09-19T00:34:16+08:00,FJ-03,990,2.2,2.0,57.9,0.24,42.0
2026-09-19T00:35:16+08:00,FJ-03,989,2.2,2.1,57.2,0.25,42.0
2026-09-19T00:36:16+08:00,FJ-03,990,2.1,2.0,58.1,0.24,42.2
2026-09-19T00:37:16+08:00,FJ-03,989,2.1,2.1,57.0,0.25,42.1
2026-09-19T00:38:16+08:00,FJ-03,990,2.2,2.0,58.4,0.25,41.9
2026-09-19T00:39:16+08:00,FJ-03,989,2.2,2.1,58.0,0.25,42.0
2026-09-19T00:40:16+08:00,FJ-03,991,2.2,2.1,57.8,0.24,42.1
2026-09-19T00:41:16+08:00,FJ-03,991,2.2,2.0,57.9,0.24,41.9
2026-09-19T00:42:16+08:00,FJ-03,988,2.2,2.0,57.0,0.25,42.2
2026-09-19T00:43:16+08:00,FJ-03,991,2.3,2.0,58.3,0.25,42.4
2026-09-19T00:44:16+08:00,FJ-03,989,2.2,2.1,57.5,0.24,41.6
2026-09-19T00:45:16+08:00,FJ-03,989,2.2,2.0,58.1,0.24,42.4
2026-09-19T00:46:16+08:00,FJ-03,990,2.2,2.1,58.8,0.25,42.0
2026-09-19T00:47:16+08:00,FJ-03,990,2.1,2.1,58.8,0.25,42.2
2026-09-19T00:48:16+08:00,FJ-03,989,2.2,2.0,57.7,0.24,41.9
2026-09-19T00:49:16+08:00,FJ-03,989,2.2,2.0,57.2,0.25,41.9
2026-09-19T00:50:16+08:00,FJ-03,990,2.2,2.0,57.9,0.25,42.0
2026-09-19T00:51:16+08:00,FJ-03,991,2.2,2.0,57.7,0.24,42.5
2026-09-19T00:52:16+08:00,FJ-03,990,2.1,2.0,58.5,0.25,42.0
2026-09-19T00:53:16+08:00,FJ-03,991,2.1,2.1,57.6,0.25,42.2
2026-09-19T00:54:16+08:00,FJ-03,989,2.2,2.0,57.8,0.25,41.8
2026-09-19T00:55:16+08:00,FJ-03,989,2.2,2.0,57.3,0.24,42.2
2026-09-19T00:56:16+08:00,FJ-03,991,2.1,2.0,57.6,0.25,42.0
2026-09-19T00:57:16+08:00,FJ-03,989,2.2,2.0,58.2,0.25,41.8
2026-09-19T00:58:16+08:00,FJ-03,990,2.2,2.0,57.8,0.25,42.3
2026-09-19T00:59:16+08:00,FJ-03,991,2.2,2.0,57.6,0.25,42.0
2026-09-19T01:00:16+08:00,FJ-03,990,2.2,2.1,58.9,0.24,42.4
2026-09-19T01:01:16+08:00,FJ-03,991,2.2,2.1,57.2,0.24,42.3
2026-09-19T01:02:16+08:00,FJ-03,991,2.2,2.0,57.6,0.25,42.3
2026-09-19T01:03:16+08:00,FJ-03,991,2.2,2.1,58.4,0.25,42.0
2026-09-19T01:04:16+08:00,FJ-03,990,2.2,2.1,57.7,0.24,42.6
2026-09-19T01:05:16+08:00,FJ-03,989,2.1,2.1,57.7,0.24,42.3
2026-09-19T01:06:16+08:00,FJ-03,990,2.2,2.0,57.8,0.25,42.0
2026-09-19T01:07:16+08:00,FJ-03,990,2.2,2.0,57.3,0.24,41.8
2026-09-19T01:08:16+08:00,FJ-03,990,2.2,2.1,57.5,0.25,41.9
2026-09-19T01:09:16+08:00,FJ-03,990,2.2,2.1,57.9,0.24,41.9
2026-09-19T01:10:16+08:00,FJ-03,990,2.2,2.1,57.9,0.24,41.4
2026-09-19T01:11:16+08:00,FJ-03,990,2.1,2.0,57.8,0.24,42.3
2026-09-19T01:12:16+08:00,FJ-03,988,2.2,2.1,58.1,0.25,41.9
2026-09-19T01:13:16+08:00,FJ-03,990,2.2,2.0,57.6,0.24,42.5
2026-09-19T01:14:16+08:00,FJ-03,989,2.2,2.1,57.6,0.24,42.1
2026-09-19T01:15:16+08:00,FJ-03,991,2.2,2.0,58.4,0.24,42.3
2026-09-19T01:16:16+08:00,FJ-03,991,2.2,2.1,57.5,0.25,42.1
2026-09-19T01:17:16+08:00,FJ-03,990,2.2,2.1,57.1,0.25,42.3
2026-09-19T01:18:16+08:00,FJ-03,989,2.2,2.1,58.9,0.25,41.8
2026-09-19T01:19:16+08:00,FJ-03,990,2.2,2.0,58.7,0.24,41.5
2026-09-19T01:20:16+08:00,FJ-03,990,2.2,2.0,57.5,0.24,41.9
2026-09-19T01:21:16+08:00,FJ-03,989,2.2,2.1,57.5,0.25,42.3
2026-09-19T01:22:16+08:00,FJ-03,989,2.2,2.1,57.3,0.24,42.1
2026-09-19T01:23:16+08:00,FJ-03,991,2.2,2.1,57.8,0.24,41.4
2026-09-19T01:24:16+08:00,FJ-03,990,2.2,2.1,57.7,0.25,41.7
2026-09-19T01:25:16+08:00,FJ-03,989,2.1,2.0,58.2,0.24,42.6
2026-09-19T01:26:16+08:00,FJ-03,989,2.2,2.1,57.9,0.25,42.0
2026-09-19T01:27:16+08:00,FJ-03,991,2.2,2.2,58.1,0.24,42.4
2026-09-19T01:28:16+08:00,FJ-03,990,2.1,2.1,57.8,0.25,42.0
2026-09-19T01:29:16+08:00,FJ-03,990,2.2,2.1,57.8,0.24,42.4
2026-09-19T01:30:16+08:00,FJ-03,992,2.3,2.1,57.4,0.25,41.2
2026-09-19T01:31:16+08:00,FJ-03,989,2.3,2.0,58.0,0.24,41.8
2026-09-19T01:32:16+08:00,FJ-03,991,2.1,2.1,57.6,0.25,42.4
2026-09-19T01:33:16+08:00,FJ-03,991,2.2,2.1,57.6,0.24,42.9
2026-09-19T01:34:16+08:00,FJ-03,991,2.3,2.0,58.3,0.24,42.5
2026-09-19T01:35:16+08:00,FJ-03,990,2.2,2.0,57.7,0.25,41.9
2026-09-19T01:36:16+08:00,FJ-03,991,2.1,2.0,58.0,0.25,42.4
2026-09-19T01:37:16+08:00,FJ-03,990,2.2,2.1,57.7,0.24,41.8
2026-09-19T01:38:16+08:00,FJ-03,989,2.2,2.1,57.5,0.25,42.5
2026-09-19T01:39:16+08:00,FJ-03,990,2.2,2.0,57.5,0.24,41.8
2026-09-19T01:40:16+08:00,FJ-03,989,2.2,2.0,58.1,0.25,41.9
2026-09-19T01:41:16+08:00,FJ-03,991,2.2,2.0,57.8,0.25,42.0
2026-09-19T01:42:16+08:00,FJ-03,989,2.2,2.0,57.3,0.24,41.9
2026-09-19T01:43:16+08:00,FJ-03,990,2.2,2.1,57.5,0.25,42.0
2026-09-19T01:44:16+08:00,FJ-03,991,2.2,2.1,57.7,0.25,42.1
2026-09-19T01:45:16+08:00,FJ-03,991,2.2,2.1,58.5,0.25,42.0
2026-09-19T01:46:16+08:00,FJ-03,990,2.2,2.1,57.7,0.24,41.7
2026-09-19T01:47:16+08:00,FJ-03,990,2.2,2.0,58.4,0.25,41.8
2026-09-19T01:48:16+08:00,FJ-03,990,2.1,2.1,57.4,0.25,41.9
2026-09-19T01:49:16+08:00,FJ-03,990,2.2,2.1,57.2,0.24,42.4
2026-09-19T01:50:16+08:00,FJ-03,990,2.2,2.1,58.0,0.24,42.4
2026-09-19T01:51:16+08:00,FJ-03,992,2.2,2.0,57.6,0.24,42.4
2026-09-19T01:52:16+08:00,FJ-03,989,2.1,2.0,58.1,0.25,41.7
2026-09-19T01:53:16+08:00,FJ-03,989,2.1,2.1,58.3,0.25,42.3
2026-09-19T01:54:16+08:00,FJ-03,991,2.2,2.1,58.1,0.24,42.1
2026-09-19T01:55:16+08:00,FJ-03,990,2.2,2.1,58.0,0.25,42.4
2026-09-19T01:56:16+08:00,FJ-03,990,2.1,2.1,57.6,0.25,42.4
2026-09-19T01:57:16+08:00,FJ-03,990,2.2,2.0,57.9,0.25,42.2
2026-09-19T01:58:16+08:00,FJ-03,991,2.1,2.1,57.7,0.24,42.0
2026-09-19T01:59:16+08:00,FJ-03,990,2.1,2.0,58.3,0.25,41.7
2026-09-19T02:00:16+08:00,FJ-03,991,2.2,2.1,57.8,0.24,42.4
2026-09-19T02:01:16+08:00,FJ-03,990,2.3,2.1,57.9,0.25,41.7
2026-09-19T02:02:16+08:00,FJ-03,991,2.2,2.1,58.2,0.24,42.2
2026-09-19T02:03:16+08:00,FJ-03,990,2.1,2.1,57.3,0.24,41.9
2026-09-19T02:04:16+08:00,FJ-03,991,2.2,2.0,57.9,0.25,41.8
2026-09-19T02:05:16+08:00,FJ-03,991,2.1,2.0,57.4,0.24,42.1
2026-09-19T02:06:16+08:00,FJ-03,990,2.2,2.0,58.0,0.24,41.7
2026-09-19T02:07:16+08:00,FJ-03,990,2.2,2.0,57.7,0.24,42.3
2026-09-19T02:08:16+08:00,FJ-03,990,2.2,2.1,58.4,0.25,42.1
2026-09-19T02:09:16+08:00,FJ-03,992,2.2,2.1,58.3,0.24,42.1
2026-09-19T02:10:16+08:00,FJ-03,990,2.1,2.1,58.8,0.25,41.8
2026-09-19T02:11:16+08:00,FJ-03,990,2.2,2.1,57.8,0.25,42.1
2026-09-19T02:12:16+08:00,FJ-03,990,2.2,2.0,58.0,0.25,42.2
2026-09-19T02:13:16+08:00,FJ-03,991,2.2,2.0,58.4,0.25,42.1
2026-09-19T02:14:16+08:00,FJ-03,992,2.2,2.0,58.0,0.24,42.4
2026-09-19T02:15:16+08:00,FJ-03,991,2.3,2.1,58.2,0.24,42.4
2026-09-19T02:16:16+08:00,FJ-03,992,2.3,2.1,57.9,0.24,42.8
2026-09-19T02:17:16+08:00,FJ-03,989,2.1,2.1,57.6,0.25,42.1
2026-09-19T02:18:16+08:00,FJ-03,989,2.2,2.0,57.7,0.24,42.1
2026-09-19T02:19:16+08:00,FJ-03,989,2.2,2.0,57.4,0.24,42.6
2026-09-19T02:20:16+08:00,FJ-03,989,2.2,2.0,58.6,0.25,42.1
2026-09-19T02:21:16+08:00,FJ-03,989,2.2,2.0,58.2,0.25,41.5
2026-09-19T02:22:16+08:00,FJ-03,990,2.2,2.1,58.1,0.25,41.9
2026-09-19T02:23:16+08:00,FJ-03,990,2.2,2.0,57.4,0.24,41.9
2026-09-19T02:24:16+08:00,FJ-03,990,2.1,2.0,58.6,0.24,42.3
2026-09-19T02:25:16+08:00,FJ-03,991,2.2,2.1,57.9,0.24,42.6
2026-09-19T02:26:16+08:00,FJ-03,990,2.2,2.0,57.6,0.25,42.4
2026-09-19T02:27:16+08:00,FJ-03,990,2.1,2.0,57.8,0.24,42.2
2026-09-19T02:28:16+08:00,FJ-03,988,2.2,2.0,57.9,0.25,42.6
2026-09-19T02:29:16+08:00,FJ-03,990,2.2,2.0,58.1,0.24,42.3
2026-09-19T02:30:16+08:00,FJ-03,990,2.2,2.1,58.3,0.25,42.0
2026-09-19T02:31:16+08:00,FJ-03,990,2.2,2.0,58.0,0.24,42.4
2026-09-19T02:32:16+08:00,FJ-03,990,2.2,2.0,57.7,0.25,41.5
2026-09-19T02:33:16+08:00,FJ-03,989,2.2,2.1,58.1,0.25,42.5
2026-09-19T02:34:16+08:00,FJ-03,990,2.2,2.1,58.1,0.25,42.5
2026-09-19T02:35:16+08:00,FJ-03,990,2.3,2.1,58.3,0.25,41.9
2026-09-19T02:36:16+08:00,FJ-03,990,2.2,2.0,57.6,0.24,42.4
2026-09-19T02:37:16+08:00,FJ-03,989,2.2,2.1,57.5,0.24,42.5
2026-09-19T02:38:16+08:00,FJ-03,989,2.2,2.0,58.1,0.24,42.3
2026-09-19T02:39:16+08:00,FJ-03,990,2.2,2.1,58.6,0.24,41.9
2026-09-19T02:40:16+08:00,FJ-03,990,2.2,2.1,58.4,0.24,41.7
2026-09-19T02:41:16+08:00,FJ-03,989,2.2,2.0,58.0,0.24,42.0
2026-09-19T02:42:16+08:00,FJ-03,991,2.1,2.1,57.9,0.24,41.9
2026-09-19T02:43:16+08:00,FJ-03,991,2.2,2.1,57.0,0.25,42.2
2026-09-19T02:44:16+08:00,FJ-03,991,2.2,2.1,58.4,0.25,41.8
2026-09-19T02:45:16+08:00,FJ-03,990,2.2,2.1,58.1,0.25,42.3
2026-09-19T02:46:16+08:00,FJ-03,990,2.2,2.1,58.1,0.24,42.4
2026-09-19T02:47:16+08:00,FJ-03,991,2.2,2.1,57.4,0.25,42.1
2026-09-19T02:48:16+08:00,FJ-03,991,2.3,2.0,58.8,0.24,41.8
2026-09-19T02:49:16+08:00,FJ-03,989,2.2,2.1,58.1,0.24,42.0
2026-09-19T02:50:16+08:00,FJ-03,991,2.2,2.1,57.9,0.25,42.4
2026-09-19T02:51:16+08:00,FJ-03,990,2.2,2.1,58.1,0.24,42.4
2026-09-19T02:52:16+08:00,FJ-03,990,2.1,2.1,57.8,0.25,42.1
2026-09-19T02:53:16+08:00,FJ-03,990,2.2,2.1,57.8,0.24,42.1
2026-09-19T02:54:16+08:00,FJ-03,990,2.1,2.1,58.0,0.24,42.4
2026-09-19T02:55:16+08:00,FJ-03,990,2.2,2.1,58.0,0.24,42.3
2026-09-19T02:56:16+08:00,FJ-03,990,2.2,2.1,57.5,0.24,42.0
2026-09-19T02:57:16+08:00,FJ-03,990,2.2,2.1,57.8,0.24,42.4
2026-09-19T02:58:16+08:00,FJ-03,990,2.2,2.0,57.2,0.25,41.9
2026-09-19T02:59:16+08:00,FJ-03,991,2.2,2.0,57.6,0.24,42.0
2026-09-19T03:00:16+08:00,FJ-03,990,2.2,2.0,59.4,0.25,42.4
2026-09-19T03:01:16+08:00,FJ-03,989,2.2,2.0,57.6,0.25,41.5
2026-09-19T03:02:16+08:00,FJ-03,990,2.2,2.1,57.8,0.25,41.9
2026-09-19T03:03:16+08:00,FJ-03,991,2.2,2.0,57.6,0.25,42.2
2026-09-19T03:04:16+08:00,FJ-03,992,2.2,2.0,57.9,0.25,41.9
2026-09-19T03:05:16+08:00,FJ-03,989,2.1,2.1,58.8,0.25,42.1
2026-09-19T03:06:16+08:00,FJ-03,991,2.2,2.1,57.7,0.25,42.5
2026-09-19T03:07:16+08:00,FJ-03,990,2.2,2.1,58.5,0.24,42.2
2026-09-19T03:08:16+08:00,FJ-03,989,2.3,2.1,58.4,0.25,41.9
2026-09-19T03:09:16+08:00,FJ-03,990,2.1,2.0,57.9,0.24,41.9
2026-09-19T03:10:16+08:00,FJ-03,990,2.2,2.0,58.3,0.25,42.2
2026-09-19T03:11:16+08:00,FJ-03,989,2.2,2.1,57.6,0.24,42.0
2026-09-19T03:12:16+08:00,FJ-03,990,2.2,2.1,57.6,0.24,42.0
2026-09-19T03:13:16+08:00,FJ-03,991,2.1,2.1,57.7,0.25,41.9
2026-09-19T03:14:16+08:00,FJ-03,989,2.2,2.0,57.9,0.25,42.3
2026-09-19T03:15:16+08:00,FJ-03,989,2.2,2.1,57.6,0.25,42.5
2026-09-19T03:16:16+08:00,FJ-03,990,2.2,2.0,57.3,0.25,42.5
2026-09-19T03:17:16+08:00,FJ-03,990,2.2,2.1,58.2,0.25,42.0
2026-09-19T03:18:16+08:00,FJ-03,991,2.2,2.0,57.7,0.24,42.2
2026-09-19T03:19:16+08:00,FJ-03,990,2.2,2.1,58.3,0.25,42.1
2026-09-19T03:20:16+08:00,FJ-03,989,2.2,2.1,58.2,0.25,42.3
2026-09-19T03:21:16+08:00,FJ-03,989,2.2,2.1,57.5,0.25,42.4
2026-09-19T03:22:16+08:00,FJ-03,989,2.2,2.1,58.4,0.24,41.8
2026-09-19T03:23:16+08:00,FJ-03,991,2.2,2.1,58.2,0.24,42.5
2026-09-19T03:24:16+08:00,FJ-03,990,2.2,2.1,57.7,0.24,42.2
2026-09-19T03:25:16+08:00,FJ-03,989,2.1,2.0,57.9,0.25,42.2
2026-09-19T03:26:16+08:00,FJ-03,990,2.2,2.1,58.4,0.24,41.6
2026-09-19T03:27:16+08:00,FJ-03,990,2.2,2.1,57.5,0.25,41.7
2026-09-19T03:28:16+08:00,FJ-03,990,2.1,2.2,58.2,0.24,42.3
2026-09-19T03:29:16+08:00,FJ-03,991,2.2,2.0,58.2,0.24,42.3
2026-09-19T03:30:16+08:00,FJ-03,990,2.2,2.0,58.0,0.25,41.3
2026-09-19T03:31:16+08:00,FJ-03,991,2.1,2.0,57.5,0.25,42.3
2026-09-19T03:32:16+08:00,FJ-03,989,2.2,2.0,57.9,0.25,42.1
2026-09-19T03:33:16+08:00,FJ-03,989,2.2,2.1,57.7,0.25,42.1
2026-09-19T03:34:16+08:00,FJ-03,990,2.2,2.0,57.9,0.24,42.2
2026-09-19T03:35:16+08:00,FJ-03,991,2.1,2.2,57.9,0.25,41.6
2026-09-19T03:36:16+08:00,FJ-03,991,2.2,2.1,57.8,0.25,42.3
2026-09-19T03:37:16+08:00,FJ-03,990,2.2,2.1,57.8,0.25,41.6
2026-09-19T03:38:16+08:00,FJ-03,990,2.2,2.1,58.2,0.25,42.2
2026-09-19T03:39:16+08:00,FJ-03,992,2.2,2.1,58.4,0.25,42.3
2026-09-19T03:40:16+08:00,FJ-03,990,2.2,2.0,57.6,0.24,42.5
2026-09-19T03:41:16+08:00,FJ-03,992,2.2,2.2,58.5,0.25,41.9
2026-09-19T03:42:16+08:00,FJ-03,991,2.1,2.1,58.2,0.24,41.8
2026-09-19T03:43:16+08:00,FJ-03,990,2.3,2.1,57.8,0.24,42.4
2026-09-19T03:44:16+08:00,FJ-03,990,2.2,2.1,58.1,0.24,42.4
2026-09-19T03:45:16+08:00,FJ-03,989,2.2,2.1,58.2,0.25,41.6
2026-09-19T03:46:16+08:00,FJ-03,989,2.2,2.0,57.8,0.24,41.9
2026-09-19T03:47:16+08:00,FJ-03,990,2.2,2.0,57.1,0.25,42.2
2026-09-19T03:48:16+08:00,FJ-03,990,2.2,2.1,58.1,0.25,42.5
2026-09-19T03:49:16+08:00,FJ-03,990,2.2,2.0,57.6,0.24,42.4
2026-09-19T03:50:16+08:00,FJ-03,990,2.1,2.1,58.2,0.24,42.4
2026-09-19T03:51:16+08:00,FJ-03,989,2.2,2.1,57.9,0.24,41.8
2026-09-19T03:52:16+08:00,FJ-03,991,2.2,2.0,57.7,0.25,41.7
2026-09-19T03:53:16+08:00,FJ-03,989,2.2,2.1,57.9,0.25,41.7
2026-09-19T03:54:16+08:00,FJ-03,990,2.2,2.0,57.7,0.25,42.1
2026-09-19T03:55:16+08:00,FJ-03,991,2.1,2.1,58.4,0.24,42.1
2026-09-19T03:56:16+08:00,FJ-03,990,2.2,2.1,57.8,0.24,42.1
2026-09-19T03:57:16+08:00,FJ-03,990,2.2,2.0,58.3,0.24,42.1
2026-09-19T03:58:16+08:00,FJ-03,989,2.2,2.0,58.8,0.25,42.6
2026-09-19T03:59:16+08:00,FJ-03,990,2.1,2.1,57.8,0.24,42.1
2026-09-19T04:00:16+08:00,FJ-03,991,2.1,2.1,58.4,0.24,41.5
2026-09-19T04:01:16+08:00,FJ-03,990,2.2,2.0,58.7,0.24,42.1
2026-09-19T04:02:16+08:00,FJ-03,991,2.2,2.1,58.3,0.25,42.8
2026-09-19T04:03:16+08:00,FJ-03,990,2.2,2.1,58.6,0.25,42.1
2026-09-19T04:04:16+08:00,FJ-03,991,2.2,2.0,58.4,0.25,41.9
2026-09-19T04:05:16+08:00,FJ-03,990,2.2,2.1,57.6,0.25,41.9
2026-09-19T04:06:16+08:00,FJ-03,991,2.1,2.0,58.9,0.25,42.4
2026-09-19T04:07:16+08:00,FJ-03,990,2.2,2.1,57.1,0.25,41.8
2026-09-19T04:08:16+08:00,FJ-03,990,2.2,2.0,57.4,0.24,42.5
2026-09-19T04:09:16+08:00,FJ-03,991,2.1,2.1,58.0,0.24,40.7
2026-09-19T04:10:16+08:00,FJ-03,990,2.2,2.0,58.1,0.25,41.9
2026-09-19T04:11:16+08:00,FJ-03,990,2.2,2.1,57.3,0.24,41.9
2026-09-19T04:12:16+08:00,FJ-03,991,2.2,2.1,58.3,0.25,41.9
2026-09-19T04:13:16+08:00,FJ-03,990,2.1,2.1,57.7,0.24,42.1
2026-09-19T04:14:16+08:00,FJ-03,991,2.3,2.1,57.8,0.25,42.5
2026-09-19T04:15:16+08:00,FJ-03,990,2.2,2.0,58.3,0.25,42.0
2026-09-19T04:16:16+08:00,FJ-03,990,2.2,2.0,58.5,0.25,41.4
2026-09-19T04:17:16+08:00,FJ-03,988,2.2,2.1,58.2,0.25,42.3
2026-09-19T04:18:16+08:00,FJ-03,991,2.1,2.1,58.0,0.24,41.8
2026-09-19T04:19:16+08:00,FJ-03,990,2.2,2.1,57.8,0.25,42.3
2026-09-19T04:20:16+08:00,FJ-03,989,2.2,2.1,58.2,0.25,42.3
2026-09-19T04:21:16+08:00,FJ-03,989,2.2,2.1,57.3,0.25,41.8
2026-09-19T04:22:16+08:00,FJ-03,989,2.2,2.1,58.3,0.25,42.9
2026-09-19T04:23:16+08:00,FJ-03,992,2.2,2.0,57.7,0.24,42.3
2026-09-19T04:24:16+08:00,FJ-03,989,2.2,2.1,57.5,0.24,41.9
2026-09-19T04:25:16+08:00,FJ-03,990,2.2,2.0,57.8,0.25,42.0
2026-09-19T04:26:16+08:00,FJ-03,992,2.1,2.1,57.7,0.24,42.0
2026-09-19T04:27:16+08:00,FJ-03,990,2.2,2.0,58.2,0.25,41.9
2026-09-19T04:28:16+08:00,FJ-03,990,2.1,2.1,57.8,0.25,42.4
2026-09-19T04:29:16+08:00,FJ-03,990,2.2,2.1,58.0,0.25,42.5
2026-09-19T04:30:16+08:00,FJ-03,990,2.2,2.0,58.3,0.25,42.3
2026-09-19T04:31:16+08:00,FJ-03,990,2.3,2.0,58.3,0.25,42.0
2026-09-19T04:32:16+08:00,FJ-03,991,2.3,2.0,57.7,0.25,42.3
2026-09-19T04:33:16+08:00,FJ-03,989,2.2,2.0,58.1,0.25,42.1
2026-09-19T04:34:16+08:00,FJ-03,991,2.3,2.1,57.6,0.25,42.0
2026-09-19T04:35:16+08:00,FJ-03,991,2.2,2.0,58.7,0.25,41.9
2026-09-19T04:36:16+08:00,FJ-03,990,2.2,2.0,58.1,0.24,41.9
2026-09-19T04:37:16+08:00,FJ-03,990,2.1,2.1,58.0,0.26,42.4
2026-09-19T04:38:16+08:00,FJ-03,989,2.2,2.1,57.7,0.24,42.2
2026-09-19T04:39:16+08:00,FJ-03,990,2.2,2.1,58.7,0.25,42.1
2026-09-19T04:40:16+08:00,FJ-03,990,2.2,2.1,58.5,0.25,42.2
2026-09-19T04:41:16+08:00,FJ-03,989,2.2,2.1,57.5,0.25,42.0
2026-09-19T04:42:16+08:00,FJ-03,990,2.2,2.0,57.6,0.25,42.3
2026-09-19T04:43:16+08:00,FJ-03,990,2.2,2.0,58.0,0.25,42.4
2026-09-19T04:44:16+08:00,FJ-03,990,2.2,2.1,58.5,0.25,41.8
2026-09-19T04:45:16+08:00,FJ-03,990,2.2,2.1,58.3,0.24,42.2
2026-09-19T04:46:16+08:00,FJ-03,990,2.1,2.1,57.7,0.24,42.4
2026-09-19T04:47:16+08:00,FJ-03,990,2.2,2.1,58.5,0.25,42.3
2026-09-19T04:48:16+08:00,FJ-03,990,2.2,2.0,59.0,0.25,42.5
2026-09-19T04:49:16+08:00,FJ-03,989,2.2,2.1,58.2,0.25,42.2
2026-09-19T04:50:16+08:00,FJ-03,990,2.2,2.1,58.6,0.25,42.1
2026-09-19T04:51:16+08:00,FJ-03,990,2.2,2.1,57.5,0.24,42.3
2026-09-19T04:52:16+08:00,FJ-03,989,2.2,2.0,57.6,0.24,42.2
2026-09-19T04:53:16+08:00,FJ-03,990,2.2,2.1,57.8,0.24,42.1
2026-09-19T04:54:16+08:00,FJ-03,989,2.2,2.1,57.5,0.24,42.0
2026-09-19T04:55:16+08:00,FJ-03,989,2.2,2.1,57.7,0.25,42.3
2026-09-19T04:56:16+08:00,FJ-03,990,2.2,2.1,58.4,0.24,42.7
2026-09-19T04:57:16+08:00,FJ-03,990,2.3,2.0,58.3,0.24,42.2
2026-09-19T04:58:16+08:00,FJ-03,991,2.3,2.0,57.2,0.25,42.3
2026-09-19T04:59:16+08:00,FJ-03,992,2.3,2.1,57.3,0.25,42.1
2026-09-19T05:00:16+08:00,FJ-03,990,2.1,2.1,58.2,0.25,42.0
2026-09-19T05:01:16+08:00,FJ-03,991,2.2,2.1,58.3,0.24,42.4
2026-09-19T05:02:16+08:00,FJ-03,990,2.2,2.1,57.7,0.24,41.7
2026-09-19T05:03:16+08:00,FJ-03,991,2.2,2.1,57.8,0.25,42.3
2026-09-19T05:04:16+08:00,FJ-03,989,2.2,2.1,58.1,0.24,42.4
2026-09-19T05:05:16+08:00,FJ-03,990,2.2,2.1,57.8,0.25,42.4
2026-09-19T05:06:16+08:00,FJ-03,990,2.2,2.1,58.6,0.25,41.8
2026-09-19T05:07:16+08:00,FJ-03,990,2.2,2.1,57.6,0.25,42.3
2026-09-19T05:08:16+08:00,FJ-03,990,2.2,2.0,57.8,0.24,42.5
2026-09-19T05:09:16+08:00,FJ-03,990,2.2,2.1,57.5,0.24,42.1
2026-09-19T05:10:16+08:00,FJ-03,989,2.2,2.1,57.9,0.24,42.3
2026-09-19T05:11:16+08:00,FJ-03,991,2.1,2.1,58.5,0.25,41.8
2026-09-19T05:12:16+08:00,FJ-03,991,2.1,2.0,57.8,0.24,42.1
2026-09-19T05:13:16+08:00,FJ-03,991,2.2,2.1,57.8,0.25,42.0
2026-09-19T05:14:16+08:00,FJ-03,989,2.2,2.0,58.3,0.24,41.4
2026-09-19T05:15:16+08:00,FJ-03,989,2.2,2.0,58.5,0.25,41.8
2026-09-19T05:16:16+08:00,FJ-03,989,2.2,2.1,58.1,0.24,41.8
2026-09-19T05:17:16+08:00,FJ-03,990,2.2,2.2,57.8,0.24,42.5
2026-09-19T05:18:16+08:00,FJ-03,988,2.2,2.1,57.6,0.25,42.1
2026-09-19T05:19:16+08:00,FJ-03,990,2.2,2.1,57.6,0.24,42.4
2026-09-19T05:20:16+08:00,FJ-03,990,2.2,2.1,57.3,0.24,42.4
2026-09-19T05:21:16+08:00,FJ-03,991,2.2,2.1,57.4,0.25,42.6
2026-09-19T05:22:16+08:00,FJ-03,990,2.2,2.0,58.6,0.24,42.3
2026-09-19T05:23:16+08:00,FJ-03,990,2.2,2.1,58.2,0.25,42.9
2026-09-19T05:24:16+08:00,FJ-03,990,2.1,2.1,57.5,0.25,42.7
2026-09-19T05:25:16+08:00,FJ-03,991,2.2,2.1,57.9,0.25,42.5
2026-09-19T05:26:16+08:00,FJ-03,991,2.2,2.2,57.4,0.25,42.2
2026-09-19T05:27:16+08:00,FJ-03,991,2.2,2.1,58.2,0.24,42.3
2026-09-19T05:28:16+08:00,FJ-03,991,2.2,2.0,57.7,0.24,42.7
2026-09-19T05:29:16+08:00,FJ-03,991,2.2,2.1,57.6,0.25,42.2
2026-09-19T05:30:16+08:00,FJ-03,991,2.2,2.1,58.2,0.25,41.9
2026-09-19T05:31:16+08:00,FJ-03,990,2.2,2.1,57.9,0.25,41.9
2026-09-19T05:32:16+08:00,FJ-03,990,2.3,2.1,58.0,0.25,42.4
2026-09-19T05:33:16+08:00,FJ-03,992,2.2,2.1,58.3,0.24,42.5
2026-09-19T05:34:16+08:00,FJ-03,990,2.2,2.1,58.4,0.25,42.3
2026-09-19T05:35:16+08:00,FJ-03,989,2.2,2.0,58.9,0.25,41.7
2026-09-19T05:36:16+08:00,FJ-03,991,2.3,2.1,58.5,0.24,42.0
2026-09-19T05:37:16+08:00,FJ-03,991,2.2,2.1,57.4,0.24,42.6
2026-09-19T05:38:16+08:00,FJ-03,991,2.2,2.0,58.3,0.25,42.2
2026-09-19T05:39:16+08:00,FJ-03,990,2.2,2.1,57.6,0.25,42.3
2026-09-19T05:40:16+08:00,FJ-03,990,2.2,2.0,58.1,0.25,41.9
2026-09-19T05:41:16+08:00,FJ-03,990,2.2,2.1,58.1,0.24,41.8
2026-09-19T05:42:16+08:00,FJ-03,990,2.2,2.1,58.4,0.25,42.4
2026-09-19T05:43:16+08:00,FJ-03,991,2.2,2.2,57.6,0.24,42.4
2026-09-19T05:44:16+08:00,FJ-03,991,2.2,2.1,57.9,0.24,42.3
2026-09-19T05:45:16+08:00,FJ-03,992,2.3,2.1,58.0,0.24,42.4
2026-09-19T05:46:16+08:00,FJ-03,990,2.2,2.1,58.2,0.25,42.2
2026-09-19T05:47:16+08:00,FJ-03,990,2.2,2.1,58.2,0.24,42.0
2026-09-19T05:48:16+08:00,FJ-03,990,2.2,2.0,57.9,0.25,42.5
2026-09-19T05:49:16+08:00,FJ-03,989,2.2,2.1,58.5,0.24,42.5
2026-09-19T05:50:16+08:00,FJ-03,990,2.1,2.1,58.0,0.24,41.9
2026-09-19T05:51:16+08:00,FJ-03,991,2.3,2.1,58.8,0.25,41.8
2026-09-19T05:52:16+08:00,FJ-03,989,2.2,2.1,57.9,0.25,42.4
2026-09-19T05:53:16+08:00,FJ-03,990,2.2,2.1,57.7,0.24,42.3
2026-09-19T05:54:16+08:00,FJ-03,991,2.2,2.1,57.9,0.24,42.0
2026-09-19T05:55:16+08:00,FJ-03,992,2.2,2.0,59.0,0.24,42.4
2026-09-19T05:56:16+08:00,FJ-03,991,2.2,2.1,58.3,0.24,41.9
2026-09-19T05:57:16+08:00,FJ-03,990,2.3,2.0,57.8,0.25,41.9
2026-09-19T05:58:16+08:00,FJ-03,989,2.2,2.1,57.8,0.25,41.9
2026-09-19T05:59:16+08:00,FJ-03,989,2.1,2.0,58.2,0.25,41.8
2026-09-19T06:00:16+08:00,FJ-03,990,2.2,2.1,58.0,0.24,42.2
2026-09-19T06:01:16+08:00,FJ-03,990,2.2,2.1,58.2,0.25,42.5
2026-09-19T06:02:16+08:00,FJ-03,992,2.2,2.1,59.1,0.24,42.4
2026-09-19T06:03:16+08:00,FJ-03,990,2.2,2.1,57.8,0.25,42.5
2026-09-19T06:04:16+08:00,FJ-03,990,2.2,2.0,58.1,0.25,42.2
2026-09-19T06:05:16+08:00,FJ-03,991,2.2,2.1,57.4,0.24,42.3
2026-09-19T06:06:16+08:00,FJ-03,990,2.2,2.1,58.0,0.25,42.5
2026-09-19T06:07:16+08:00,FJ-03,989,2.2,2.0,57.2,0.25,42.0
2026-09-19T06:08:16+08:00,FJ-03,991,2.2,2.1,58.2,0.25,42.1
2026-09-19T06:09:16+08:00,FJ-03,990,2.2,2.1,58.6,0.25,41.9
2026-09-19T06:10:16+08:00,FJ-03,989,2.2,2.1,57.4,0.24,41.9
2026-09-19T06:11:16+08:00,FJ-03,990,2.2,2.0,57.4,0.25,42.6
2026-09-19T06:12:16+08:00,FJ-03,990,2.2,2.1,57.7,0.24,42.3
2026-09-19T06:13:16+08:00,FJ-03,990,2.2,2.0,58.6,0.24,42.4
2026-09-19T06:14:16+08:00,FJ-03,990,2.1,2.1,57.1,0.25,42.5
2026-09-19T06:15:16+08:00,FJ-03,989,2.2,2.0,58.7,0.25,42.7
2026-09-19T06:16:16+08:00,FJ-03,991,2.2,2.0,58.5,0.24,42.1
2026-09-19T06:17:16+08:00,FJ-03,990,2.2,2.1,57.6,0.25,42.3
2026-09-19T06:18:16+08:00,FJ-03,991,2.2,2.0,58.4,0.25,42.6
2026-09-19T06:19:16+08:00,FJ-03,990,2.1,2.0,57.7,0.25,42.7
2026-09-19T06:20:16+08:00,FJ-03,991,2.2,2.1,57.8,0.24,42.4
2026-09-19T06:21:16+08:00,FJ-03,991,2.3,2.1,57.9,0.24,42.7
2026-09-19T06:22:16+08:00,FJ-03,991,2.2,2.1,58.4,0.24,42.3
2026-09-19T06:23:16+08:00,FJ-03,990,2.2,2.1,58.0,0.24,42.2
2026-09-19T06:24:16+08:00,FJ-03,991,2.1,2.1,58.7,0.24,42.0
2026-09-19T06:25:16+08:00,FJ-03,989,2.2,2.1,58.3,0.25,42.7
2026-09-19T06:26:16+08:00,FJ-03,990,2.2,2.1,58.4,0.25,42.2
2026-09-19T06:27:16+08:00,FJ-03,991,2.2,2.1,58.4,0.25,42.8
2026-09-19T06:28:16+08:00,FJ-03,989,2.2,2.1,57.8,0.24,42.1
2026-09-19T06:29:16+08:00,FJ-03,991,2.3,2.1,58.5,0.25,41.9
2026-09-19T06:30:16+08:00,FJ-03,990,2.2,2.1,57.7,0.24,42.1
2026-09-19T06:31:16+08:00,FJ-03,989,2.2,2.1,57.9,0.24,41.9
2026-09-19T06:32:16+08:00,FJ-03,990,2.2,2.0,58.2,0.25,42.0
2026-09-19T06:33:16+08:00,FJ-03,991,2.2,2.1,57.9,0.25,42.0
2026-09-19T06:34:16+08:00,FJ-03,990,2.2,2.1,57.8,0.24,41.7
2026-09-19T06:35:16+08:00,FJ-03,990,2.3,2.1,58.1,0.24,42.4
2026-09-19T06:36:16+08:00,FJ-03,991,2.2,2.1,57.7,0.25,42.6
2026-09-19T06:37:16+08:00,FJ-03,990,2.2,2.0,58.4,0.25,42.7
2026-09-19T06:38:16+08:00,FJ-03,990,2.3,2.1,57.4,0.25,42.2
2026-09-19T06:39:16+08:00,FJ-03,992,2.2,2.0,58.0,0.24,42.2
2026-09-19T06:40:16+08:00,FJ-03,989,2.2,2.1,57.8,0.25,42.6
2026-09-19T06:41:16+08:00,FJ-03,989,2.2,2.1,57.9,0.25,41.8
2026-09-19T06:42:16+08:00,FJ-03,990,2.2,2.1,58.1,0.25,42.1
2026-09-19T06:43:16+08:00,FJ-03,991,2.2,2.0,57.6,0.25,41.8
2026-09-19T06:44:16+08:00,FJ-03,990,2.2,2.0,58.8,0.25,41.9
2026-09-19T06:45:16+08:00,FJ-03,989,2.3,2.1,58.4,0.25,41.9
2026-09-19T06:46:16+08:00,FJ-03,991,2.2,2.1,58.3,0.25,41.8
2026-09-19T06:47:16+08:00,FJ-03,990,2.2,2.0,58.2,0.24,42.0
2026-09-19T06:48:16+08:00,FJ-03,990,2.2,2.0,58.7,0.25,42.0
2026-09-19T06:49:16+08:00,FJ-03,991,2.2,2.0,58.4,0.24,42.0
2026-09-19T06:50:16+08:00,FJ-03,990,2.2,2.1,58.2,0.24,42.1
2026-09-19T06:51:16+08:00,FJ-03,990,2.3,2.1,58.4,0.25,42.1
2026-09-19T06:52:16+08:00,FJ-03,990,2.2,2.1,58.6,0.25,41.9
2026-09-19T06:53:16+08:00,FJ-03,990,2.2,2.1,58.6,0.25,42.4
2026-09-19T06:54:16+08:00,FJ-03,990,2.2,2.1,57.7,0.24,42.2
2026-09-19T06:55:16+08:00,FJ-03,991,2.2,2.1,58.3,0.25,42.4
2026-09-19T06:56:16+08:00,FJ-03,990,2.3,2.1,58.4,0.25,41.8
2026-09-19T06:57:16+08:00,FJ-03,992,2.2,2.1,57.5,0.25,42.5
2026-09-19T06:58:16+08:00,FJ-03,990,2.2,2.0,57.5,0.25,42.2
2026-09-19T06:59:16+08:00,FJ-03,990,2.1,2.1,57.8,0.25,42.0
2026-09-19T07:00:16+08:00,FJ-03,990,2.2,2.1,57.9,0.25,42.3
2026-09-19T07:01:16+08:00,FJ-03,991,2.2,2.0,57.2,0.25,42.2
2026-09-19T07:02:16+08:00,FJ-03,990,2.2,2.1,57.9,0.25,42.0
2026-09-19T07:03:16+08:00,FJ-03,991,2.1,2.0,57.8,0.25,42.5
2026-09-19T07:04:16+08:00,FJ-03,991,2.1,2.1,57.9,0.25,42.1
2026-09-19T07:05:16+08:00,FJ-03,990,2.2,1.9,58.6,0.24,42.2
2026-09-19T07:06:16+08:00,FJ-03,990,2.2,2.0,58.7,0.25,42.2
2026-09-19T07:07:16+08:00,FJ-03,991,2.3,2.2,57.9,0.25,42.1
2026-09-19T07:08:16+08:00,FJ-03,990,2.2,2.0,58.4,0.25,42.2
2026-09-19T07:09:16+08:00,FJ-03,991,2.2,2.1,58.6,0.25,42.6
2026-09-19T07:10:16+08:00,FJ-03,991,2.2,2.1,58.3,0.25,42.1
2026-09-19T07:11:16+08:00,FJ-03,990,2.1,2.0,58.3,0.24,42.1
2026-09-19T07:12:16+08:00,FJ-03,990,2.1,2.0,58.5,0.25,42.5
2026-09-19T07:13:16+08:00,FJ-03,991,2.2,2.1,58.2,0.25,42.5
2026-09-19T07:14:16+08:00,FJ-03,992,2.2,2.0,57.4,0.25,42.5
2026-09-19T07:15:16+08:00,FJ-03,991,2.2,2.0,57.5,0.24,41.9
2026-09-19T07:16:16+08:00,FJ-03,990,2.2,2.1,57.9,0.25,42.3
2026-09-19T07:17:16+08:00,FJ-03,990,2.2,2.1,58.0,0.24,42.5
2026-09-19T07:18:16+08:00,FJ-03,991,2.2,2.0,58.4,0.25,42.6
2026-09-19T07:19:16+08:00,FJ-03,991,2.3,2.1,58.3,0.24,42.0
2026-09-19T07:20:16+08:00,FJ-03,989,2.2,2.1,58.5,0.25,42.5
2026-09-19T07:21:16+08:00,FJ-03,990,2.3,2.0,58.2,0.25,42.0
2026-09-19T07:22:16+08:00,FJ-03,990,2.2,2.0,58.0,0.25,42.0
2026-09-19T07:23:16+08:00,FJ-03,989,2.2,2.0,58.6,0.25,42.3
2026-09-19T07:24:16+08:00,FJ-03,991,2.2,2.1,58.4,0.25,41.7
2026-09-19T07:25:16+08:00,FJ-03,990,2.2,2.1,58.3,0.25,42.3
2026-09-19T07:26:16+08:00,FJ-03,990,2.2,2.0,58.7,0.25,42.1
2026-09-19T07:27:16+08:00,FJ-03,990,2.3,2.1,57.9,0.25,42.4
2026-09-19T07:28:16+08:00,FJ-03,990,2.2,2.1,58.2,0.24,42.0
2026-09-19T07:29:16+08:00,FJ-03,991,2.3,2.0,58.3,0.25,42.6
2026-09-19T07:30:16+08:00,FJ-03,991,2.2,2.1,57.6,0.25,42.1
2026-09-19T07:31:16+08:00,FJ-03,991,2.2,2.1,57.0,0.25,42.2
2026-09-19T07:32:16+08:00,FJ-03,990,2.2,2.2,57.6,0.25,42.1
2026-09-19T07:33:16+08:00,FJ-03,991,2.2,2.0,57.6,0.24,42.2
2026-09-19T07:34:16+08:00,FJ-03,990,2.2,2.1,57.6,0.25,43.2
2026-09-19T07:35:16+08:00,FJ-03,991,2.3,2.1,57.2,0.25,42.0
2026-09-19T07:36:16+08:00,FJ-03,991,2.2,2.1,57.4,0.25,42.5
2026-09-19T07:37:16+08:00,FJ-03,990,2.2,2.1,58.9,0.25,42.2
2026-09-19T07:38:16+08:00,FJ-03,989,2.2,2.1,58.9,0.25,42.4
2026-09-19T07:39:16+08:00,FJ-03,991,2.2,2.1,58.1,0.24,41.9
2026-09-19T07:40:16+08:00,FJ-03,990,2.2,2.0,58.5,0.24,42.2
2026-09-19T07:41:16+08:00,FJ-03,990,2.2,2.1,58.4,0.25,42.3
2026-09-19T07:42:16+08:00,FJ-03,992,2.2,2.0,56.9,0.25,41.9
2026-09-19T07:43:16+08:00,FJ-03,991,2.2,2.0,58.0,0.24,42.0
2026-09-19T07:44:16+08:00,FJ-03,989,2.2,2.1,58.6,0.24,43.0
2026-09-19T07:45:16+08:00,FJ-03,990,2.2,2.1,57.7,0.25,41.9
2026-09-19T07:46:16+08:00,FJ-03,991,2.2,2.1,57.9,0.25,42.7
2026-09-19T07:47:16+08:00,FJ-03,990,2.1,2.1,58.2,0.24,42.4
2026-09-19T07:48:16+08:00,FJ-03,991,2.2,2.0,58.6,0.25,41.7
2026-09-19T07:49:16+08:00,FJ-03,993,2.2,2.0,57.8,0.25,42.3
2026-09-19T07:50:16+08:00,FJ-03,990,2.2,2.1,57.3,0.24,42.3
2026-09-19T07:51:16+08:00,FJ-03,990,2.1,2.1,58.1,0.25,41.8
2026-09-19T07:52:16+08:00,FJ-03,990,2.1,2.1,59.0,0.25,41.8
2026-09-19T07:53:16+08:00,FJ-03,992,2.2,2.1,58.8,0.25,42.7
2026-09-19T07:54:16+08:00,FJ-03,991,2.2,2.1,58.0,0.25,42.4
2026-09-19T07:55:16+08:00,FJ-03,990,2.2,2.1,58.6,0.25,42.3
2026-09-19T07:56:16+08:00,FJ-03,990,2.3,2.0,58.5,0.25,42.9
2026-09-19T07:57:16+08:00,FJ-03,990,2.1,2.1,57.7,0.24,42.1
2026-09-19T07:58:16+08:00,FJ-03,990,2.2,2.1,57.4,0.24,42.4
2026-09-19T07:59:16+08:00,FJ-03,992,2.2,2.1,58.3,0.24,42.2
2026-09-19T08:00:16+08:00,FJ-03,990,2.2,2.1,58.0,0.25,42.2
2026-09-19T08:01:16+08:00,FJ-03,991,2.2,2.1,58.6,0.25,42.4
2026-09-19T08:02:16+08:00,FJ-03,989,2.1,2.1,58.2,0.25,41.9
2026-09-19T08:03:16+08:00,FJ-03,990,2.3,2.1,58.3,0.24,41.9
2026-09-19T08:04:16+08:00,FJ-03,991,2.1,2.0,58.5,0.24,43.0
2026-09-19T08:05:16+08:00,FJ-03,991,2.2,2.1,58.8,0.24,42.3
2026-09-19T08:06:16+08:00,FJ-03,989,2.2,2.1,57.5,0.24,42.1
2026-09-19T08:07:16+08:00,FJ-03,990,2.2,2.0,57.9,0.25,42.4
2026-09-19T08:08:16+08:00,FJ-03,990,2.2,2.1,58.4,0.25,41.8
2026-09-19T08:09:16+08:00,FJ-03,990,2.3,2.1,58.5,0.24,42.2
2026-09-19T08:10:16+08:00,FJ-03,991,2.3,2.1,57.9,0.25,42.4
2026-09-19T08:11:16+08:00,FJ-03,990,2.3,2.1,58.2,0.24,43.0
2026-09-19T08:12:16+08:00,FJ-03,989,2.2,2.0,59.2,0.24,42.4
2026-09-19T08:13:16+08:00,FJ-03,990,2.2,2.1,57.8,0.25,42.7
2026-09-19T08:14:16+08:00,FJ-03,991,2.2,2.1,58.3,0.25,42.4
2026-09-19T08:15:16+08:00,FJ-03,991,2.2,2.2,58.2,0.24,42.7
2026-09-19T08:16:16+08:00,FJ-03,991,2.2,2.1,58.7,0.25,42.0
2026-09-19T08:17:16+08:00,FJ-03,990,2.2,2.0,58.2,0.24,42.2
2026-09-19T08:18:16+08:00,FJ-03,990,2.2,2.1,58.4,0.25,41.5
2026-09-19T08:19:16+08:00,FJ-03,990,2.2,2.0,58.1,0.24,42.0
2026-09-19T08:20:16+08:00,FJ-03,990,2.2,2.1,57.9,0.24,42.1
2026-09-19T08:21:16+08:00,FJ-03,990,2.3,2.1,58.8,0.24,42.4
2026-09-19T08:22:16+08:00,FJ-03,990,2.2,2.0,57.1,0.25,42.4
2026-09-19T08:23:16+08:00,FJ-03,989,2.2,2.1,58.2,0.25,42.2
2026-09-19T08:24:16+08:00,FJ-03,990,2.2,2.1,58.8,0.25,42.3
2026-09-19T08:25:16+08:00,FJ-03,992,2.2,2.1,58.3,0.25,41.8
2026-09-19T08:26:16+08:00,FJ-03,989,2.2,2.1,59.1,0.25,42.5
2026-09-19T08:27:16+08:00,FJ-03,989,2.3,2.1,59.0,0.25,41.6
2026-09-19T08:28:16+08:00,FJ-03,990,2.2,2.1,58.4,0.25,41.9
2026-09-19T08:29:16+08:00,FJ-03,990,2.2,2.1,58.9,0.25,42.7
2026-09-19T08:30:16+08:00,FJ-03,989,2.2,2.1,58.4,0.25,42.1
2026-09-19T08:31:16+08:00,FJ-03,990,2.2,2.1,58.6,0.25,42.0
2026-09-19T08:32:16+08:00,FJ-03,990,2.2,2.2,58.5,0.25,42.4
2026-09-19T08:33:16+08:00,FJ-03,990,2.2,2.0,58.1,0.24,42.5
2026-09-19T08:34:16+08:00,FJ-03,991,2.2,2.1,57.9,0.25,42.1
2026-09-19T08:35:16+08:00,FJ-03,991,2.3,2.0,58.6,0.24,42.6
2026-09-19T08:36:16+08:00,FJ-03,991,2.2,2.0,58.7,0.25,42.3
2026-09-19T08:37:16+08:00,FJ-03,990,2.2,2.1,58.2,0.24,42.4
2026-09-19T08:38:16+08:00,FJ-03,990,2.2,2.0,58.1,0.24,42.2
2026-09-19T08:39:16+08:00,FJ-03,990,2.2,2.1,58.1,0.25,42.6
2026-09-19T08:40:16+08:00,FJ-03,990,2.2,2.1,58.2,0.25,42.2
2026-09-19T08:41:16+08:00,FJ-03,991,2.2,2.1,58.1,0.25,42.7
2026-09-19T08:42:16+08:00,FJ-03,990,2.2,2.1,58.3,0.25,42.7
2026-09-19T08:43:16+08:00,FJ-03,990,2.2,2.1,58.5,0.25,42.2
2026-09-19T08:44:16+08:00,FJ-03,990,2.2,2.0,58.0,0.25,42.7
2026-09-19T08:45:16+08:00,FJ-03,990,2.2,2.1,57.7,0.25,42.3
2026-09-19T08:46:16+08:00,FJ-03,990,2.2,2.0,58.0,0.25,42.1
2026-09-19T08:47:16+08:00,FJ-03,990,2.2,2.1,57.7,0.25,42.4
2026-09-19T08:48:16+08:00,FJ-03,991,2.2,2.1,57.9,0.24,41.5
2026-09-19T08:49:16+08:00,FJ-03,991,2.2,2.0,57.7,0.24,42.4
2026-09-19T08:50:16+08:00,FJ-03,991,2.2,2.1,58.2,0.24,42.0
2026-09-19T08:51:16+08:00,FJ-03,992,2.2,2.1,58.4,0.25,42.9
2026-09-19T08:52:16+08:00,FJ-03,990,2.2,2.0,58.6,0.24,42.4
2026-09-19T08:53:16+08:00,FJ-03,990,2.2,2.1,58.5,0.24,42.3
2026-09-19T08:54:16+08:00,FJ-03,990,2.2,2.0,58.7,0.25,41.9
2026-09-19T08:55:16+08:00,FJ-03,990,2.2,2.1,57.6,0.25,41.9
2026-09-19T08:56:16+08:00,FJ-03,990,2.2,2.1,58.5,0.24,42.7
2026-09-19T08:57:16+08:00,FJ-03,990,2.2,2.0,57.8,0.25,42.6
2026-09-19T08:58:16+08:00,FJ-03,991,2.2,2.1,57.9,0.25,42.4
2026-09-19T08:59:16+08:00,FJ-03,991,2.2,2.1,57.5,0.24,42.1
2026-09-19T09:00:16+08:00,FJ-03,989,2.2,2.1,58.3,0.25,42.3
2026-09-19T09:01:16+08:00,FJ-03,990,2.2,2.1,58.1,0.25,41.8
2026-09-19T09:02:16+08:00,FJ-03,988,2.2,2.1,58.3,0.24,42.1
2026-09-19T09:03:16+08:00,FJ-03,990,2.2,2.1,58.7,0.25,41.8
2026-09-19T09:04:16+08:00,FJ-03,991,2.2,2.1,57.8,0.25,42.1
2026-09-19T09:05:16+08:00,FJ-03,991,2.3,2.0,58.2,0.25,42.6
2026-09-19T09:06:16+08:00,FJ-03,991,2.3,2.1,59.1,0.25,42.5
2026-09-19T09:07:16+08:00,FJ-03,991,2.1,2.1,57.6,0.25,42.5
2026-09-19T09:08:16+08:00,FJ-03,990,2.2,2.0,58.4,0.25,42.8
2026-09-19T09:09:16+08:00,FJ-03,990,2.3,2.0,58.7,0.25,42.2
2026-09-19T09:10:16+08:00,FJ-03,991,2.3,2.0,58.2,0.25,42.3
2026-09-19T09:11:16+08:00,FJ-03,990,2.2,2.0,58.1,0.25,42.1
2026-09-19T09:12:16+08:00,FJ-03,991,2.2,2.1,58.1,0.25,42.3
2026-09-19T09:13:16+08:00,FJ-03,990,2.2,2.0,59.0,0.25,42.2
2026-09-19T09:14:16+08:00,FJ-03,990,2.2,2.1,57.9,0.25,42.6
2026-09-19T09:15:16+08:00,FJ-03,990,2.2,2.1,57.8,0.25,42.5
2026-09-19T09:16:16+08:00,FJ-03,991,2.2,2.2,57.7,0.25,42.3
2026-09-19T09:17:16+08:00,FJ-03,989,2.2,2.1,57.7,0.25,41.8
2026-09-19T09:18:16+08:00,FJ-03,989,2.2,2.1,58.2,0.25,42.2
2026-09-19T09:19:16+08:00,FJ-03,991,2.2,2.1,58.0,0.24,42.6
2026-09-19T09:20:16+08:00,FJ-03,990,2.2,2.1,58.3,0.24,42.1
2026-09-19T09:21:16+08:00,FJ-03,991,2.3,2.1,58.6,0.25,42.0
2026-09-19T09:22:16+08:00,FJ-03,991,2.2,2.1,58.2,0.24,42.8
2026-09-19T09:23:16+08:00,FJ-03,990,2.2,2.1,58.2,0.24,41.8
2026-09-19T09:24:16+08:00,FJ-03,990,2.2,2.1,58.0,0.25,41.9
2026-09-19T09:25:16+08:00,FJ-03,990,2.1,2.1,58.2,0.25,42.3
2026-09-19T09:26:16+08:00,FJ-03,990,2.3,2.0,58.1,0.25,42.4
2026-09-19T09:27:16+08:00,FJ-03,991,2.2,2.1,58.1,0.25,42.3
2026-09-19T09:28:16+08:00,FJ-03,989,2.2,2.1,58.3,0.24,42.2
2026-09-19T09:29:16+08:00,FJ-03,990,2.2,2.1,58.1,0.25,42.2
2026-09-19T09:30:16+08:00,FJ-03,991,2.2,2.1,58.1,0.25,42.5
2026-09-19T09:31:16+08:00,FJ-03,991,2.2,2.1,58.5,0.25,42.3
2026-09-19T09:32:16+08:00,FJ-03,991,2.3,2.1,57.8,0.25,42.1
2026-09-19T09:33:16+08:00,FJ-03,991,2.2,2.1,58.3,0.25,42.5
2026-09-19T09:34:16+08:00,FJ-03,991,2.2,2.2,57.7,0.24,42.2
2026-09-19T09:35:16+08:00,FJ-03,991,2.2,2.1,58.1,0.25,42.2
2026-09-19T09:36:16+08:00,FJ-03,989,2.2,2.1,58.6,0.25,42.4
2026-09-19T09:37:16+08:00,FJ-03,991,2.1,2.1,57.8,0.25,42.4
2026-09-19T09:38:16+08:00,FJ-03,990,2.2,2.1,57.8,0.25,42.1
2026-09-19T09:39:16+08:00,FJ-03,990,2.2,2.0,58.5,0.24,42.4
2026-09-19T09:40:16+08:00,FJ-03,991,2.2,2.1,58.5,0.25,42.5
2026-09-19T09:41:16+08:00,FJ-03,990,2.2,2.1,58.7,0.25,42.0
2026-09-19T09:42:16+08:00,FJ-03,991,2.3,2.2,58.2,0.25,42.2
2026-09-19T09:43:16+08:00,FJ-03,990,2.2,2.1,58.2,0.25,42.1
2026-09-19T09:44:16+08:00,FJ-03,990,2.3,2.0,57.6,0.24,42.1
2026-09-19T09:45:16+08:00,FJ-03,991,2.2,2.1,57.9,0.25,42.4
2026-09-19T09:46:16+08:00,FJ-03,991,2.2,2.1,57.0,0.25,42.1
2026-09-19T09:47:16+08:00,FJ-03,990,2.2,2.1,57.7,0.25,42.3
2026-09-19T09:48:16+08:00,FJ-03,990,2.2,2.1,58.0,0.25,42.5
2026-09-19T09:49:16+08:00,FJ-03,990,2.1,2.0,58.6,0.24,42.8
2026-09-19T09:50:16+08:00,FJ-03,991,2.1,2.1,58.1,0.25,42.5
2026-09-19T09:51:16+08:00,FJ-03,991,2.2,2.1,59.1,0.25,42.5
2026-09-19T09:52:16+08:00,FJ-03,991,2.2,2.1,57.7,0.25,41.8
2026-09-19T09:53:16+08:00,FJ-03,989,2.2,2.1,58.2,0.25,41.9
2026-09-19T09:54:16+08:00,FJ-03,992,2.2,2.1,58.2,0.24,42.4
2026-09-19T09:55:16+08:00,FJ-03,990,2.2,2.1,58.2,0.24,42.2
2026-09-19T09:56:16+08:00,FJ-03,990,2.3,2.1,58.2,0.25,42.4
2026-09-19T09:57:16+08:00,FJ-03,991,2.3,2.1,58.4,0.24,42.3
2026-09-19T09:58:16+08:00,FJ-03,992,2.2,2.1,58.2,0.25,42.3
2026-09-19T09:59:16+08:00,FJ-03,989,2.2,2.1,57.8,0.25,42.6
2026-09-19T10:00:16+08:00,FJ-03,990,2.2,2.0,58.5,0.25,42.1
2026-09-19T10:01:16+08:00,FJ-03,991,2.3,2.0,59.3,0.24,42.1
2026-09-19T10:02:16+08:00,FJ-03,990,2.2,2.1,57.8,0.24,42.7
2026-09-19T10:03:16+08:00,FJ-03,990,2.2,2.1,58.3,0.25,42.4
2026-09-19T10:04:16+08:00,FJ-03,989,2.3,2.1,57.5,0.25,41.7
2026-09-19T10:05:16+08:00,FJ-03,991,2.2,2.0,57.6,0.25,42.3
2026-09-19T10:06:16+08:00,FJ-03,990,2.3,2.1,58.2,0.25,42.3
2026-09-19T10:07:16+08:00,FJ-03,991,2.2,2.1,58.3,0.25,41.7
2026-09-19T10:08:16+08:00,FJ-03,989,2.2,2.1,58.8,0.25,42.1
2026-09-19T10:09:16+08:00,FJ-03,989,2.2,2.0,58.2,0.25,42.3
2026-09-19T10:10:16+08:00,FJ-03,991,2.2,2.1,58.9,0.25,42.3
2026-09-19T10:11:16+08:00,FJ-03,991,2.2,2.1,57.9,0.24,42.6
2026-09-19T10:12:16+08:00,FJ-03,990,2.2,2.0,57.2,0.25,42.2
2026-09-19T10:13:16+08:00,FJ-03,990,2.2,2.1,58.0,0.25,42.6
2026-09-19T10:14:16+08:00,FJ-03,990,2.3,2.1,58.9,0.25,42.1
2026-09-19T10:15:16+08:00,FJ-03,990,2.2,2.1,57.7,0.24,42.6
2026-09-19T10:16:16+08:00,FJ-03,990,2.2,2.0,58.2,0.25,43.1
2026-09-19T10:17:16+08:00,FJ-03,989,2.2,2.0,59.0,0.25,42.0
2026-09-19T10:18:16+08:00,FJ-03,990,2.2,2.0,57.8,0.25,42.7
2026-09-19T10:19:16+08:00,FJ-03,990,2.2,2.1,58.2,0.25,42.4
2026-09-19T10:20:16+08:00,FJ-03,990,2.2,2.1,57.9,0.25,42.7
2026-09-19T10:21:16+08:00,FJ-03,991,2.3,2.1,58.5,0.24,42.4
2026-09-19T10:22:16+08:00,FJ-03,991,2.2,2.1,58.0,0.25,42.3
2026-09-19T10:23:16+08:00,FJ-03,991,2.3,2.1,58.2,0.24,42.0
2026-09-19T10:24:16+08:00,FJ-03,989,2.3,2.1,58.2,0.25,42.4
2026-09-19T10:25:16+08:00,FJ-03,991,2.2,2.0,58.5,0.24,42.0
2026-09-19T10:26:16+08:00,FJ-03,991,2.3,2.1,58.8,0.24,42.5
2026-09-19T10:27:16+08:00,FJ-03,990,2.2,2.1,58.6,0.24,42.7
2026-09-19T10:28:16+08:00,FJ-03,991,2.2,2.0,57.5,0.25,42.1
2026-09-19T10:29:16+08:00,FJ-03,990,2.2,2.1,58.6,0.25,42.5
2026-09-19T10:30:16+08:00,FJ-03,990,2.2,2.1,57.6,0.24,42.1
2026-09-19T10:31:16+08:00,FJ-03,991,2.2,2.1,58.3,0.24,42.7
2026-09-19T10:32:16+08:00,FJ-03,992,2.2,2.1,58.1,0.25,41.7
2026-09-19T10:33:16+08:00,FJ-03,991,2.2,2.1,58.1,0.26,42.3
2026-09-19T10:34:16+08:00,FJ-03,991,2.2,2.1,58.6,0.24,42.6
2026-09-19T10:35:16+08:00,FJ-03,991,2.1,2.1,57.8,0.24,42.2
2026-09-19T10:36:16+08:00,FJ-03,991,2.2,2.2,59.1,0.25,42.6
2026-09-19T10:37:16+08:00,FJ-03,991,2.2,2.0,58.5,0.25,42.7
2026-09-19T10:38:16+08:00,FJ-03,989,2.3,2.0,58.4,0.25,42.6
2026-09-19T10:39:16+08:00,FJ-03,990,2.2,2.1,57.9,0.25,42.3
2026-09-19T10:40:16+08:00,FJ-03,990,2.2,2.1,57.7,0.24,42.6
2026-09-19T10:41:16+08:00,FJ-03,990,2.2,2.1,58.7,0.25,42.1
2026-09-19T10:42:16+08:00,FJ-03,991,2.2,2.1,57.8,0.24,42.0
2026-09-19T10:43:16+08:00,FJ-03,990,2.1,2.0,58.2,0.24,42.6
2026-09-19T10:44:16+08:00,FJ-03,991,2.2,2.1,57.9,0.25,42.9
2026-09-19T10:45:16+08:00,FJ-03,989,2.2,2.1,58.9,0.25,42.3
2026-09-19T10:46:16+08:00,FJ-03,989,2.2,2.2,58.2,0.25,42.2
2026-09-19T10:47:16+08:00,FJ-03,989,2.3,2.1,58.8,0.25,42.1
2026-09-19T10:48:16+08:00,FJ-03,992,2.2,2.2,58.4,0.24,42.3
2026-09-19T10:49:16+08:00,FJ-03,991,2.2,2.1,58.5,0.25,42.2
2026-09-19T10:50:16+08:00,FJ-03,991,2.3,2.0,58.3,0.24,42.6
2026-09-19T10:51:16+08:00,FJ-03,990,2.2,2.1,58.8,0.25,41.7
2026-09-19T10:52:16+08:00,FJ-03,990,2.3,2.1,58.2,0.24,41.8
2026-09-19T10:53:16+08:00,FJ-03,991,2.3,2.1,58.4,0.25,42.0
2026-09-19T10:54:16+08:00,FJ-03,990,2.2,2.0,58.0,0.24,42.5
2026-09-19T10:55:16+08:00,FJ-03,990,2.3,2.0,58.8,0.25,42.0
2026-09-19T10:56:16+08:00,FJ-03,990,2.2,2.1,57.9,0.24,42.2
2026-09-19T10:57:16+08:00,FJ-03,990,2.2,2.1,58.5,0.25,42.4
2026-09-19T10:58:16+08:00,FJ-03,989,2.2,2.1,58.6,0.25,42.4
2026-09-19T10:59:16+08:00,FJ-03,989,2.2,2.1,57.6,0.25,42.3
2026-09-19T11:00:16+08:00,FJ-03,990,2.2,2.0,58.0,0.24,42.6
2026-09-19T11:01:16+08:00,FJ-03,991,2.2,2.1,58.4,0.25,42.3
2026-09-19T11:02:16+08:00,FJ-03,990,2.2,2.1,58.7,0.24,42.3
2026-09-19T11:03:16+08:00,FJ-03,989,2.1,2.1,58.8,0.25,42.4
2026-09-19T11:04:16+08:00,FJ-03,991,2.2,2.1,58.0,0.25,42.1
2026-09-19T11:05:16+08:00,FJ-03,990,2.3,2.1,58.9,0.25,42.2
2026-09-19T11:06:16+08:00,FJ-03,992,2.3,2.0,58.6,0.25,42.1
2026-09-19T11:07:16+08:00,FJ-03,990,2.2,2.1,58.4,0.25,42.3
2026-09-19T11:08:16+08:00,FJ-03,990,2.2,2.1,57.2,0.25,42.0
2026-09-19T11:09:16+08:00,FJ-03,990,2.1,2.1,58.7,0.25,42.1
2026-09-19T11:10:16+08:00,FJ-03,991,2.2,2.1,57.7,0.24,42.7
2026-09-19T11:11:16+08:00,FJ-03,990,2.2,2.1,57.9,0.25,42.1
2026-09-19T11:12:16+08:00,FJ-03,990,2.3,2.1,58.1,0.24,42.0
2026-09-19T11:13:16+08:00,FJ-03,990,2.2,2.0,57.8,0.25,41.9
2026-09-19T11:14:16+08:00,FJ-03,990,2.2,2.1,58.3,0.25,42.6
2026-09-19T11:15:16+08:00,FJ-03,990,2.2,2.1,58.7,0.24,42.2
2026-09-19T11:16:16+08:00,FJ-03,991,2.2,2.1,57.7,0.25,42.6
2026-09-19T11:17:16+08:00,FJ-03,990,2.2,2.0,58.6,0.25,42.6
2026-09-19T11:18:16+08:00,FJ-03,991,2.1,2.1,58.5,0.25,42.3
2026-09-19T11:19:16+08:00,FJ-03,990,2.2,2.0,57.7,0.24,42.5
2026-09-19T11:20:16+08:00,FJ-03,989,2.2,2.1,58.6,0.25,42.5
2026-09-19T11:21:16+08:00,FJ-03,990,2.2,2.1,58.4,0.25,42.4
2026-09-19T11:22:16+08:00,FJ-03,990,2.2,2.1,58.1,0.25,42.6
2026-09-19T11:23:16+08:00,FJ-03,989,2.2,2.0,57.7,0.25,41.8
2026-09-19T11:24:16+08:00,FJ-03,991,2.2,2.1,58.5,0.24,42.5
2026-09-19T11:25:16+08:00,FJ-03,991,2.1,2.1,57.7,0.24,42.2
2026-09-19T11:26:16+08:00,FJ-03,990,2.2,2.2,58.9,0.25,42.9
2026-09-19T11:27:16+08:00,FJ-03,990,2.2,2.1,58.9,0.24,42.4
2026-09-19T11:28:16+08:00,FJ-03,991,2.2,2.1,58.6,0.25,42.3
2026-09-19T11:29:16+08:00,FJ-03,989,2.2,2.1,57.8,0.24,42.6
2026-09-19T11:30:16+08:00,FJ-03,989,2.3,2.0,58.9,0.25,42.0
2026-09-19T11:31:16+08:00,FJ-03,990,2.2,2.0,58.2,0.25,42.3
2026-09-19T11:32:16+08:00,FJ-03,990,2.3,2.0,58.5,0.24,41.9
2026-09-19T11:33:16+08:00,FJ-03,990,2.2,2.1,58.2,0.25,41.8
2026-09-19T11:34:16+08:00,FJ-03,991,2.3,2.0,58.4,0.25,42.1
2026-09-19T11:35:16+08:00,FJ-03,991,2.2,2.1,58.1,0.25,42.5
2026-09-19T11:36:16+08:00,FJ-03,989,2.3,2.1,58.2,0.25,42.1
2026-09-19T11:37:16+08:00,FJ-03,989,2.1,2.1,57.8,0.24,42.3
2026-09-19T11:38:16+08:00,FJ-03,990,2.2,2.1,58.7,0.25,42.5
2026-09-19T11:39:16+08:00,FJ-03,990,2.2,2.0,58.4,0.25,42.1
2026-09-19T11:40:16+08:00,FJ-03,992,2.2,2.1,58.3,0.24,42.1
2026-09-19T11:41:16+08:00,FJ-03,990,2.2,2.1,58.9,0.25,42.1
2026-09-19T11:42:16+08:00,FJ-03,990,2.2,2.0,58.2,0.24,42.6
2026-09-19T11:43:16+08:00,FJ-03,991,2.2,2.2,58.9,0.25,42.2
2026-09-19T11:44:16+08:00,FJ-03,991,2.2,2.1,58.4,0.25,42.3
2026-09-19T11:45:16+08:00,FJ-03,992,2.2,2.1,58.0,0.25,42.7
2026-09-19T11:46:16+08:00,FJ-03,991,2.2,2.0,57.8,0.25,42.1
2026-09-19T11:47:16+08:00,FJ-03,989,2.3,2.1,58.1,0.25,42.3
2026-09-19T11:48:16+08:00,FJ-03,991,2.3,2.1,58.4,0.24,41.8
2026-09-19T11:49:16+08:00,FJ-03,990,2.2,2.1,58.7,0.25,42.5
2026-09-19T11:50:16+08:00,FJ-03,989,2.2,2.0,58.4,0.25,42.0
2026-09-19T11:51:16+08:00,FJ-03,990,2.2,2.1,59.1,0.25,42.6
2026-09-19T11:52:16+08:00,FJ-03,990,2.3,2.1,58.3,0.25,42.2
2026-09-19T11:53:16+08:00,FJ-03,992,2.2,2.1,57.9,0.24,42.5
2026-09-19T11:54:16+08:00,FJ-03,991,2.2,2.1,57.7,0.25,42.1
2026-09-19T11:55:16+08:00,FJ-03,990,2.2,2.0,58.0,0.24,42.1
2026-09-19T11:56:16+08:00,FJ-03,991,2.2,2.0,58.6,0.24,42.6
2026-09-19T11:57:16+08:00,FJ-03,991,2.2,2.0,57.8,0.24,42.1
2026-09-19T11:58:16+08:00,FJ-03,990,2.2,2.1,58.6,0.25,42.7
2026-09-19T11:59:16+08:00,FJ-03,991,2.2,2.1,58.5,0.25,42.6
2026-09-19T12:00:16+08:00,FJ-03,991,2.2,2.2,58.4,0.25,42.8
2026-09-19T12:01:16+08:00,FJ-03,990,2.2,2.0,59.1,0.25,42.5
2026-09-19T12:02:16+08:00,FJ-03,992,2.2,2.1,58.1,0.25,42.0
2026-09-19T12:03:16+08:00,FJ-03,990,2.2,2.1,57.9,0.25,41.6
2026-09-19T12:04:16+08:00,FJ-03,991,2.2,2.1,58.8,0.24,43.2
2026-09-19T12:05:16+08:00,FJ-03,989,2.2,2.1,58.5,0.25,42.5
2026-09-19T12:06:16+08:00,FJ-03,990,2.3,2.1,57.7,0.25,42.3
2026-09-19T12:07:16+08:00,FJ-03,990,2.2,2.0,58.6,0.25,42.3
2026-09-19T12:08:16+08:00,FJ-03,990,2.2,2.0,58.0,0.25,42.2
2026-09-19T12:09:16+08:00,FJ-03,991,2.2,2.1,57.9,0.25,41.9
2026-09-19T12:10:16+08:00,FJ-03,989,2.2,2.2,58.4,0.25,42.7
2026-09-19T12:11:16+08:00,FJ-03,990,2.2,2.1,58.8,0.25,42.4
2026-09-19T12:12:16+08:00,FJ-03,990,2.2,2.1,57.8,0.25,42.9
2026-09-19T12:13:16+08:00,FJ-03,990,2.2,2.1,58.2,0.25,42.0
2026-09-19T12:14:16+08:00,FJ-03,993,2.3,2.1,58.3,0.24,42.7
2026-09-19T12:15:16+08:00,FJ-03,990,2.2,2.0,58.1,0.25,42.2
2026-09-19T12:16:16+08:00,FJ-03,990,2.3,2.1,58.6,0.25,42.4
2026-09-19T12:17:16+08:00,FJ-03,991,2.2,2.0,58.0,0.25,42.4
2026-09-19T12:18:16+08:00,FJ-03,990,2.2,2.0,58.6,0.25,42.2
2026-09-19T12:19:16+08:00,FJ-03,991,2.3,2.1,59.2,0.24,42.2
2026-09-19T12:20:16+08:00,FJ-03,988,2.2,2.1,58.3,0.25,43.0
2026-09-19T12:21:16+08:00,FJ-03,990,2.3,2.2,57.7,0.25,42.0
2026-09-19T12:22:16+08:00,FJ-03,990,2.2,2.1,59.1,0.24,42.5
2026-09-19T12:23:16+08:00,FJ-03,990,2.2,2.1,58.6,0.24,42.4
2026-09-19T12:24:16+08:00,FJ-03,989,2.2,2.0,58.5,0.25,42.2
2026-09-19T12:25:16+08:00,FJ-03,990,2.2,2.0,58.5,0.25,42.4
2026-09-19T12:26:16+08:00,FJ-03,991,2.2,2.1,58.7,0.25,42.7
2026-09-19T12:27:16+08:00,FJ-03,991,2.2,2.0,58.2,0.25,42.6
2026-09-19T12:28:16+08:00,FJ-03,991,2.3,2.1,58.7,0.24,42.6
2026-09-19T12:29:16+08:00,FJ-03,990,2.2,2.0,58.6,0.24,42.6
2026-09-19T12:30:16+08:00,FJ-03,991,2.2,2.1,58.0,0.25,42.8
2026-09-19T12:31:16+08:00,FJ-03,990,2.1,2.1,58.7,0.25,42.6
2026-09-19T12:32:16+08:00,FJ-03,991,2.3,2.1,58.1,0.24,42.4
2026-09-19T12:33:16+08:00,FJ-03,990,2.1,2.1,58.0,0.25,42.1
2026-09-19T12:34:16+08:00,FJ-03,991,2.2,2.1,58.4,0.25,42.6
2026-09-19T12:35:16+08:00,FJ-03,990,2.3,2.0,57.8,0.25,41.9
2026-09-19T12:36:16+08:00,FJ-03,992,2.3,2.1,58.1,0.25,42.6
2026-09-19T12:37:16+08:00,FJ-03,990,2.2,2.1,59.5,0.24,42.4
2026-09-19T12:38:16+08:00,FJ-03,990,2.3,2.1,57.6,0.24,42.1
2026-09-19T12:39:16+08:00,FJ-03,991,2.2,2.0,58.8,0.25,42.6
2026-09-19T12:40:16+08:00,FJ-03,992,2.3,2.1,58.6,0.25,42.4
2026-09-19T12:41:16+08:00,FJ-03,991,2.2,2.0,58.2,0.24,41.8
2026-09-19T12:42:16+08:00,FJ-03,990,2.2,2.1,58.4,0.25,42.4
2026-09-19T12:43:16+08:00,FJ-03,992,2.3,2.1,58.4,0.24,42.7
2026-09-19T12:44:16+08:00,FJ-03,991,2.3,2.1,58.1,0.25,42.7
2026-09-19T12:45:16+08:00,FJ-03,990,2.2,2.0,58.0,0.25,42.3
2026-09-19T12:46:16+08:00,FJ-03,990,2.2,2.1,58.6,0.25,42.9
2026-09-19T12:47:16+08:00,FJ-03,991,2.2,2.1,57.9,0.25,42.2
2026-09-19T12:48:16+08:00,FJ-03,990,2.2,2.1,58.4,0.25,41.7
2026-09-19T12:49:16+08:00,FJ-03,990,2.2,2.1,58.3,0.25,42.5
2026-09-19T12:50:16+08:00,FJ-03,989,2.3,2.1,58.2,0.25,42.5
2026-09-19T12:51:16+08:00,FJ-03,989,2.3,2.0,58.0,0.25,42.7
2026-09-19T12:52:16+08:00,FJ-03,990,2.2,2.0,57.2,0.25,42.1
2026-09-19T12:53:16+08:00,FJ-03,991,2.2,2.1,58.4,0.24,42.5
2026-09-19T12:54:16+08:00,FJ-03,989,2.2,2.1,58.1,0.25,42.2
2026-09-19T12:55:16+08:00,FJ-03,989,2.2,2.0,59.2,0.25,42.4
2026-09-19T12:56:16+08:00,FJ-03,991,2.2,2.1,58.1,0.25,43.1
2026-09-19T12:57:16+08:00,FJ-03,989,2.2,2.1,58.7,0.24,42.0
2026-09-19T12:58:16+08:00,FJ-03,989,2.2,2.1,58.3,0.25,42.2
2026-09-19T12:59:16+08:00,FJ-03,990,2.2,2.0,58.6,0.25,42.3
2026-09-19T13:00:16+08:00,FJ-03,990,2.1,2.1,58.3,0.25,42.4
2026-09-19T13:01:16+08:00,FJ-03,990,2.3,2.1,58.2,0.25,42.7
2026-09-19T13:02:16+08:00,FJ-03,991,2.2,2.1,57.9,0.25,42.5
2026-09-19T13:03:16+08:00,FJ-03,992,2.2,2.1,58.3,0.25,42.6
2026-09-19T13:04:16+08:00,FJ-03,990,2.2,2.1,59.3,0.25,42.2
2026-09-19T13:05:16+08:00,FJ-03,990,2.2,2.1,58.2,0.24,42.6
2026-09-19T13:06:16+08:00,FJ-03,991,2.2,2.1,58.2,0.25,42.4
2026-09-19T13:07:16+08:00,FJ-03,991,2.2,2.1,59.1,0.24,41.9
2026-09-19T13:08:16+08:00,FJ-03,990,2.2,2.1,58.4,0.25,42.5
2026-09-19T13:09:16+08:00,FJ-03,989,2.1,2.1,58.4,0.25,42.3
2026-09-19T13:10:16+08:00,FJ-03,988,2.3,2.1,58.8,0.25,42.5
2026-09-19T13:11:16+08:00,FJ-03,990,2.2,2.1,58.5,0.25,42.1
2026-09-19T13:12:16+08:00,FJ-03,991,2.2,2.1,57.9,0.25,42.6
2026-09-19T13:13:16+08:00,FJ-03,991,2.2,2.1,58.1,0.25,42.4
2026-09-19T13:14:16+08:00,FJ-03,991,2.2,2.1,58.9,0.25,42.5
2026-09-19T13:15:16+08:00,FJ-03,991,2.2,2.1,58.4,0.25,42.7
2026-09-19T13:16:16+08:00,FJ-03,990,2.3,2.2,58.1,0.25,42.4
2026-09-19T13:17:16+08:00,FJ-03,991,2.3,2.0,58.3,0.25,42.6
2026-09-19T13:18:16+08:00,FJ-03,990,2.2,2.1,58.4,0.25,42.5
2026-09-19T13:19:16+08:00,FJ-03,990,2.2,2.1,58.1,0.25,42.5
2026-09-19T13:20:16+08:00,FJ-03,990,2.2,2.1,58.5,0.25,43.1
2026-09-19T13:21:16+08:00,FJ-03,991,2.3,2.1,58.7,0.24,42.0
2026-09-19T13:22:16+08:00,FJ-03,991,2.2,2.1,57.9,0.25,42.1
2026-09-19T13:23:16+08:00,FJ-03,990,2.2,2.1,58.7,0.24,42.2
2026-09-19T13:24:16+08:00,FJ-03,990,2.2,2.1,58.1,0.25,42.0
2026-09-19T13:25:16+08:00,FJ-03,989,2.2,2.0,58.8,0.25,42.5
2026-09-19T13:26:16+08:00,FJ-03,991,2.2,2.1,59.0,0.25,42.3
2026-09-19T13:27:16+08:00,FJ-03,990,2.1,2.1,58.6,0.25,42.4
2026-09-19T13:28:16+08:00,FJ-03,991,2.2,2.1,58.8,0.24,42.0
2026-09-19T13:29:16+08:00,FJ-03,991,2.2,2.1,58.2,0.25,42.4
2026-09-19T13:30:16+08:00,FJ-03,990,2.2,2.1,58.1,0.25,42.6
2026-09-19T13:31:16+08:00,FJ-03,990,2.2,2.1,58.4,0.25,42.1
2026-09-19T13:32:16+08:00,FJ-03,991,2.2,2.1,59.1,0.24,42.8
2026-09-19T13:33:16+08:00,FJ-03,990,2.1,2.0,58.5,0.25,42.2
2026-09-19T13:34:16+08:00,FJ-03,990,2.2,2.1,58.5,0.24,42.7
2026-09-19T13:35:16+08:00,FJ-03,990,2.3,2.1,58.7,0.25,42.3
2026-09-19T13:36:16+08:00,FJ-03,991,2.2,2.1,58.5,0.25,42.3
2026-09-19T13:37:16+08:00,FJ-03,991,2.2,2.1,58.7,0.25,42.1
2026-09-19T13:38:16+08:00,FJ-03,990,2.3,2.1,58.8,0.25,42.3
2026-09-19T13:39:16+08:00,FJ-03,992,2.2,2.2,57.6,0.25,42.1
2026-09-19T13:40:16+08:00,FJ-03,991,2.2,2.0,59.1,0.24,42.9
2026-09-19T13:41:16+08:00,FJ-03,990,2.3,2.1,59.7,0.25,42.5
2026-09-19T13:42:16+08:00,FJ-03,989,2.2,2.0,58.3,0.25,42.5
2026-09-19T13:43:16+08:00,FJ-03,990,2.2,2.1,57.8,0.25,42.2
2026-09-19T13:44:16+08:00,FJ-03,991,2.3,2.1,59.0,0.25,42.0
2026-09-19T13:45:16+08:00,FJ-03,992,2.3,2.1,58.1,0.25,42.6
2026-09-19T13:46:16+08:00,FJ-03,990,2.2,2.1,59.6,0.25,42.5
2026-09-19T13:47:16+08:00,FJ-03,990,2.2,2.0,58.3,0.24,41.9
2026-09-19T13:48:16+08:00,FJ-03,989,2.2,2.0,58.5,0.25,42.8
2026-09-19T13:49:16+08:00,FJ-03,991,2.2,2.0,58.0,0.25,42.4
2026-09-19T13:50:16+08:00,FJ-03,990,2.2,2.1,58.5,0.24,43.0
2026-09-19T13:51:16+08:00,FJ-03,989,2.2,2.2,58.7,0.25,42.9
2026-09-19T13:52:16+08:00,FJ-03,991,2.2,2.1,58.0,0.24,42.1
2026-09-19T13:53:16+08:00,FJ-03,991,2.2,2.1,59.0,0.25,42.7
2026-09-19T13:54:16+08:00,FJ-03,990,2.2,2.0,59.7,0.24,42.6
2026-09-19T13:55:16+08:00,FJ-03,992,2.3,2.1,58.2,0.25,42.6
2026-09-19T13:56:16+08:00,FJ-03,991,2.2,2.1,58.7,0.25,42.3
2026-09-19T13:57:16+08:00,FJ-03,991,2.2,2.1,58.4,0.25,42.3
2026-09-19T13:58:16+08:00,FJ-03,991,2.3,2.1,57.8,0.25,42.6
2026-09-19T13:59:16+08:00,FJ-03,989,2.2,2.1,58.1,0.25,42.4
2026-09-19T14:00:16+08:00,FJ-03,991,2.2,2.1,58.4,0.25,42.5
2026-09-19T14:01:16+08:00,FJ-03,990,2.2,2.2,59.3,0.25,42.6
2026-09-19T14:02:16+08:00,FJ-03,991,2.3,2.1,58.2,0.25,42.0
2026-09-19T14:03:16+08:00,FJ-03,990,2.2,2.0,58.2,0.25,42.2
2026-09-19T14:04:16+08:00,FJ-03,991,2.2,2.1,57.8,0.24,42.2
2026-09-19T14:05:16+08:00,FJ-03,989,2.3,2.1,58.5,0.25,42.6
2026-09-19T14:06:16+08:00,FJ-03,989,2.2,2.1,58.2,0.25,42.5
2026-09-19T14:07:16+08:00,FJ-03,989,2.2,2.1,58.7,0.25,42.7
2026-09-19T14:08:16+08:00,FJ-03,989,2.2,2.1,58.5,0.24,42.3
2026-09-19T14:09:16+08:00,FJ-03,991,2.3,2.0,58.0,0.25,42.2
2026-09-19T14:10:16+08:00,FJ-03,991,2.3,2.1,57.9,0.25,42.3
2026-09-19T14:11:16+08:00,FJ-03,992,2.3,2.1,58.4,0.24,42.8
2026-09-19T14:12:16+08:00,FJ-03,991,2.2,2.1,58.3,0.24,42.7
2026-09-19T14:13:16+08:00,FJ-03,989,2.2,2.1,58.4,0.25,42.0
2026-09-19T14:14:16+08:00,FJ-03,990,2.2,2.1,58.4,0.25,42.5
2026-09-19T14:15:16+08:00,FJ-03,992,2.2,2.2,58.1,0.25,42.7
2026-09-19T14:16:16+08:00,FJ-03,991,2.2,2.1,58.4,0.25,42.7
2026-09-19T14:17:16+08:00,FJ-03,991,2.2,2.1,58.4,0.24,42.1
2026-09-19T14:18:16+08:00,FJ-03,990,2.2,2.1,58.2,0.25,43.1
2026-09-19T14:19:16+08:00,FJ-03,990,2.2,2.1,57.8,0.24,42.0
2026-09-19T14:20:16+08:00,FJ-03,991,2.3,2.1,58.4,0.25,42.7
2026-09-19T14:21:16+08:00,FJ-03,991,2.1,2.1,59.4,0.24,42.8
2026-09-19T14:22:16+08:00,FJ-03,991,2.2,2.1,58.8,0.24,42.6
2026-09-19T14:23:16+08:00,FJ-03,991,2.3,2.1,58.5,0.24,42.8
2026-09-19T14:24:16+08:00,FJ-03,992,2.2,2.1,58.8,0.25,42.3
2026-09-19T14:25:16+08:00,FJ-03,991,2.2,2.1,58.8,0.25,42.5
2026-09-19T14:26:16+08:00,FJ-03,990,2.2,2.0,58.8,0.25,42.6
2026-09-19T14:27:16+08:00,FJ-03,989,2.3,2.1,58.5,0.25,42.5
2026-09-19T14:28:16+08:00,FJ-03,991,2.2,2.1,58.2,0.25,42.6
2026-09-19T14:29:16+08:00,FJ-03,990,2.2,2.1,57.8,0.25,43.1
2026-09-19T14:30:16+08:00,FJ-03,990,2.2,2.1,58.9,0.25,42.7
2026-09-19T14:31:16+08:00,FJ-03,990,2.3,2.1,58.1,0.24,42.3
2026-09-19T14:32:16+08:00,FJ-03,991,2.2,2.0,58.3,0.25,42.3
2026-09-19T14:33:16+08:00,FJ-03,990,2.1,2.0,57.8,0.25,42.8
2026-09-19T14:34:16+08:00,FJ-03,990,2.2,2.1,58.3,0.26,42.4
2026-09-19T14:35:16+08:00,FJ-03,992,2.3,2.1,59.2,0.25,42.3
2026-09-19T14:36:16+08:00,FJ-03,990,2.2,2.1,58.6,0.25,42.1
2026-09-19T14:37:16+08:00,FJ-03,991,2.2,2.1,58.2,0.25,42.3
2026-09-19T14:38:16+08:00,FJ-03,991,2.2,2.1,58.8,0.25,42.5
2026-09-19T14:39:16+08:00,FJ-03,992,2.2,2.1,58.5,0.24,42.3
2026-09-19T14:40:16+08:00,FJ-03,989,2.2,2.1,58.4,0.25,42.3
2026-09-19T14:41:16+08:00,FJ-03,991,2.3,2.1,58.6,0.25,42.4
2026-09-19T14:42:16+08:00,FJ-03,989,2.2,2.2,58.5,0.24,42.4
2026-09-19T14:43:16+08:00,FJ-03,990,2.3,2.1,58.7,0.25,42.0
2026-09-19T14:44:16+08:00,FJ-03,990,2.2,2.1,58.6,0.25,43.1
2026-09-19T14:45:16+08:00,FJ-03,991,2.1,2.1,59.0,0.24,42.3
2026-09-19T14:46:16+08:00,FJ-03,992,2.3,2.1,58.3,0.25,42.5
2026-09-19T14:47:16+08:00,FJ-03,990,2.3,2.1,58.4,0.25,42.6
2026-09-19T14:48:16+08:00,FJ-03,991,2.2,2.1,59.1,0.25,42.6
2026-09-19T14:49:16+08:00,FJ-03,990,2.2,2.1,57.8,0.24,42.6
2026-09-19T14:50:16+08:00,FJ-03,990,2.2,2.1,59.1,0.24,42.5
2026-09-19T14:51:16+08:00,FJ-03,989,2.3,2.1,59.6,0.24,42.5
2026-09-19T14:52:16+08:00,FJ-03,990,2.2,2.1,59.2,0.25,42.0
2026-09-19T14:53:16+08:00,FJ-03,992,2.2,2.1,58.2,0.24,42.0
2026-09-19T14:54:16+08:00,FJ-03,989,2.2,2.2,57.5,0.25,42.4
2026-09-19T14:55:16+08:00,FJ-03,991,2.2,2.1,58.3,0.25,42.3
2026-09-19T14:56:16+08:00,FJ-03,989,2.2,2.1,57.9,0.25,42.4
2026-09-19T14:57:16+08:00,FJ-03,990,2.2,2.1,58.1,0.25,42.6
2026-09-19T14:58:16+08:00,FJ-03,991,2.2,2.0,58.3,0.25,42.8
2026-09-19T14:59:16+08:00,FJ-03,990,2.2,2.0,58.1,0.25,42.6
2026-09-19T15:00:16+08:00,FJ-03,991,2.2,2.1,58.3,0.25,43.0
2026-09-19T15:01:16+08:00,FJ-03,989,2.2,2.1,58.6,0.24,42.2
2026-09-19T15:02:16+08:00,FJ-03,990,2.2,2.1,58.3,0.25,43.1
2026-09-19T15:03:16+08:00,FJ-03,992,2.2,2.1,58.7,0.25,42.2
2026-09-19T15:04:16+08:00,FJ-03,989,2.2,2.1,58.5,0.25,42.6
2026-09-19T15:05:16+08:00,FJ-03,991,2.3,2.1,58.5,0.25,43.1
2026-09-19T15:06:16+08:00,FJ-03,990,2.3,2.1,58.6,0.25,43.2
2026-09-19T15:07:16+08:00,FJ-03,990,2.2,2.0,58.5,0.25,42.4
2026-09-19T15:08:16+08:00,FJ-03,989,2.3,2.1,59.1,0.25,42.6
2026-09-19T15:09:16+08:00,FJ-03,990,2.2,2.1,58.3,0.24,42.6
2026-09-19T15:10:16+08:00,FJ-03,991,2.2,2.1,57.9,0.25,43.0
2026-09-19T15:11:16+08:00,FJ-03,992,2.2,2.1,58.5,0.25,42.5
2026-09-19T15:12:16+08:00,FJ-03,991,2.2,2.1,58.0,0.25,42.2
2026-09-19T15:13:16+08:00,FJ-03,990,2.2,2.1,58.4,0.25,43.0
2026-09-19T15:14:16+08:00,FJ-03,991,2.3,2.1,58.8,0.25,42.5
2026-09-19T15:15:16+08:00,FJ-03,991,2.3,2.1,58.5,0.25,42.4
2026-09-19T15:16:16+08:00,FJ-03,991,2.2,2.1,57.8,0.25,42.5
2026-09-19T15:17:16+08:00,FJ-03,991,2.2,2.1,58.1,0.24,42.5
2026-09-19T15:18:16+08:00,FJ-03,990,2.2,2.1,59.0,0.25,42.7
2026-09-19T15:19:16+08:00,FJ-03,991,2.3,2.1,57.7,0.24,42.4
2026-09-19T15:20:16+08:00,FJ-03,990,2.2,2.1,58.3,0.25,42.1
2026-09-19T15:21:16+08:00,FJ-03,989,2.3,2.1,58.7,0.25,42.8
2026-09-19T15:22:16+08:00,FJ-03,988,2.3,2.1,59.1,0.25,42.5
2026-09-19T15:23:16+08:00,FJ-03,990,2.2,2.2,58.3,0.25,42.7
2026-09-19T15:24:16+08:00,FJ-03,991,2.2,2.1,59.3,0.25,42.7
2026-09-19T15:25:16+08:00,FJ-03,991,2.2,2.1,58.3,0.25,42.3
2026-09-19T15:26:16+08:00,FJ-03,991,2.3,2.1,57.6,0.24,41.8
2026-09-19T15:27:16+08:00,FJ-03,990,2.2,2.1,59.0,0.25,42.5
2026-09-19T15:28:16+08:00,FJ-03,991,2.3,2.1,58.2,0.24,42.1
2026-09-19T15:29:16+08:00,FJ-03,991,2.2,2.1,58.5,0.25,42.2
2026-09-19T15:30:16+08:00,FJ-03,988,2.2,2.2,58.0,0.24,42.0
2026-09-19T15:31:16+08:00,FJ-03,991,2.2,2.1,59.0,0.24,42.6
2026-09-19T15:32:16+08:00,FJ-03,990,2.2,2.1,59.0,0.25,42.8
2026-09-19T15:33:16+08:00,FJ-03,990,2.3,2.0,59.1,0.25,42.8
2026-09-19T15:34:16+08:00,FJ-03,989,2.2,2.1,58.1,0.24,42.4
2026-09-19T15:35:16+08:00,FJ-03,989,2.1,2.1,58.6,0.24,42.9
2026-09-19T15:36:16+08:00,FJ-03,991,2.3,2.1,58.7,0.25,42.0
2026-09-19T15:37:16+08:00,FJ-03,990,2.2,2.1,58.3,0.25,42.1
2026-09-19T15:38:16+08:00,FJ-03,991,2.2,2.1,58.6,0.25,42.6
2026-09-19T15:39:16+08:00,FJ-03,990,2.2,2.1,59.0,0.25,42.6
2026-09-19T15:40:16+08:00,FJ-03,989,2.3,2.0,58.2,0.25,42.4
2026-09-19T15:41:16+08:00,FJ-03,990,2.3,2.1,57.5,0.24,42.8
2026-09-19T15:42:16+08:00,FJ-03,991,2.2,2.1,58.9,0.25,42.8
2026-09-19T15:43:16+08:00,FJ-03,991,2.2,2.1,58.5,0.25,42.1
2026-09-19T15:44:16+08:00,FJ-03,990,2.3,2.1,58.6,0.25,42.4
2026-09-19T15:45:16+08:00,FJ-03,990,2.2,2.1,58.8,0.25,42.8
2026-09-19T15:46:16+08:00,FJ-03,991,2.2,2.1,58.2,0.25,42.6
2026-09-19T15:47:16+08:00,FJ-03,991,2.2,2.1,59.0,0.25,42.8
2026-09-19T15:48:16+08:00,FJ-03,991,2.2,2.1,58.4,0.25,42.1
2026-09-19T15:49:16+08:00,FJ-03,990,2.2,2.1,58.6,0.25,42.5
2026-09-19T15:50:16+08:00,FJ-03,990,2.2,2.0,58.5,0.24,42.6
2026-09-19T15:51:16+08:00,FJ-03,990,2.2,2.1,58.0,0.25,42.8
2026-09-19T15:52:16+08:00,FJ-03,991,2.2,2.1,58.3,0.25,42.4
2026-09-19T15:53:16+08:00,FJ-03,990,2.2,2.1,58.0,0.24,42.6
2026-09-19T15:54:16+08:00,FJ-03,989,2.2,2.1,58.5,0.25,42.4
2026-09-19T15:55:16+08:00,FJ-03,991,2.2,2.2,58.6,0.25,42.8
2026-09-19T15:56:16+08:00,FJ-03,990,2.2,2.1,58.5,0.25,42.4
2026-09-19T15:57:16+08:00,FJ-03,990,2.2,2.2,58.8,0.25,42.9
2026-09-19T15:58:16+08:00,FJ-03,990,2.2,2.1,58.4,0.25,42.5
2026-09-19T15:59:16+08:00,FJ-03,990,2.2,2.1,58.9,0.25,42.0
2026-09-19T16:00:16+08:00,FJ-03,991,2.3,2.1,58.5,0.25,42.6
2026-09-19T16:01:16+08:00,FJ-03,990,2.2,2.1,58.1,0.25,42.2
2026-09-19T16:02:16+08:00,FJ-03,990,2.2,2.1,58.2,0.24,42.1
2026-09-19T16:03:16+08:00,FJ-03,990,2.3,2.1,59.5,0.25,42.6
2026-09-19T16:04:16+08:00,FJ-03,990,2.2,2.1,58.4,0.25,42.7
2026-09-19T16:05:16+08:00,FJ-03,989,2.3,2.1,57.8,0.25,42.6
2026-09-19T16:06:16+08:00,FJ-03,990,2.2,2.0,58.8,0.25,43.2
2026-09-19T16:07:16+08:00,FJ-03,989,2.2,2.1,59.2,0.25,42.7
2026-09-19T16:08:16+08:00,FJ-03,991,2.2,2.0,58.4,0.25,42.6
2026-09-19T16:09:16+08:00,FJ-03,990,2.2,2.1,58.0,0.25,42.6
2026-09-19T16:10:16+08:00,FJ-03,990,2.2,2.1,58.6,0.25,42.6
2026-09-19T16:11:16+08:00,FJ-03,990,2.2,2.1,58.6,0.25,42.3
2026-09-19T16:12:16+08:00,FJ-03,990,2.3,2.1,58.7,0.25,42.8
2026-09-19T16:13:16+08:00,FJ-03,990,2.2,2.1,58.5,0.25,42.4
2026-09-19T16:14:16+08:00,FJ-03,989,2.3,2.1,58.1,0.25,42.6
2026-09-19T16:15:16+08:00,FJ-03,991,2.2,2.1,59.0,0.24,42.7
2026-09-19T16:16:16+08:00,FJ-03,991,2.3,2.2,58.7,0.24,41.8
2026-09-19T16:17:16+08:00,FJ-03,991,2.2,2.1,59.1,0.25,42.5
2026-09-19T16:18:16+08:00,FJ-03,989,2.3,2.1,58.7,0.25,42.7
2026-09-19T16:19:16+08:00,FJ-03,990,2.2,2.1,58.7,0.25,42.0
2026-09-19T16:20:16+08:00,FJ-03,991,2.3,2.0,59.2,0.24,42.1
2026-09-19T16:21:16+08:00,FJ-03,990,2.2,2.2,58.7,0.25,42.2
2026-09-19T16:22:16+08:00,FJ-03,989,2.3,2.1,58.9,0.25,42.5
2026-09-19T16:23:16+08:00,FJ-03,990,2.2,2.1,57.1,0.25,42.5
2026-09-19T16:24:16+08:00,FJ-03,990,2.2,2.1,58.6,0.25,42.6
2026-09-19T16:25:16+08:00,FJ-03,990,2.2,2.1,58.9,0.25,42.3
2026-09-19T16:26:16+08:00,FJ-03,991,2.2,2.1,59.0,0.24,42.1
2026-09-19T16:27:16+08:00,FJ-03,991,2.3,2.1,59.0,0.25,42.8
2026-09-19T16:28:16+08:00,FJ-03,990,2.2,2.0,59.6,0.25,42.7
2026-09-19T16:29:16+08:00,FJ-03,990,2.2,2.1,59.0,0.25,42.4
2026-09-19T16:30:16+08:00,FJ-03,990,2.2,2.1,58.9,0.25,42.7
2026-09-19T16:31:16+08:00,FJ-03,991,2.3,2.1,57.3,0.25,42.7
2026-09-19T16:32:16+08:00,FJ-03,990,2.2,2.1,58.5,0.25,43.0
2026-09-19T16:33:16+08:00,FJ-03,992,2.3,2.1,59.0,0.25,41.9
2026-09-19T16:34:16+08:00,FJ-03,990,2.2,2.1,59.1,0.25,42.6
2026-09-19T16:35:16+08:00,FJ-03,990,2.2,2.1,58.6,0.25,42.4
2026-09-19T16:36:16+08:00,FJ-03,991,2.2,2.1,58.3,0.25,42.5
2026-09-19T16:37:16+08:00,FJ-03,992,2.3,2.1,58.8,0.25,42.7
2026-09-19T16:38:16+08:00,FJ-03,991,2.3,2.1,58.8,0.25,42.9
2026-09-19T16:39:16+08:00,FJ-03,991,2.3,2.0,58.0,0.25,42.7
2026-09-19T16:40:16+08:00,FJ-03,991,2.3,2.1,59.0,0.25,43.0
2026-09-19T16:41:16+08:00,FJ-03,991,2.2,2.1,58.6,0.25,42.4
2026-09-19T16:42:16+08:00,FJ-03,990,2.3,2.0,58.3,0.25,42.4
2026-09-19T16:43:16+08:00,FJ-03,991,2.3,2.1,58.4,0.25,42.2
2026-09-19T16:44:16+08:00,FJ-03,990,2.2,2.1,58.5,0.25,42.2
2026-09-19T16:45:16+08:00,FJ-03,990,2.3,2.1,58.5,0.25,42.4
2026-09-19T16:46:16+08:00,FJ-03,989,2.3,2.1,58.5,0.25,42.9
2026-09-19T16:47:16+08:00,FJ-03,989,2.3,2.1,58.9,0.25,42.4
2026-09-19T16:48:16+08:00,FJ-03,991,2.3,2.1,58.5,0.25,42.5
2026-09-19T16:49:16+08:00,FJ-03,990,2.3,2.1,58.4,0.24,43.4
2026-09-19T16:50:16+08:00,FJ-03,990,2.2,2.1,58.6,0.24,42.5
2026-09-19T16:51:16+08:00,FJ-03,990,2.2,2.1,58.5,0.25,42.8
2026-09-19T16:52:16+08:00,FJ-03,991,2.3,2.0,58.8,0.25,42.4
2026-09-19T16:53:16+08:00,FJ-03,989,2.3,2.1,58.2,0.25,42.8
2026-09-19T16:54:16+08:00,FJ-03,990,2.2,2.2,58.6,0.25,42.9
2026-09-19T16:55:16+08:00,FJ-03,990,2.2,2.1,58.8,0.25,42.4
2026-09-19T16:56:16+08:00,FJ-03,991,2.2,2.1,58.4,0.25,41.9
2026-09-19T16:57:16+08:00,FJ-03,990,2.2,2.1,58.9,0.25,42.7
2026-09-19T16:58:16+08:00,FJ-03,990,2.1,2.1,58.7,0.25,42.1
2026-09-19T16:59:16+08:00,FJ-03,991,2.2,2.1,58.8,0.24,42.3
2026-09-19T17:00:16+08:00,FJ-03,991,2.3,2.2,59.2,0.25,42.8
2026-09-19T17:01:16+08:00,FJ-03,989,2.2,2.1,58.1,0.24,41.9
2026-09-19T17:02:16+08:00,FJ-03,990,2.3,2.1,59.2,0.24,42.4
2026-09-19T17:03:16+08:00,FJ-03,990,2.3,2.1,58.7,0.25,42.3
2026-09-19T17:04:16+08:00,FJ-03,989,2.2,2.2,59.3,0.25,42.4
2026-09-19T17:05:16+08:00,FJ-03,992,2.2,2.2,58.4,0.24,42.5
2026-09-19T17:06:16+08:00,FJ-03,990,2.2,2.1,58.2,0.25,42.1
2026-09-19T17:07:16+08:00,FJ-03,991,2.2,2.1,58.3,0.25,42.4
2026-09-19T17:08:16+08:00,FJ-03,991,2.2,2.1,59.1,0.24,41.9
2026-09-19T17:09:16+08:00,FJ-03,992,2.2,2.2,59.0,0.24,42.8
2026-09-19T17:10:16+08:00,FJ-03,991,2.2,2.0,58.7,0.25,42.5
2026-09-19T17:11:16+08:00,FJ-03,989,2.2,2.1,58.7,0.24,42.3
2026-09-19T17:12:16+08:00,FJ-03,993,2.3,2.1,58.5,0.25,42.1
2026-09-19T17:13:16+08:00,FJ-03,991,2.3,2.1,58.2,0.25,42.5
2026-09-19T17:14:16+08:00,FJ-03,990,2.3,2.1,58.7,0.24,42.7
2026-09-19T17:15:16+08:00,FJ-03,990,2.3,2.0,58.1,0.25,42.7
2026-09-19T17:16:16+08:00,FJ-03,990,2.2,2.1,59.0,0.24,42.9
2026-09-19T17:17:16+08:00,FJ-03,992,2.3,2.1,58.1,0.25,42.4
2026-09-19T17:18:16+08:00,FJ-03,989,2.2,2.1,58.7,0.25,42.3
2026-09-19T17:19:16+08:00,FJ-03,992,2.3,2.1,59.7,0.25,42.1
2026-09-19T17:20:16+08:00,FJ-03,990,2.2,2.1,58.7,0.25,42.8
2026-09-19T17:21:16+08:00,FJ-03,992,2.2,2.1,57.9,0.24,42.6
2026-09-19T17:22:16+08:00,FJ-03,990,2.2,2.1,59.3,0.25,42.1
2026-09-19T17:23:16+08:00,FJ-03,990,2.2,2.1,58.1,0.24,42.6
2026-09-19T17:24:16+08:00,FJ-03,990,2.2,2.2,58.3,0.25,42.6
2026-09-19T17:25:16+08:00,FJ-03,991,2.2,2.1,59.2,0.25,42.5
2026-09-19T17:26:16+08:00,FJ-03,992,2.2,2.1,58.1,0.25,42.6
2026-09-19T17:27:16+08:00,FJ-03,992,2.3,2.1,58.5,0.24,42.6
2026-09-19T17:28:16+08:00,FJ-03,990,2.3,2.0,59.1,0.25,42.7
2026-09-19T17:29:16+08:00,FJ-03,990,2.2,2.1,58.8,0.25,42.7
2026-09-19T17:30:16+08:00,FJ-03,989,2.3,2.0,58.5,0.25,42.8
2026-09-19T17:31:16+08:00,FJ-03,992,2.2,2.1,58.7,0.25,42.6
2026-09-19T17:32:16+08:00,FJ-03,991,2.2,2.1,59.2,0.25,42.7
2026-09-19T17:33:16+08:00,FJ-03,990,2.1,2.1,58.6,0.25,42.7
2026-09-19T17:34:16+08:00,FJ-03,990,2.2,2.2,59.0,0.25,42.0
2026-09-19T17:35:16+08:00,FJ-03,991,2.2,2.1,58.7,0.25,42.3
2026-09-19T17:36:16+08:00,FJ-03,989,2.3,2.1,58.5,0.25,42.5
2026-09-19T17:37:16+08:00,FJ-03,991,2.2,2.1,58.4,0.24,42.3
2026-09-19T17:38:16+08:00,FJ-03,990,2.2,2.0,58.6,0.25,42.3
2026-09-19T17:39:16+08:00,FJ-03,991,2.3,2.0,58.8,0.25,42.6
2026-09-19T17:40:16+08:00,FJ-03,991,2.2,2.1,59.6,0.24,42.6
2026-09-19T17:41:16+08:00,FJ-03,991,2.2,2.1,59.2,0.25,42.6
2026-09-19T17:42:16+08:00,FJ-03,990,2.2,2.1,58.7,0.24,41.9
2026-09-19T17:43:16+08:00,FJ-03,989,2.3,2.1,58.5,0.24,42.5
2026-09-19T17:44:16+08:00,FJ-03,990,2.3,2.1,59.1,0.25,42.2
2026-09-19T17:45:16+08:00,FJ-03,991,2.2,2.2,58.9,0.25,42.3
2026-09-19T17:46:16+08:00,FJ-03,991,2.2,2.1,59.0,0.25,42.3
2026-09-19T17:47:16+08:00,FJ-03,990,2.2,2.1,58.6,0.25,42.3
2026-09-19T17:48:16+08:00,FJ-03,990,2.2,2.1,58.7,0.25,42.4
2026-09-19T17:49:16+08:00,FJ-03,991,2.3,2.1,58.3,0.24,42.1
2026-09-19T17:50:16+08:00,FJ-03,990,2.3,2.1,58.5,0.25,42.9
2026-09-19T17:51:16+08:00,FJ-03,990,2.1,2.1,58.5,0.25,42.4
2026-09-19T17:52:16+08:00,FJ-03,990,2.3,2.1,58.5,0.25,42.5
2026-09-19T17:53:16+08:00,FJ-03,991,2.3,2.1,58.8,0.25,43.1
2026-09-19T17:54:16+08:00,FJ-03,990,2.2,2.1,58.7,0.25,42.7
2026-09-19T17:55:16+08:00,FJ-03,990,2.2,2.1,59.2,0.25,43.0
2026-09-19T17:56:16+08:00,FJ-03,989,2.2,2.1,58.8,0.25,42.2
2026-09-19T17:57:16+08:00,FJ-03,991,2.2,2.1,58.5,0.25,42.6
2026-09-19T17:58:16+08:00,FJ-03,991,2.3,2.1,58.4,0.25,42.1
2026-09-19T17:59:16+08:00,FJ-03,990,2.2,2.1,58.8,0.25,42.4
2026-09-19T18:00:16+08:00,FJ-03,991,2.2,2.0,58.2,0.25,42.2
2026-09-19T18:01:16+08:00,FJ-03,990,2.2,2.1,58.8,0.24,42.9
2026-09-19T18:02:16+08:00,FJ-03,991,2.2,2.1,58.9,0.25,42.8
2026-09-19T18:03:16+08:00,FJ-03,991,2.3,2.1,58.9,0.25,42.7
2026-09-19T18:04:16+08:00,FJ-03,991,2.3,2.1,59.1,0.25,42.9
2026-09-19T18:05:16+08:00,FJ-03,990,2.3,2.2,58.0,0.26,42.1
2026-09-19T18:06:16+08:00,FJ-03,991,2.2,2.1,58.5,0.25,42.2
2026-09-19T18:07:16+08:00,FJ-03,991,2.3,2.1,59.1,0.25,43.0
2026-09-19T18:08:16+08:00,FJ-03,990,2.2,2.1,57.9,0.25,42.0
2026-09-19T18:09:16+08:00,FJ-03,991,2.2,2.1,58.6,0.25,42.4
2026-09-19T18:10:16+08:00,FJ-03,988,2.2,2.1,59.2,0.25,42.7
2026-09-19T18:11:16+08:00,FJ-03,991,2.2,2.0,58.4,0.24,42.1
2026-09-19T18:12:16+08:00,FJ-03,990,2.3,2.2,58.1,0.25,42.6
2026-09-19T18:13:16+08:00,FJ-03,990,2.2,2.1,58.1,0.25,42.4
2026-09-19T18:14:16+08:00,FJ-03,991,2.3,2.1,58.8,0.25,42.4
2026-09-19T18:15:16+08:00,FJ-03,991,2.2,2.0,59.2,0.25,43.0
2026-09-19T18:16:16+08:00,FJ-03,990,2.2,2.1,58.6,0.25,41.9
2026-09-19T18:17:16+08:00,FJ-03,989,2.2,2.2,58.5,0.25,42.3
2026-09-19T18:18:16+08:00,FJ-03,991,2.3,2.1,58.4,0.24,42.4
2026-09-19T18:19:16+08:00,FJ-03,991,2.3,2.1,58.5,0.25,42.5
2026-09-19T18:20:16+08:00,FJ-03,991,2.2,2.1,59.4,0.25,42.6
2026-09-19T18:21:16+08:00,FJ-03,990,2.2,2.1,58.6,0.25,43.2
2026-09-19T18:22:16+08:00,FJ-03,989,2.3,2.1,58.9,0.25,42.3
2026-09-19T18:23:16+08:00,FJ-03,991,2.2,2.1,58.9,0.25,42.8
2026-09-19T18:24:16+08:00,FJ-03,991,2.2,2.2,58.9,0.24,42.9
2026-09-19T18:25:16+08:00,FJ-03,990,2.3,2.2,59.0,0.25,42.4
2026-09-19T18:26:16+08:00,FJ-03,990,2.3,2.1,58.1,0.25,42.4
2026-09-19T18:27:16+08:00,FJ-03,990,2.2,2.1,58.3,0.25,42.6
2026-09-19T18:28:16+08:00,FJ-03,990,2.2,2.1,58.2,0.25,42.8
2026-09-19T18:29:16+08:00,FJ-03,990,2.2,2.1,58.2,0.25,42.4
2026-09-19T18:30:16+08:00,FJ-03,990,2.3,2.1,58.8,0.25,42.7
2026-09-19T18:31:16+08:00,FJ-03,992,2.2,2.1,58.5,0.25,43.0
2026-09-19T18:32:16+08:00,FJ-03,991,2.3,2.1,58.3,0.25,42.5
2026-09-19T18:33:16+08:00,FJ-03,989,2.2,2.1,59.0,0.25,42.5
2026-09-19T18:34:16+08:00,FJ-03,991,2.2,2.1,59.1,0.25,42.5
2026-09-19T18:35:16+08:00,FJ-03,989,2.3,2.1,58.4,0.25,42.5
2026-09-19T18:36:16+08:00,FJ-03,990,2.2,2.0,58.7,0.25,42.8
2026-09-19T18:37:16+08:00,FJ-03,991,2.2,2.1,58.8,0.25,42.0
2026-09-19T18:38:16+08:00,FJ-03,991,2.2,2.1,58.5,0.24,42.9
2026-09-19T18:39:16+08:00,FJ-03,991,2.3,2.1,58.7,0.25,42.6
2026-09-19T18:40:16+08:00,FJ-03,991,2.2,2.1,58.7,0.25,43.0
2026-09-19T18:41:16+08:00,FJ-03,991,2.2,2.1,57.6,0.24,42.9
2026-09-19T18:42:16+08:00,FJ-03,992,2.2,2.1,59.4,0.25,42.6
2026-09-19T18:43:16+08:00,FJ-03,991,2.3,2.2,59.4,0.25,43.2
2026-09-19T18:44:16+08:00,FJ-03,991,2.3,2.2,59.0,0.25,42.7
2026-09-19T18:45:16+08:00,FJ-03,992,2.3,2.1,59.2,0.25,42.7
2026-09-19T18:46:16+08:00,FJ-03,990,2.2,2.1,58.9,0.24,42.5
2026-09-19T18:47:16+08:00,FJ-03,991,2.2,2.1,58.9,0.25,42.9
2026-09-19T18:48:16+08:00,FJ-03,990,2.2,2.1,57.9,0.24,42.9
2026-09-19T18:49:16+08:00,FJ-03,990,2.3,2.1,58.4,0.25,42.4
2026-09-19T18:50:16+08:00,FJ-03,990,2.2,2.1,58.2,0.24,42.4
2026-09-19T18:51:16+08:00,FJ-03,989,2.2,2.1,58.2,0.25,42.6
2026-09-19T18:52:16+08:00,FJ-03,990,2.2,2.1,58.5,0.25,42.5
2026-09-19T18:53:16+08:00,FJ-03,990,2.2,2.2,59.0,0.25,42.5
2026-09-19T18:54:16+08:00,FJ-03,991,2.2,2.1,58.7,0.25,42.8
2026-09-19T18:55:16+08:00,FJ-03,989,2.2,2.2,58.2,0.25,42.3
2026-09-19T18:56:16+08:00,FJ-03,991,2.2,2.2,58.2,0.25,42.7
2026-09-19T18:57:16+08:00,FJ-03,989,2.2,2.1,58.4,0.25,42.6
2026-09-19T18:58:16+08:00,FJ-03,991,2.3,2.1,58.5,0.25,42.6
2026-09-19T18:59:16+08:00,FJ-03,990,2.3,2.2,59.1,0.25,42.8
2026-09-19T19:00:16+08:00,FJ-03,990,2.2,2.0,58.0,0.24,42.4
2026-09-19T19:01:16+08:00,FJ-03,991,2.3,2.1,58.7,0.25,42.5
2026-09-19T19:02:16+08:00,FJ-03,989,2.2,2.1,58.4,0.25,42.7
2026-09-19T19:03:16+08:00,FJ-03,989,2.3,2.0,59.0,0.25,43.2
2026-09-19T19:04:16+08:00,FJ-03,990,2.3,2.1,58.7,0.25,42.5
2026-09-19T19:05:16+08:00,FJ-03,989,2.3,2.1,58.9,0.25,42.1
2026-09-19T19:06:16+08:00,FJ-03,990,2.3,2.1,58.2,0.24,43.0
2026-09-19T19:07:16+08:00,FJ-03,991,2.2,2.1,58.6,0.25,42.1
2026-09-19T19:08:16+08:00,FJ-03,989,2.2,2.1,57.7,0.25,42.5
2026-09-19T19:09:16+08:00,FJ-03,989,2.2,2.1,58.5,0.24,42.4
2026-09-19T19:10:16+08:00,FJ-03,990,2.2,2.1,58.4,0.25,42.9
2026-09-19T19:11:16+08:00,FJ-03,990,2.2,2.1,59.6,0.25,42.7
2026-09-19T19:12:16+08:00,FJ-03,990,2.2,2.1,58.3,0.25,42.6
2026-09-19T19:13:16+08:00,FJ-03,990,2.3,2.1,59.2,0.25,42.7
2026-09-19T19:14:16+08:00,FJ-03,990,2.2,2.0,58.6,0.25,42.5
2026-09-19T19:15:16+08:00,FJ-03,990,2.2,2.1,59.0,0.25,42.9
2026-09-19T19:16:16+08:00,FJ-03,991,2.3,2.1,59.3,0.25,42.4
2026-09-19T19:17:16+08:00,FJ-03,991,2.2,2.1,59.4,0.25,42.3
2026-09-19T19:18:16+08:00,FJ-03,991,2.3,2.1,58.7,0.25,42.8
2026-09-19T19:19:16+08:00,FJ-03,992,2.3,2.1,58.5,0.24,42.3
2026-09-19T19:20:16+08:00,FJ-03,992,2.3,2.1,59.2,0.25,42.4
2026-09-19T19:21:16+08:00,FJ-03,992,2.2,2.1,58.4,0.25,42.4
2026-09-19T19:22:16+08:00,FJ-03,991,2.2,2.1,58.5,0.25,42.6
2026-09-19T19:23:16+08:00,FJ-03,988,2.2,2.0,58.2,0.24,42.7
2026-09-19T19:24:16+08:00,FJ-03,991,2.2,2.1,58.5,0.25,42.3
2026-09-19T19:25:16+08:00,FJ-03,991,2.2,2.1,58.5,0.25,42.6
2026-09-19T19:26:16+08:00,FJ-03,990,2.3,2.1,58.7,0.25,42.6
2026-09-19T19:27:16+08:00,FJ-03,991,2.3,2.1,58.2,0.25,42.4
2026-09-19T19:28:16+08:00,FJ-03,990,2.3,2.1,58.7,0.25,42.6
2026-09-19T19:29:16+08:00,FJ-03,989,2.3,2.1,58.7,0.25,42.4
2026-09-19T19:30:16+08:00,FJ-03,991,2.3,2.1,58.6,0.25,42.6
2026-09-19T19:31:16+08:00,FJ-03,991,2.3,2.2,58.6,0.25,42.1
2026-09-19T19:32:16+08:00,FJ-03,991,2.3,2.1,58.9,0.25,42.2
2026-09-19T19:33:16+08:00,FJ-03,990,2.2,2.1,58.7,0.25,41.8
2026-09-19T19:34:16+08:00,FJ-03,991,2.2,2.1,59.5,0.25,42.7
2026-09-19T19:35:16+08:00,FJ-03,990,2.3,2.1,58.6,0.25,42.3
2026-09-19T19:36:16+08:00,FJ-03,990,2.2,2.2,59.1,0.25,42.7
2026-09-19T19:37:16+08:00,FJ-03,991,2.1,2.1,58.5,0.24,42.7
2026-09-19T19:38:16+08:00,FJ-03,991,2.2,2.0,58.7,0.24,42.7
2026-09-19T19:39:16+08:00,FJ-03,992,2.3,2.1,58.3,0.25,42.0
2026-09-19T19:40:16+08:00,FJ-03,991,2.3,2.1,59.0,0.24,42.1
2026-09-19T19:41:16+08:00,FJ-03,992,2.3,2.1,59.2,0.25,42.5
2026-09-19T19:42:16+08:00,FJ-03,990,2.3,2.2,59.0,0.25,42.7
2026-09-19T19:43:16+08:00,FJ-03,991,2.3,2.1,58.4,0.25,42.3
2026-09-19T19:44:16+08:00,FJ-03,990,2.3,2.2,58.9,0.25,42.4
2026-09-19T19:45:16+08:00,FJ-03,991,2.2,2.2,59.1,0.25,42.7
2026-09-19T19:46:16+08:00,FJ-03,990,2.3,2.1,58.8,0.25,42.3
2026-09-19T19:47:16+08:00,FJ-03,992,2.3,2.1,58.5,0.25,42.7
2026-09-19T19:48:16+08:00,FJ-03,990,2.1,2.1,58.7,0.25,42.8
2026-09-19T19:49:16+08:00,FJ-03,991,2.3,2.2,59.1,0.24,42.5
2026-09-19T19:50:16+08:00,FJ-03,991,2.2,2.2,58.6,0.25,42.4
2026-09-19T19:51:16+08:00,FJ-03,991,2.2,2.1,58.1,0.25,42.5
2026-09-19T19:52:16+08:00,FJ-03,991,2.3,2.1,58.5,0.25,42.7
2026-09-19T19:53:16+08:00,FJ-03,992,2.3,2.1,59.0,0.25,42.4
2026-09-19T19:54:16+08:00,FJ-03,990,2.3,2.1,58.8,0.25,42.9
2026-09-19T19:55:16+08:00,FJ-03,991,2.2,2.0,58.8,0.24,42.4
2026-09-19T19:56:16+08:00,FJ-03,991,2.3,2.1,58.3,0.25,42.2
2026-09-19T19:57:16+08:00,FJ-03,991,2.3,2.1,58.9,0.24,42.4
2026-09-19T19:58:16+08:00,FJ-03,992,2.3,2.1,58.9,0.25,42.5
2026-09-19T19:59:16+08:00,FJ-03,992,2.3,2.1,59.4,0.25,42.6
2026-09-19T20:00:16+08:00,FJ-03,992,2.3,2.1,59.4,0.25,42.4
2026-09-19T20:01:16+08:00,FJ-03,991,2.2,2.1,58.4,0.25,42.7
2026-09-19T20:02:16+08:00,FJ-03,989,2.3,2.2,59.2,0.25,42.3
2026-09-19T20:03:16+08:00,FJ-03,990,2.3,2.2,59.0,0.25,42.7
2026-09-19T20:04:16+08:00,FJ-03,991,2.3,2.1,58.5,0.25,42.5
2026-09-19T20:05:16+08:00,FJ-03,990,2.2,2.1,59.0,0.25,42.8
2026-09-19T20:06:16+08:00,FJ-03,991,2.2,2.2,59.0,0.25,42.3
2026-09-19T20:07:16+08:00,FJ-03,992,2.2,2.1,59.2,0.25,42.4
2026-09-19T20:08:16+08:00,FJ-03,991,2.3,2.2,59.2,0.25,42.2
2026-09-19T20:09:16+08:00,FJ-03,991,2.2,2.1,58.8,0.25,42.9
2026-09-19T20:10:16+08:00,FJ-03,991,2.2,2.0,58.8,0.24,43.4
2026-09-19T20:11:16+08:00,FJ-03,989,2.3,2.2,59.5,0.25,42.8
2026-09-19T20:12:16+08:00,FJ-03,991,2.2,2.1,58.3,0.25,42.0
2026-09-19T20:13:16+08:00,FJ-03,990,2.2,2.1,58.9,0.25,42.5
2026-09-19T20:14:16+08:00,FJ-03,990,2.2,2.1,58.4,0.24,43.3
2026-09-19T20:15:16+08:00,FJ-03,991,2.2,2.0,58.5,0.25,42.9
2026-09-19T20:16:16+08:00,FJ-03,991,2.2,2.1,58.3,0.25,42.4
2026-09-19T20:17:16+08:00,FJ-03,989,2.3,2.1,58.5,0.25,42.7
2026-09-19T20:18:16+08:00,FJ-03,991,2.3,2.1,59.2,0.25,42.8
2026-09-19T20:19:16+08:00,FJ-03,989,2.3,2.1,59.0,0.25,42.2
2026-09-19T20:20:16+08:00,FJ-03,991,2.3,2.1,58.5,0.24,42.2
2026-09-19T20:21:16+08:00,FJ-03,990,2.3,2.1,58.2,0.25,42.7
2026-09-19T20:22:16+08:00,FJ-03,991,2.2,2.2,58.3,0.25,42.3
2026-09-19T20:23:16+08:00,FJ-03,990,2.3,2.1,58.0,0.25,42.6
2026-09-19T20:24:16+08:00,FJ-03,992,2.2,2.1,59.0,0.25,42.6
2026-09-19T20:25:16+08:00,FJ-03,989,2.3,2.1,59.3,0.25,42.7
2026-09-19T20:26:16+08:00,FJ-03,990,2.2,2.1,58.9,0.24,42.1
2026-09-19T20:27:16+08:00,FJ-03,991,2.3,2.1,59.0,0.25,42.4
2026-09-19T20:28:16+08:00,FJ-03,991,2.2,2.1,59.0,0.25,42.3
2026-09-19T20:29:16+08:00,FJ-03,990,2.3,2.2,59.2,0.25,42.3
2026-09-19T20:30:16+08:00,FJ-03,991,2.2,2.1,58.5,0.24,42.7
2026-09-19T20:31:16+08:00,FJ-03,991,2.2,2.0,58.9,0.25,42.8
2026-09-19T20:32:16+08:00,FJ-03,991,2.3,2.1,59.2,0.25,42.5
2026-09-19T20:33:16+08:00,FJ-03,992,2.3,2.1,58.1,0.25,42.7
2026-09-19T20:34:16+08:00,FJ-03,990,2.2,2.1,59.0,0.24,42.8
2026-09-19T20:35:16+08:00,FJ-03,991,2.3,2.1,59.0,0.25,42.7
2026-09-19T20:36:16+08:00,FJ-03,992,2.2,2.0,59.4,0.25,42.7
2026-09-19T20:37:16+08:00,FJ-03,990,2.3,2.0,58.8,0.25,42.3
2026-09-19T20:38:16+08:00,FJ-03,991,2.2,2.2,59.1,0.25,42.1
2026-09-19T20:39:16+08:00,FJ-03,990,2.3,2.1,59.0,0.25,42.6
2026-09-19T20:40:16+08:00,FJ-03,989,2.3,2.2,59.1,0.25,42.2
2026-09-19T20:41:16+08:00,FJ-03,990,2.3,2.1,59.0,0.25,43.1
2026-09-19T20:42:16+08:00,FJ-03,992,2.3,2.1,58.7,0.25,42.3
2026-09-19T20:43:16+08:00,FJ-03,990,2.2,2.0,58.9,0.24,42.3
2026-09-19T20:44:16+08:00,FJ-03,991,2.2,2.1,59.1,0.25,42.6
2026-09-19T20:45:16+08:00,FJ-03,991,2.2,2.1,58.8,0.25,42.3
2026-09-19T20:46:16+08:00,FJ-03,991,2.2,2.1,58.9,0.25,42.2
2026-09-19T20:47:16+08:00,FJ-03,990,2.2,2.1,58.8,0.25,42.1
2026-09-19T20:48:16+08:00,FJ-03,991,2.3,2.2,58.7,0.25,42.6
2026-09-19T20:49:16+08:00,FJ-03,990,2.2,2.1,59.3,0.25,42.8
2026-09-19T20:50:16+08:00,FJ-03,992,2.3,2.1,59.4,0.25,42.6
2026-09-19T20:51:16+08:00,FJ-03,991,2.3,2.1,59.0,0.25,41.9
2026-09-19T20:52:16+08:00,FJ-03,990,2.2,2.1,58.6,0.25,42.3
2026-09-19T20:53:16+08:00,FJ-03,990,2.1,2.1,59.1,0.25,42.9
2026-09-19T20:54:16+08:00,FJ-03,991,2.3,2.1,59.8,0.25,42.7
2026-09-19T20:55:16+08:00,FJ-03,991,2.2,2.1,58.5,0.25,42.3
2026-09-19T20:56:16+08:00,FJ-03,991,2.3,2.1,59.1,0.25,42.3
2026-09-19T20:57:16+08:00,FJ-03,989,2.2,2.1,59.1,0.25,42.3
2026-09-19T20:58:16+08:00,FJ-03,989,2.2,2.1,58.8,0.24,42.2
2026-09-19T20:59:16+08:00,FJ-03,990,2.2,2.1,58.7,0.25,42.9
2026-09-19T21:00:16+08:00,FJ-03,990,2.3,2.1,58.7,0.25,42.8
2026-09-19T21:01:16+08:00,FJ-03,989,2.3,2.1,59.0,0.25,42.8
2026-09-19T21:02:16+08:00,FJ-03,990,2.3,2.1,58.6,0.25,43.0
2026-09-19T21:03:16+08:00,FJ-03,989,2.3,2.1,58.4,0.25,42.5
2026-09-19T21:04:16+08:00,FJ-03,991,2.2,2.1,59.4,0.25,42.2
2026-09-19T21:05:16+08:00,FJ-03,991,2.2,2.1,58.6,0.25,42.0
2026-09-19T21:06:16+08:00,FJ-03,989,2.2,2.1,59.2,0.25,42.5
2026-09-19T21:07:16+08:00,FJ-03,993,2.3,2.2,58.8,0.24,42.3
2026-09-19T21:08:16+08:00,FJ-03,990,2.3,2.1,58.7,0.25,42.0
2026-09-19T21:09:16+08:00,FJ-03,990,2.2,2.0,59.2,0.25,42.4
2026-09-19T21:10:16+08:00,FJ-03,990,2.3,2.1,58.8,0.25,42.3
2026-09-19T21:11:16+08:00,FJ-03,990,2.2,2.1,58.1,0.25,42.6
2026-09-19T21:12:16+08:00,FJ-03,989,2.4,2.0,58.8,0.25,42.6
2026-09-19T21:13:16+08:00,FJ-03,989,2.2,2.2,58.5,0.24,42.7
2026-09-19T21:14:16+08:00,FJ-03,990,2.2,2.0,58.4,0.25,42.3
2026-09-19T21:15:16+08:00,FJ-03,990,2.2,2.1,59.0,0.25,42.3
2026-09-19T21:16:16+08:00,FJ-03,991,2.2,2.1,58.8,0.25,42.7
2026-09-19T21:17:16+08:00,FJ-03,992,2.3,2.1,58.9,0.25,43.1
2026-09-19T21:18:16+08:00,FJ-03,990,2.3,2.1,59.4,0.25,43.1
2026-09-19T21:19:16+08:00,FJ-03,992,2.3,2.1,58.9,0.25,42.9
2026-09-19T21:20:16+08:00,FJ-03,991,2.3,2.1,58.9,0.25,42.6
2026-09-19T21:21:16+08:00,FJ-03,991,2.2,2.1,59.4,0.25,43.0
2026-09-19T21:22:16+08:00,FJ-03,991,2.3,2.1,58.9,0.25,42.3
2026-09-19T21:23:16+08:00,FJ-03,991,2.3,2.2,58.4,0.25,42.5
2026-09-19T21:24:16+08:00,FJ-03,991,2.2,2.2,58.8,0.25,42.8
2026-09-19T21:25:16+08:00,FJ-03,990,2.3,2.1,58.4,0.25,42.4
2026-09-19T21:26:16+08:00,FJ-03,989,2.3,2.0,58.9,0.25,43.2
2026-09-19T21:27:16+08:00,FJ-03,991,2.2,2.2,58.8,0.25,42.6
2026-09-19T21:28:16+08:00,FJ-03,990,2.3,2.1,58.7,0.25,42.0
2026-09-19T21:29:16+08:00,FJ-03,991,2.2,2.1,59.1,0.25,42.6
2026-09-19T21:30:16+08:00,FJ-03,989,2.2,2.1,58.5,0.25,42.6
2026-09-19T21:31:16+08:00,FJ-03,989,2.2,2.1,58.4,0.25,43.6
2026-09-19T21:32:16+08:00,FJ-03,991,2.2,2.1,58.9,0.25,42.7
2026-09-19T21:33:16+08:00,FJ-03,991,2.2,2.1,58.3,0.25,42.3
2026-09-19T21:34:16+08:00,FJ-03,991,2.2,2.1,59.0,0.25,43.2
2026-09-19T21:35:16+08:00,FJ-03,990,2.2,2.1,58.2,0.25,42.1
2026-09-19T21:36:16+08:00,FJ-03,990,2.2,2.1,59.0,0.25,42.2
2026-09-19T21:37:16+08:00,FJ-03,991,2.2,2.1,58.3,0.25,42.2
2026-09-19T21:38:16+08:00,FJ-03,990,2.2,2.1,58.6,0.25,42.4
2026-09-19T21:39:16+08:00,FJ-03,990,2.2,2.1,59.0,0.24,42.7
2026-09-19T21:40:16+08:00,FJ-03,990,2.3,2.1,59.4,0.25,42.9
2026-09-19T21:41:16+08:00,FJ-03,989,2.3,2.1,59.1,0.24,42.5
2026-09-19T21:42:16+08:00,FJ-03,990,2.2,2.1,58.8,0.25,42.9
2026-09-19T21:43:16+08:00,FJ-03,991,2.3,2.2,58.9,0.25,42.9
2026-09-19T21:44:16+08:00,FJ-03,989,2.3,2.2,59.4,0.25,42.6
2026-09-19T21:45:16+08:00,FJ-03,991,2.2,2.1,59.4,0.25,42.8
2026-09-19T21:46:16+08:00,FJ-03,990,2.2,2.1,58.2,0.25,42.4
2026-09-19T21:47:16+08:00,FJ-03,991,2.2,2.1,58.8,0.25,42.5
2026-09-19T21:48:16+08:00,FJ-03,989,2.3,2.1,59.2,0.25,42.4
2026-09-19T21:49:16+08:00,FJ-03,989,2.3,2.1,58.9,0.25,42.7
2026-09-19T21:50:16+08:00,FJ-03,991,2.2,2.0,58.8,0.25,42.8
2026-09-19T21:51:16+08:00,FJ-03,991,2.3,2.1,58.7,0.25,43.0
2026-09-19T21:52:16+08:00,FJ-03,991,2.2,2.2,58.6,0.25,42.7
2026-09-19T21:53:16+08:00,FJ-03,992,2.3,2.1,59.1,0.25,42.9
2026-09-19T21:54:16+08:00,FJ-03,991,2.3,2.1,59.6,0.25,42.6
2026-09-19T21:55:16+08:00,FJ-03,990,2.2,2.1,58.8,0.25,41.8
2026-09-19T21:56:16+08:00,FJ-03,990,2.2,2.1,59.8,0.25,43.1
2026-09-19T21:57:16+08:00,FJ-03,990,2.2,2.2,58.7,0.25,43.0
2026-09-19T21:58:16+08:00,FJ-03,991,2.2,2.0,59.3,0.25,42.5
2026-09-19T21:59:16+08:00,FJ-03,990,2.2,2.1,58.9,0.25,42.7
2026-09-19T22:00:16+08:00,FJ-03,992,2.3,2.1,58.6,0.25,42.3
2026-09-19T22:01:16+08:00,FJ-03,990,2.3,2.2,58.7,0.25,43.0
2026-09-19T22:02:16+08:00,FJ-03,991,2.3,2.1,58.9,0.25,42.6
2026-09-19T22:03:16+08:00,FJ-03,991,2.2,2.1,58.6,0.24,42.5
2026-09-19T22:04:16+08:00,FJ-03,990,2.3,2.1,58.8,0.25,42.6
2026-09-19T22:05:16+08:00,FJ-03,989,2.2,2.1,59.2,0.25,42.7
2026-09-19T22:06:16+08:00,FJ-03,990,2.2,2.2,58.7,0.25,42.5
2026-09-19T22:07:16+08:00,FJ-03,990,2.2,2.1,58.3,0.25,43.1
2026-09-19T22:08:16+08:00,FJ-03,990,2.3,2.1,58.4,0.24,42.7
2026-09-19T22:09:16+08:00,FJ-03,990,2.2,2.1,59.5,0.25,42.9
2026-09-19T22:10:16+08:00,FJ-03,990,2.3,2.1,58.4,0.25,42.2
2026-09-19T22:11:16+08:00,FJ-03,990,2.3,2.1,58.9,0.25,42.3
2026-09-19T22:12:16+08:00,FJ-03,991,2.2,2.2,58.2,0.25,42.6
2026-09-19T22:13:16+08:00,FJ-03,991,2.2,2.2,58.8,0.25,42.9
2026-09-19T22:14:16+08:00,FJ-03,991,2.2,2.2,58.8,0.25,42.6
2026-09-19T22:15:16+08:00,FJ-03,991,2.3,2.1,59.0,0.25,42.9
2026-09-19T22:16:16+08:00,FJ-03,990,2.3,2.1,58.8,0.25,42.8
2026-09-19T22:17:16+08:00,FJ-03,991,2.2,2.1,58.6,0.24,42.6
2026-09-19T22:18:16+08:00,FJ-03,991,2.2,2.2,59.0,0.25,42.4
2026-09-19T22:19:16+08:00,FJ-03,990,2.2,2.1,59.2,0.25,43.0
2026-09-19T22:20:16+08:00,FJ-03,992,2.3,2.1,58.8,0.25,42.7
2026-09-19T22:21:16+08:00,FJ-03,990,2.2,2.2,58.0,0.25,42.5
2026-09-19T22:22:16+08:00,FJ-03,991,2.2,2.1,59.0,0.25,42.5
2026-09-19T22:23:16+08:00,FJ-03,990,2.2,2.1,59.3,0.25,42.8
2026-09-19T22:24:16+08:00,FJ-03,991,2.2,2.1,58.9,0.25,42.7
2026-09-19T22:25:16+08:00,FJ-03,991,2.3,2.1,58.9,0.25,42.4
2026-09-19T22:26:16+08:00,FJ-03,991,2.3,2.1,58.5,0.25,42.5
2026-09-19T22:27:16+08:00,FJ-03,991,2.2,2.2,58.9,0.25,43.4
2026-09-19T22:28:16+08:00,FJ-03,990,2.3,2.0,58.6,0.25,42.7
2026-09-19T22:29:16+08:00,FJ-03,990,2.2,2.1,59.0,0.26,42.3
2026-09-19T22:30:16+08:00,FJ-03,991,2.3,2.1,59.0,0.25,42.4
2026-09-19T22:31:16+08:00,FJ-03,990,2.2,2.1,58.9,0.25,43.2
2026-09-19T22:32:16+08:00,FJ-03,991,2.2,2.1,59.0,0.25,42.4
2026-09-19T22:33:16+08:00,FJ-03,991,2.4,2.1,59.0,0.25,43.5
2026-09-19T22:34:16+08:00,FJ-03,992,2.3,2.0,59.3,0.25,43.0
2026-09-19T22:35:16+08:00,FJ-03,990,2.3,2.1,59.0,0.24,42.9
2026-09-19T22:36:16+08:00,FJ-03,991,2.3,2.1,59.0,0.24,42.7
2026-09-19T22:37:16+08:00,FJ-03,990,2.2,2.1,59.1,0.25,43.2
2026-09-19T22:38:16+08:00,FJ-03,991,2.3,2.1,58.3,0.24,42.7
2026-09-19T22:39:16+08:00,FJ-03,991,2.2,2.1,59.1,0.25,43.1
2026-09-19T22:40:16+08:00,FJ-03,992,2.2,2.2,58.8,0.25,42.5
2026-09-19T22:41:16+08:00,FJ-03,991,2.3,2.1,58.7,0.25,42.8
2026-09-19T22:42:16+08:00,FJ-03,990,2.2,2.0,58.5,0.25,42.8
2026-09-19T22:43:16+08:00,FJ-03,990,2.3,2.1,58.9,0.25,42.4
2026-09-19T22:44:16+08:00,FJ-03,990,2.3,2.1,59.2,0.25,42.6
2026-09-19T22:45:16+08:00,FJ-03,990,2.3,2.2,58.8,0.25,43.0
2026-09-19T22:46:16+08:00,FJ-03,990,2.3,2.1,58.8,0.25,42.8
2026-09-19T22:47:16+08:00,FJ-03,991,2.2,2.1,59.2,0.25,42.6
2026-09-19T22:48:16+08:00,FJ-03,993,2.2,2.1,58.9,0.25,43.0
2026-09-19T22:49:16+08:00,FJ-03,991,2.2,2.1,59.2,0.25,42.4
2026-09-19T22:50:16+08:00,FJ-03,991,2.3,2.1,58.6,0.25,43.2
2026-09-19T22:51:16+08:00,FJ-03,991,2.2,2.1,58.8,0.24,42.7
2026-09-19T22:52:16+08:00,FJ-03,990,2.3,2.1,59.0,0.25,42.5
2026-09-19T22:53:16+08:00,FJ-03,990,2.3,2.1,59.3,0.25,42.7
2026-09-19T22:54:16+08:00,FJ-03,989,2.2,2.1,58.7,0.25,42.9
2026-09-19T22:55:16+08:00,FJ-03,991,2.3,2.1,59.1,0.25,43.1
2026-09-19T22:56:16+08:00,FJ-03,989,2.3,2.0,59.3,0.25,42.1
2026-09-19T22:57:16+08:00,FJ-03,992,2.3,2.1,59.5,0.25,42.9
2026-09-19T22:58:16+08:00,FJ-03,990,2.3,2.1,59.1,0.25,42.2
2026-09-19T22:59:16+08:00,FJ-03,990,2.2,2.1,58.4,0.24,42.7
2026-09-19T23:00:16+08:00,FJ-03,991,2.2,2.1,58.9,0.25,42.8
2026-09-19T23:01:16+08:00,FJ-03,990,2.3,2.2,58.7,0.25,42.7
2026-09-19T23:02:16+08:00,FJ-03,990,2.3,2.1,58.3,0.24,42.6
2026-09-19T23:03:16+08:00,FJ-03,990,2.3,2.2,59.6,0.25,42.5
2026-09-19T23:04:16+08:00,FJ-03,991,2.2,2.1,59.3,0.25,42.3
2026-09-19T23:05:16+08:00,FJ-03,990,2.3,2.1,58.2,0.25,42.3
2026-09-19T23:06:16+08:00,FJ-03,990,2.3,2.1,58.3,0.25,42.3
2026-09-19T23:07:16+08:00,FJ-03,990,2.3,2.1,59.0,0.25,42.7
2026-09-19T23:08:16+08:00,FJ-03,991,2.2,2.1,59.1,0.26,42.7
2026-09-19T23:09:16+08:00,FJ-03,990,2.3,2.1,58.5,0.25,42.4
2026-09-19T23:10:16+08:00,FJ-03,990,2.3,2.1,59.2,0.25,42.7
2026-09-19T23:11:16+08:00,FJ-03,990,2.2,2.1,59.5,0.25,42.5
2026-09-19T23:12:16+08:00,FJ-03,993,2.3,2.0,58.7,0.25,42.5
2026-09-19T23:13:16+08:00,FJ-03,991,2.2,2.1,59.3,0.24,42.1
2026-09-19T23:14:16+08:00,FJ-03,991,2.3,2.0,58.6,0.26,43.5
2026-09-19T23:15:16+08:00,FJ-03,992,2.2,2.2,59.4,0.25,42.9
2026-09-19T23:16:16+08:00,FJ-03,990,2.2,2.2,58.6,0.25,42.5
2026-09-19T23:17:16+08:00,FJ-03,991,2.2,2.1,58.5,0.25,42.7
2026-09-19T23:18:16+08:00,FJ-03,991,2.3,2.1,58.7,0.25,42.8
2026-09-19T23:19:16+08:00,FJ-03,990,2.3,2.1,59.7,0.25,43.2
2026-09-19T23:20:16+08:00,FJ-03,990,2.3,2.1,59.6,0.25,43.0
2026-09-19T23:21:16+08:00,FJ-03,993,2.3,2.1,59.0,0.25,42.5
2026-09-19T23:22:16+08:00,FJ-03,993,2.2,2.1,59.0,0.25,42.8
2026-09-19T23:23:16+08:00,FJ-03,989,2.3,2.1,58.7,0.25,42.6
2026-09-19T23:24:16+08:00,FJ-03,992,2.3,2.1,58.6,0.25,42.6
2026-09-19T23:25:16+08:00,FJ-03,990,2.2,2.1,59.0,0.25,42.4
2026-09-19T23:26:16+08:00,FJ-03,991,2.2,2.1,59.1,0.25,42.9
2026-09-19T23:27:16+08:00,FJ-03,991,2.2,2.1,58.7,0.25,42.6
2026-09-19T23:28:16+08:00,FJ-03,991,2.3,2.1,58.7,0.25,42.7
2026-09-19T23:29:16+08:00,FJ-03,992,2.3,2.1,58.7,0.25,42.3
2026-09-19T23:30:16+08:00,FJ-03,990,2.3,2.1,58.8,0.25,41.7
2026-09-19T23:31:16+08:00,FJ-03,990,2.3,2.1,58.8,0.25,42.3
2026-09-19T23:32:16+08:00,FJ-03,991,2.3,2.1,59.6,0.24,43.1
2026-09-19T23:33:16+08:00,FJ-03,991,2.3,2.2,58.7,0.25,42.3
2026-09-19T23:34:16+08:00,FJ-03,991,2.3,2.2,59.2,0.25,43.4
2026-09-19T23:35:16+08:00,FJ-03,991,2.3,2.0,58.6,0.25,42.6
2026-09-19T23:36:16+08:00,FJ-03,991,2.2,2.1,59.7,0.24,42.9
2026-09-19T23:37:16+08:00,FJ-03,990,2.2,2.1,57.9,0.25,43.0
2026-09-19T23:38:16+08:00,FJ-03,990,2.3,2.1,58.4,0.25,42.7
2026-09-19T23:39:16+08:00,FJ-03,990,2.3,2.0,59.2,0.25,42.9
2026-09-19T23:40:16+08:00,FJ-03,990,2.2,2.2,59.0,0.25,42.4
2026-09-19T23:41:16+08:00,FJ-03,991,2.3,2.1,58.8,0.24,42.6
2026-09-19T23:42:16+08:00,FJ-03,991,2.2,2.1,59.1,0.25,42.4
2026-09-19T23:43:16+08:00,FJ-03,991,2.3,2.1,59.5,0.24,42.4
2026-09-19T23:44:16+08:00,FJ-03,990,2.3,2.1,58.4,0.24,42.5
2026-09-19T23:45:16+08:00,FJ-03,990,2.3,2.1,58.7,0.25,42.4
2026-09-19T23:46:16+08:00,FJ-03,990,2.3,2.1,58.3,0.25,42.8
2026-09-19T23:47:16+08:00,FJ-03,989,2.3,2.1,58.3,0.25,42.8
2026-09-19T23:48:16+08:00,FJ-03,990,2.3,2.1,58.9,0.25,42.9
2026-09-19T23:49:16+08:00,FJ-03,991,2.2,2.1,58.2,0.25,42.9
2026-09-19T23:50:16+08:00,FJ-03,990,2.3,2.1,59.0,0.25,42.1
2026-09-19T23:51:16+08:00,FJ-03,990,2.3,2.1,59.3,0.25,42.8
2026-09-19T23:52:16+08:00,FJ-03,990,2.3,2.1,59.3,0.24,42.1
2026-09-19T23:53:16+08:00,FJ-03,991,2.3,2.2,59.0,0.25,42.6
2026-09-19T23:54:16+08:00,FJ-03,991,2.2,2.1,59.2,0.25,42.7
2026-09-19T23:55:16+08:00,FJ-03,989,2.3,2.1,58.9,0.24,42.6
2026-09-19T23:56:16+08:00,FJ-03,990,2.3,2.1,59.1,0.24,42.4
2026-09-19T23:57:16+08:00,FJ-03,991,2.3,2.1,59.0,0.25,42.7
2026-09-19T23:58:16+08:00,FJ-03,990,2.3,2.1,58.2,0.25,43.0
2026-09-19T23:59:16+08:00,FJ-03,991,2.2,2.1,59.3,0.25,42.0
2026-09-20T00:00:16+08:00,FJ-03,991,2.3,2.1,58.7,0.25,43.0
2026-09-20T00:01:16+08:00,FJ-03,991,2.3,2.1,58.9,0.25,42.9
2026-09-20T00:02:16+08:00,FJ-03,990,2.3,2.1,59.4,0.25,42.8
2026-09-20T00:03:16+08:00,FJ-03,991,2.2,2.0,59.0,0.25,42.1
2026-09-20T00:04:16+08:00,FJ-03,991,2.2,2.1,58.6,0.25,42.6
2026-09-20T00:05:16+08:00,FJ-03,990,2.3,2.1,58.6,0.25,42.8
2026-09-20T00:06:16+08:00,FJ-03,992,2.2,2.1,58.6,0.25,43.0
2026-09-20T00:07:16+08:00,FJ-03,990,2.2,2.1,58.9,0.25,42.7
2026-09-20T00:08:16+08:00,FJ-03,990,2.2,2.1,58.5,0.25,42.4
2026-09-20T00:09:16+08:00,FJ-03,990,2.3,2.2,58.6,0.25,43.0
2026-09-20T00:10:16+08:00,FJ-03,992,2.3,2.2,59.1,0.25,42.3
2026-09-20T00:11:16+08:00,FJ-03,991,2.3,2.1,59.5,0.25,42.8
2026-09-20T00:12:16+08:00,FJ-03,991,2.2,2.1,59.4,0.25,42.6
2026-09-20T00:13:16+08:00,FJ-03,990,2.2,2.1,58.5,0.25,42.5
2026-09-20T00:14:16+08:00,FJ-03,991,2.2,2.1,59.0,0.24,42.6
2026-09-20T00:15:16+08:00,FJ-03,992,2.2,2.1,58.3,0.25,43.3
2026-09-20T00:16:16+08:00,FJ-03,991,2.3,2.1,58.8,0.25,42.4
2026-09-20T00:17:16+08:00,FJ-03,992,2.3,2.0,59.4,0.25,43.3
2026-09-20T00:18:16+08:00,FJ-03,991,2.3,2.1,59.0,0.25,42.8
2026-09-20T00:19:16+08:00,FJ-03,990,2.3,2.1,58.6,0.25,42.9
2026-09-20T00:20:16+08:00,FJ-03,990,2.3,2.1,58.4,0.25,42.6
2026-09-20T00:21:16+08:00,FJ-03,991,2.3,2.1,59.4,0.25,43.0
2026-09-20T00:22:16+08:00,FJ-03,990,2.2,2.1,59.1,0.25,42.9
2026-09-20T00:23:16+08:00,FJ-03,990,2.2,2.1,59.3,0.24,42.7
2026-09-20T00:24:16+08:00,FJ-03,990,2.3,2.1,58.9,0.25,42.8
2026-09-20T00:25:16+08:00,FJ-03,990,2.3,2.1,59.0,0.25,42.1
2026-09-20T00:26:16+08:00,FJ-03,989,2.2,2.1,59.4,0.25,42.4
2026-09-20T00:27:16+08:00,FJ-03,991,2.2,2.1,59.1,0.24,42.8
2026-09-20T00:28:16+08:00,FJ-03,992,2.2,2.2,58.9,0.25,42.7
2026-09-20T00:29:16+08:00,FJ-03,989,2.3,2.2,58.5,0.25,42.7
2026-09-20T00:30:16+08:00,FJ-03,992,2.3,2.1,59.5,0.25,43.0
2026-09-20T00:31:16+08:00,FJ-03,990,2.3,2.2,58.8,0.25,42.9
2026-09-20T00:32:16+08:00,FJ-03,992,2.3,2.1,58.9,0.25,42.5
2026-09-20T00:33:16+08:00,FJ-03,991,2.3,2.1,59.0,0.24,42.2
2026-09-20T00:34:16+08:00,FJ-03,991,2.3,2.1,58.6,0.25,42.8
2026-09-20T00:35:16+08:00,FJ-03,991,2.3,2.1,58.1,0.25,42.3
2026-09-20T00:36:16+08:00,FJ-03,991,2.2,2.1,59.0,0.25,42.7
2026-09-20T00:37:16+08:00,FJ-03,991,2.3,2.1,58.8,0.25,42.6
2026-09-20T00:38:16+08:00,FJ-03,990,2.3,2.1,59.5,0.24,42.8
2026-09-20T00:39:16+08:00,FJ-03,992,2.3,2.1,60.0,0.25,43.2
2026-09-20T00:40:16+08:00,FJ-03,990,2.3,2.1,59.0,0.25,42.8
2026-09-20T00:41:16+08:00,FJ-03,990,2.3,2.1,58.5,0.25,42.4
2026-09-20T00:42:16+08:00,FJ-03,990,2.2,2.2,60.0,0.25,42.6
2026-09-20T00:43:16+08:00,FJ-03,990,2.2,2.1,59.2,0.25,42.9
2026-09-20T00:44:16+08:00,FJ-03,992,2.2,2.1,58.7,0.25,42.8
2026-09-20T00:45:16+08:00,FJ-03,992,2.2,2.1,59.2,0.25,42.4
2026-09-20T00:46:16+08:00,FJ-03,991,2.2,2.1,59.1,0.25,42.9
2026-09-20T00:47:16+08:00,FJ-03,992,2.3,2.1,58.9,0.25,42.5
2026-09-20T00:48:16+08:00,FJ-03,990,2.2,2.1,58.7,0.25,42.3
2026-09-20T00:49:16+08:00,FJ-03,990,2.3,2.1,58.9,0.25,42.3
2026-09-20T00:50:16+08:00,FJ-03,991,2.3,2.1,59.1,0.24,43.1
2026-09-20T00:51:16+08:00,FJ-03,990,2.2,2.2,59.1,0.25,42.5
2026-09-20T00:52:16+08:00,FJ-03,990,2.3,2.1,59.5,0.25,43.0
2026-09-20T00:53:16+08:00,FJ-03,990,2.2,2.1,59.2,0.24,43.1
2026-09-20T00:54:16+08:00,FJ-03,992,2.3,2.1,58.3,0.25,42.8
2026-09-20T00:55:16+08:00,FJ-03,991,2.3,2.1,59.2,0.25,42.8
2026-09-20T00:56:16+08:00,FJ-03,991,2.2,2.1,59.0,0.25,43.1
2026-09-20T00:57:16+08:00,FJ-03,991,2.3,2.1,59.5,0.25,42.6
2026-09-20T00:58:16+08:00,FJ-03,990,2.3,2.1,59.0,0.25,42.4
2026-09-20T00:59:16+08:00,FJ-03,991,2.3,2.2,58.7,0.25,43.0
2026-09-20T01:00:16+08:00,FJ-03,990,2.3,2.1,58.8,0.25,42.6
2026-09-20T01:01:16+08:00,FJ-03,990,2.3,2.2,58.3,0.26,42.2
2026-09-20T01:02:16+08:00,FJ-03,990,2.2,2.1,58.9,0.25,42.6
2026-09-20T01:03:16+08:00,FJ-03,990,2.3,2.1,59.4,0.25,42.5
2026-09-20T01:04:16+08:00,FJ-03,991,2.3,2.1,59.0,0.25,42.5
2026-09-20T01:05:16+08:00,FJ-03,990,2.3,2.1,58.5,0.24,43.1
2026-09-20T01:06:16+08:00,FJ-03,991,2.2,2.1,58.6,0.25,42.7
2026-09-20T01:07:16+08:00,FJ-03,991,2.4,2.2,58.5,0.25,42.9
2026-09-20T01:08:16+08:00,FJ-03,992,2.3,2.1,58.7,0.25,42.4
2026-09-20T01:09:16+08:00,FJ-03,992,2.3,2.1,59.2,0.24,42.9
2026-09-20T01:10:16+08:00,FJ-03,991,2.3,2.1,59.0,0.25,43.0
2026-09-20T01:11:16+08:00,FJ-03,992,2.2,2.2,60.0,0.25,42.4
2026-09-20T01:12:16+08:00,FJ-03,990,2.2,2.1,59.0,0.25,42.8
2026-09-20T01:13:16+08:00,FJ-03,992,2.2,2.1,58.8,0.25,42.7
2026-09-20T01:14:16+08:00,FJ-03,991,2.3,2.2,58.6,0.25,42.9
2026-09-20T01:15:16+08:00,FJ-03,991,2.3,2.1,59.4,0.25,43.1
2026-09-20T01:16:16+08:00,FJ-03,992,2.3,2.0,59.0,0.25,42.9
2026-09-20T01:17:16+08:00,FJ-03,991,2.3,2.1,58.5,0.25,42.8
2026-09-20T01:18:16+08:00,FJ-03,991,2.3,2.1,59.4,0.25,42.1
2026-09-20T01:19:16+08:00,FJ-03,991,2.3,2.1,59.0,0.25,43.2
2026-09-20T01:20:16+08:00,FJ-03,992,2.3,2.1,59.2,0.24,42.6
2026-09-20T01:21:16+08:00,FJ-03,991,2.2,2.1,58.9,0.25,42.3
2026-09-20T01:22:16+08:00,FJ-03,991,2.3,2.1,58.9,0.25,42.9
2026-09-20T01:23:16+08:00,FJ-03,990,2.3,2.1,59.3,0.25,42.8
2026-09-20T01:24:16+08:00,FJ-03,989,2.2,2.2,58.8,0.25,42.4
2026-09-20T01:25:16+08:00,FJ-03,991,2.2,2.2,59.1,0.25,42.6
2026-09-20T01:26:16+08:00,FJ-03,991,2.3,2.1,59.5,0.25,43.5
2026-09-20T01:27:16+08:00,FJ-03,990,2.3,2.2,59.5,0.25,42.6
2026-09-20T01:28:16+08:00,FJ-03,991,2.3,2.1,59.2,0.25,42.7
2026-09-20T01:29:16+08:00,FJ-03,990,2.2,2.1,59.2,0.25,42.7
2026-09-20T01:30:16+08:00,FJ-03,991,2.2,2.1,60.0,0.25,42.9
2026-09-20T01:31:16+08:00,FJ-03,990,2.3,2.2,58.9,0.24,43.1
2026-09-20T01:32:16+08:00,FJ-03,991,2.3,2.1,59.3,0.25,43.1
2026-09-20T01:33:16+08:00,FJ-03,990,2.2,2.2,58.8,0.25,42.7
2026-09-20T01:34:16+08:00,FJ-03,992,2.3,2.2,59.1,0.25,42.6
2026-09-20T01:35:16+08:00,FJ-03,990,2.3,2.1,59.8,0.25,42.6
2026-09-20T01:36:16+08:00,FJ-03,990,2.2,2.1,58.9,0.25,43.1
2026-09-20T01:37:16+08:00,FJ-03,990,2.3,2.1,58.8,0.24,43.1
2026-09-20T01:38:16+08:00,FJ-03,991,2.3,2.2,58.7,0.25,42.6
2026-09-20T01:39:16+08:00,FJ-03,991,2.2,2.1,59.4,0.25,42.5
2026-09-20T01:40:16+08:00,FJ-03,992,2.3,2.1,59.7,0.25,43.3
2026-09-20T01:41:16+08:00,FJ-03,991,2.2,2.1,58.2,0.25,42.1
2026-09-20T01:42:16+08:00,FJ-03,990,2.3,2.1,58.1,0.25,42.4
2026-09-20T01:43:16+08:00,FJ-03,991,2.3,2.1,59.3,0.25,42.7
2026-09-20T01:44:16+08:00,FJ-03,991,2.2,2.2,59.2,0.24,42.5
2026-09-20T01:45:16+08:00,FJ-03,991,2.3,2.1,59.3,0.25,42.6
2026-09-20T01:46:16+08:00,FJ-03,992,2.4,2.1,59.2,0.25,42.7
2026-09-20T01:47:16+08:00,FJ-03,992,2.2,2.1,59.4,0.24,42.3
2026-09-20T01:48:16+08:00,FJ-03,991,2.2,2.1,59.4,0.25,42.6
2026-09-20T01:49:16+08:00,FJ-03,990,2.3,2.1,58.7,0.25,42.4
2026-09-20T01:50:16+08:00,FJ-03,992,2.2,2.1,59.2,0.25,42.6
2026-09-20T01:51:16+08:00,FJ-03,991,2.3,2.2,59.7,0.25,43.5
2026-09-20T01:52:16+08:00,FJ-03,991,2.3,2.1,58.6,0.25,43.0
2026-09-20T01:53:16+08:00,FJ-03,990,2.3,2.1,59.0,0.25,42.5
2026-09-20T01:54:16+08:00,FJ-03,992,2.3,2.1,59.4,0.25,42.6
2026-09-20T01:55:16+08:00,FJ-03,992,2.2,2.1,59.0,0.25,43.0
2026-09-20T01:56:16+08:00,FJ-03,992,2.3,2.1,58.8,0.25,43.1
2026-09-20T01:57:16+08:00,FJ-03,990,2.3,2.1,59.4,0.25,42.7
2026-09-20T01:58:16+08:00,FJ-03,990,2.4,2.1,59.2,0.25,42.6
2026-09-20T01:59:16+08:00,FJ-03,990,2.3,2.1,59.0,0.25,43.0
2026-09-20T02:00:16+08:00,FJ-03,990,2.3,2.2,58.5,0.25,42.4
2026-09-20T02:01:16+08:00,FJ-03,992,2.3,2.2,59.2,0.24,42.9
2026-09-20T02:02:16+08:00,FJ-03,992,2.3,2.1,59.7,0.25,42.9
2026-09-20T02:03:16+08:00,FJ-03,990,2.3,2.2,58.3,0.25,43.0
2026-09-20T02:04:16+08:00,FJ-03,991,2.2,2.1,59.0,0.25,42.8
2026-09-20T02:05:16+08:00,FJ-03,991,2.2,2.1,59.3,0.25,42.9
2026-09-20T02:06:16+08:00,FJ-03,992,2.2,2.1,58.9,0.25,43.0
2026-09-20T02:07:16+08:00,FJ-03,990,2.3,2.1,59.2,0.24,42.9
2026-09-20T02:08:16+08:00,FJ-03,991,2.3,2.1,59.3,0.25,42.9
2026-09-20T02:09:16+08:00,FJ-03,990,2.3,2.0,58.6,0.25,42.6
2026-09-20T02:10:16+08:00,FJ-03,989,2.3,2.2,58.7,0.25,42.9
2026-09-20T02:11:16+08:00,FJ-03,990,2.2,2.1,59.4,0.25,43.0
2026-09-20T02:12:16+08:00,FJ-03,989,2.3,2.1,59.5,0.25,42.8
2026-09-20T02:13:16+08:00,FJ-03,990,2.3,2.1,59.4,0.25,42.5
2026-09-20T02:14:16+08:00,FJ-03,991,2.2,2.1,59.3,0.25,42.8
2026-09-20T02:15:16+08:00,FJ-03,990,2.2,2.2,59.0,0.25,43.1
2026-09-20T02:16:16+08:00,FJ-03,991,2.2,2.1,58.9,0.25,43.0
2026-09-20T02:17:16+08:00,FJ-03,990,2.3,2.2,58.9,0.25,42.6
2026-09-20T02:18:16+08:00,FJ-03,990,2.3,2.1,58.7,0.25,42.9
2026-09-20T02:19:16+08:00,FJ-03,991,2.2,2.1,58.1,0.25,42.5
2026-09-20T02:20:16+08:00,FJ-03,990,2.3,2.2,60.0,0.25,42.9
2026-09-20T02:21:16+08:00,FJ-03,991,2.3,2.1,58.5,0.25,42.8
2026-09-20T02:22:16+08:00,FJ-03,991,2.3,2.2,59.2,0.25,43.0
2026-09-20T02:23:16+08:00,FJ-03,991,2.3,2.1,59.6,0.25,42.9
2026-09-20T02:24:16+08:00,FJ-03,991,2.2,2.1,58.8,0.26,42.5
2026-09-20T02:25:16+08:00,FJ-03,992,2.3,2.2,58.8,0.25,42.9
2026-09-20T02:26:16+08:00,FJ-03,991,2.2,2.1,58.8,0.25,42.6
2026-09-20T02:27:16+08:00,FJ-03,991,2.2,2.2,59.1,0.25,42.6
2026-09-20T02:28:16+08:00,FJ-03,990,2.3,2.1,58.9,0.26,42.5
2026-09-20T02:29:16+08:00,FJ-03,990,2.2,2.2,59.3,0.25,42.7
2026-09-20T02:30:16+08:00,FJ-03,990,2.3,2.2,60.0,0.25,42.7
2026-09-20T02:31:16+08:00,FJ-03,991,2.2,2.1,58.8,0.24,42.6
2026-09-20T02:32:16+08:00,FJ-03,990,2.2,2.1,59.2,0.25,42.5
2026-09-20T02:33:16+08:00,FJ-03,991,2.2,2.1,58.8,0.25,43.0
2026-09-20T02:34:16+08:00,FJ-03,992,2.2,2.2,59.4,0.25,42.3
2026-09-20T02:35:16+08:00,FJ-03,991,2.2,2.1,58.9,0.25,42.9
2026-09-20T02:36:16+08:00,FJ-03,992,2.3,2.1,58.8,0.25,42.4
2026-09-20T02:37:16+08:00,FJ-03,991,2.3,2.1,59.7,0.25,43.2
2026-09-20T02:38:16+08:00,FJ-03,992,2.3,2.2,59.9,0.25,42.3
2026-09-20T02:39:16+08:00,FJ-03,990,2.3,2.1,59.1,0.25,42.9
2026-09-20T02:40:16+08:00,FJ-03,990,2.3,2.2,59.7,0.25,42.6
2026-09-20T02:41:16+08:00,FJ-03,991,2.3,2.0,59.4,0.25,43.2
2026-09-20T02:42:16+08:00,FJ-03,989,2.3,2.1,59.1,0.25,42.7
2026-09-20T02:43:16+08:00,FJ-03,992,2.2,2.1,58.3,0.25,42.9
2026-09-20T02:44:16+08:00,FJ-03,991,2.3,2.2,59.5,0.25,42.7
2026-09-20T02:45:16+08:00,FJ-03,989,2.3,2.1,59.2,0.25,42.9
2026-09-20T02:46:16+08:00,FJ-03,991,2.3,2.1,59.8,0.25,42.7
2026-09-20T02:47:16+08:00,FJ-03,992,2.2,2.2,58.2,0.26,42.8
2026-09-20T02:48:16+08:00,FJ-03,990,2.3,2.1,59.3,0.25,42.5
2026-09-20T02:49:16+08:00,FJ-03,991,2.3,2.1,59.3,0.24,42.8
2026-09-20T02:50:16+08:00,FJ-03,990,2.3,2.1,58.7,0.25,43.8
2026-09-20T02:51:16+08:00,FJ-03,990,2.3,2.1,59.7,0.25,42.4
2026-09-20T02:52:16+08:00,FJ-03,992,2.3,2.1,59.2,0.25,42.4
2026-09-20T02:53:16+08:00,FJ-03,990,2.2,2.1,58.5,0.25,42.5
2026-09-20T02:54:16+08:00,FJ-03,990,2.3,2.1,59.2,0.25,42.6
2026-09-20T02:55:16+08:00,FJ-03,991,2.3,2.2,59.1,0.25,42.7
2026-09-20T02:56:16+08:00,FJ-03,991,2.3,2.2,59.2,0.25,42.8
2026-09-20T02:57:16+08:00,FJ-03,992,2.3,2.1,59.3,0.24,42.9
2026-09-20T02:58:16+08:00,FJ-03,991,2.2,2.1,58.8,0.25,42.4
2026-09-20T02:59:16+08:00,FJ-03,990,2.3,2.1,58.6,0.25,42.6
2026-09-20T03:00:16+08:00,FJ-03,991,2.2,2.1,58.8,0.25,42.6
2026-09-20T03:01:16+08:00,FJ-03,991,2.2,2.1,58.9,0.24,43.0
2026-09-20T03:02:16+08:00,FJ-03,989,2.2,2.2,59.4,0.25,42.7
2026-09-20T03:03:16+08:00,FJ-03,991,2.3,2.1,59.6,0.25,42.6
2026-09-20T03:04:16+08:00,FJ-03,991,2.3,2.1,59.4,0.25,43.0
2026-09-20T03:05:16+08:00,FJ-03,991,2.2,2.1,58.6,0.25,42.8
2026-09-20T03:06:16+08:00,FJ-03,991,2.3,2.1,59.9,0.25,42.8
2026-09-20T03:07:16+08:00,FJ-03,990,2.3,2.0,58.6,0.25,43.1
2026-09-20T03:08:16+08:00,FJ-03,993,2.3,2.2,58.5,0.25,42.6
2026-09-20T03:09:16+08:00,FJ-03,990,2.2,2.1,58.8,0.25,42.4
2026-09-20T03:10:16+08:00,FJ-03,990,2.3,2.1,58.6,0.25,42.3
2026-09-20T03:11:16+08:00,FJ-03,992,2.3,2.2,58.1,0.25,42.9
2026-09-20T03:12:16+08:00,FJ-03,990,2.3,2.1,59.0,0.25,42.5
2026-09-20T03:13:16+08:00,FJ-03,992,2.3,2.2,58.8,0.25,43.0
2026-09-20T03:14:16+08:00,FJ-03,991,2.2,2.1,58.5,0.24,43.0
2026-09-20T03:15:16+08:00,FJ-03,992,2.3,2.1,59.1,0.25,43.4
2026-09-20T03:16:16+08:00,FJ-03,991,2.3,2.2,59.7,0.25,42.9
2026-09-20T03:17:16+08:00,FJ-03,992,2.3,2.1,59.4,0.25,42.8
2026-09-20T03:18:16+08:00,FJ-03,990,2.2,2.1,59.2,0.25,42.6
2026-09-20T03:19:16+08:00,FJ-03,991,2.3,2.1,59.2,0.24,42.8
2026-09-20T03:20:16+08:00,FJ-03,991,2.2,2.2,59.1,0.25,43.0
2026-09-20T03:21:16+08:00,FJ-03,991,2.3,2.2,59.1,0.25,43.1
2026-09-20T03:22:16+08:00,FJ-03,992,2.3,2.1,58.8,0.25,43.0
2026-09-20T03:23:16+08:00,FJ-03,991,2.3,2.2,59.4,0.25,42.7
2026-09-20T03:24:16+08:00,FJ-03,990,2.2,2.1,58.4,0.25,42.5
2026-09-20T03:25:16+08:00,FJ-03,991,2.2,2.1,59.4,0.25,41.8
2026-09-20T03:26:16+08:00,FJ-03,991,2.3,2.1,58.4,0.25,43.2
2026-09-20T03:27:16+08:00,FJ-03,990,2.3,2.2,58.8,0.25,42.9
2026-09-20T03:28:16+08:00,FJ-03,991,2.3,2.1,59.6,0.25,43.3
2026-09-20T03:29:16+08:00,FJ-03,992,2.3,2.1,59.6,0.25,42.9
2026-09-20T03:30:16+08:00,FJ-03,991,2.3,2.1,59.3,0.24,42.6
2026-09-20T03:31:16+08:00,FJ-03,992,2.3,2.1,58.2,0.25,43.4
2026-09-20T03:32:16+08:00,FJ-03,991,2.3,2.1,59.3,0.25,42.8
2026-09-20T03:33:16+08:00,FJ-03,992,2.2,2.2,58.8,0.25,43.5
2026-09-20T03:34:16+08:00,FJ-03,993,2.3,2.2,58.0,0.25,42.9
2026-09-20T03:35:16+08:00,FJ-03,991,2.3,2.1,59.3,0.25,42.6
2026-09-20T03:36:16+08:00,FJ-03,991,2.4,2.2,58.9,0.25,42.3
2026-09-20T03:37:16+08:00,FJ-03,993,2.3,2.1,59.2,0.25,42.9
2026-09-20T03:38:16+08:00,FJ-03,991,2.3,2.1,59.3,0.25,42.7
2026-09-20T03:39:16+08:00,FJ-03,990,2.3,2.2,59.6,0.25,43.0
2026-09-20T03:40:16+08:00,FJ-03,992,2.2,2.2,59.0,0.25,42.4
2026-09-20T03:41:16+08:00,FJ-03,991,2.3,2.1,59.7,0.25,43.1
2026-09-20T03:42:16+08:00,FJ-03,992,2.2,2.1,58.3,0.25,42.5
2026-09-20T03:43:16+08:00,FJ-03,992,2.2,2.2,58.8,0.25,42.4
2026-09-20T03:44:16+08:00,FJ-03,990,2.2,2.1,59.3,0.25,42.9
2026-09-20T03:45:16+08:00,FJ-03,991,2.3,2.1,59.0,0.25,42.7
2026-09-20T03:46:16+08:00,FJ-03,991,2.3,2.1,59.6,0.25,42.4
2026-09-20T03:47:16+08:00,FJ-03,991,2.3,2.2,58.6,0.25,42.8
2026-09-20T03:48:16+08:00,FJ-03,991,2.3,2.1,58.7,0.25,42.8
2026-09-20T03:49:16+08:00,FJ-03,991,2.3,2.2,59.4,0.25,42.8
2026-09-20T03:50:16+08:00,FJ-03,991,2.3,2.1,59.7,0.25,43.2
2026-09-20T03:51:16+08:00,FJ-03,991,2.3,2.1,58.1,0.25,43.4
2026-09-20T03:52:16+08:00,FJ-03,992,2.3,2.1,59.1,0.25,42.9
2026-09-20T03:53:16+08:00,FJ-03,990,2.3,2.2,58.9,0.26,42.8
2026-09-20T03:54:16+08:00,FJ-03,990,2.3,2.1,58.8,0.25,42.7
2026-09-20T03:55:16+08:00,FJ-03,991,2.3,2.2,58.3,0.24,42.9
2026-09-20T03:56:16+08:00,FJ-03,992,2.3,2.1,59.5,0.25,42.0
2026-09-20T03:57:16+08:00,FJ-03,993,2.2,2.1,59.3,0.25,42.8
2026-09-20T03:58:16+08:00,FJ-03,991,2.2,2.1,59.3,0.25,43.2
2026-09-20T03:59:16+08:00,FJ-03,991,2.2,2.1,59.4,0.25,42.6
2026-09-20T04:00:16+08:00,FJ-03,991,2.3,2.1,58.9,0.25,43.2
2026-09-20T04:01:16+08:00,FJ-03,991,2.3,2.2,59.7,0.25,42.9
2026-09-20T04:02:16+08:00,FJ-03,991,2.3,2.2,59.0,0.25,43.1
2026-09-20T04:03:16+08:00,FJ-03,991,2.3,2.1,59.3,0.26,42.9
2026-09-20T04:04:16+08:00,FJ-03,991,2.3,2.1,58.8,0.25,42.5
2026-09-20T04:05:16+08:00,FJ-03,992,2.3,2.1,59.0,0.25,42.7
2026-09-20T04:06:16+08:00,FJ-03,991,2.3,2.1,59.2,0.25,42.7
2026-09-20T04:07:16+08:00,FJ-03,992,2.3,2.1,60.0,0.25,42.6
2026-09-20T04:08:16+08:00,FJ-03,991,2.3,2.1,58.9,0.25,42.5
2026-09-20T04:09:16+08:00,FJ-03,990,2.3,2.1,59.6,0.25,42.8
2026-09-20T04:10:16+08:00,FJ-03,991,2.3,2.1,58.9,0.25,43.4
2026-09-20T04:11:16+08:00,FJ-03,991,2.3,2.1,58.9,0.25,42.9
2026-09-20T04:12:16+08:00,FJ-03,991,2.3,2.1,59.1,0.24,43.1
2026-09-20T04:13:16+08:00,FJ-03,991,2.3,2.1,59.3,0.25,42.5
2026-09-20T04:14:16+08:00,FJ-03,992,2.3,2.1,58.5,0.25,43.3
2026-09-20T04:15:16+08:00,FJ-03,991,2.4,2.1,59.1,0.25,43.1
2026-09-20T04:16:16+08:00,FJ-03,989,2.2,2.1,59.0,0.25,43.2
2026-09-20T04:17:16+08:00,FJ-03,992,2.3,2.1,59.2,0.25,42.8
2026-09-20T04:18:16+08:00,FJ-03,991,2.3,2.1,59.3,0.25,42.6
2026-09-20T04:19:16+08:00,FJ-03,991,2.3,2.2,59.2,0.24,42.7
2026-09-20T04:20:16+08:00,FJ-03,990,2.2,2.1,59.5,0.25,42.6
2026-09-20T04:21:16+08:00,FJ-03,990,2.3,2.2,59.3,0.25,43.0
2026-09-20T04:22:16+08:00,FJ-03,991,2.3,2.1,58.7,0.25,42.7
2026-09-20T04:23:16+08:00,FJ-03,990,2.2,2.1,59.1,0.25,42.5
2026-09-20T04:24:16+08:00,FJ-03,991,2.3,2.1,58.9,0.25,42.6
2026-09-20T04:25:16+08:00,FJ-03,992,2.2,2.1,58.9,0.25,42.7
2026-09-20T04:26:16+08:00,FJ-03,992,2.2,2.1,59.3,0.25,43.1
2026-09-20T04:27:16+08:00,FJ-03,991,2.3,2.1,59.8,0.25,42.8
2026-09-20T04:28:16+08:00,FJ-03,991,2.3,2.1,59.3,0.25,42.7
2026-09-20T04:29:16+08:00,FJ-03,990,2.3,2.1,58.7,0.25,43.1
2026-09-20T04:30:16+08:00,FJ-03,990,2.3,2.1,59.3,0.24,43.1
2026-09-20T04:31:16+08:00,FJ-03,991,2.3,2.1,59.3,0.25,42.3
2026-09-20T04:32:16+08:00,FJ-03,990,2.3,2.1,58.7,0.25,42.7
2026-09-20T04:33:16+08:00,FJ-03,990,2.3,2.1,59.7,0.25,42.6
2026-09-20T04:34:16+08:00,FJ-03,992,2.3,2.1,59.7,0.25,42.8
2026-09-20T04:35:16+08:00,FJ-03,991,2.3,2.1,60.0,0.25,42.8
2026-09-20T04:36:16+08:00,FJ-03,991,2.3,2.1,59.3,0.25,42.9
2026-09-20T04:37:16+08:00,FJ-03,991,2.3,2.1,58.4,0.26,42.7
2026-09-20T04:38:16+08:00,FJ-03,991,2.3,2.2,59.5,0.25,42.5
2026-09-20T04:39:16+08:00,FJ-03,991,2.3,2.1,59.5,0.25,42.5
2026-09-20T04:40:16+08:00,FJ-03,990,2.3,2.1,59.2,0.25,43.0
2026-09-20T04:41:16+08:00,FJ-03,991,2.3,2.2,59.2,0.25,42.8
2026-09-20T04:42:16+08:00,FJ-03,990,2.2,2.1,59.1,0.25,42.7
2026-09-20T04:43:16+08:00,FJ-03,992,2.3,2.1,58.8,0.25,42.8
2026-09-20T04:44:16+08:00,FJ-03,991,2.3,2.1,59.3,0.25,42.6
2026-09-20T04:45:16+08:00,FJ-03,990,2.3,2.1,59.8,0.26,42.7
2026-09-20T04:46:16+08:00,FJ-03,990,2.2,2.1,58.5,0.25,43.1
2026-09-20T04:47:16+08:00,FJ-03,991,2.3,2.1,59.1,0.25,42.8
2026-09-20T04:48:16+08:00,FJ-03,989,2.3,2.2,59.8,0.25,42.9
2026-09-20T04:49:16+08:00,FJ-03,990,2.3,2.1,59.5,0.24,42.7
2026-09-20T04:50:16+08:00,FJ-03,992,2.2,2.1,59.0,0.25,42.7
2026-09-20T04:51:16+08:00,FJ-03,991,2.3,2.2,59.1,0.25,43.0
2026-09-20T04:52:16+08:00,FJ-03,991,2.3,2.1,59.3,0.25,42.5
2026-09-20T04:53:16+08:00,FJ-03,991,2.3,2.1,59.1,0.25,43.0
2026-09-20T04:54:16+08:00,FJ-03,991,2.3,2.2,58.4,0.25,42.6
2026-09-20T04:55:16+08:00,FJ-03,991,2.3,2.2,59.0,0.25,42.2
2026-09-20T04:56:16+08:00,FJ-03,990,2.2,2.1,58.5,0.25,42.2
2026-09-20T04:57:16+08:00,FJ-03,990,2.2,2.2,58.8,0.25,43.0
2026-09-20T04:58:16+08:00,FJ-03,990,2.3,2.2,59.7,0.25,43.3
2026-09-20T04:59:16+08:00,FJ-03,990,2.2,2.1,58.9,0.25,42.8
2026-09-20T05:00:16+08:00,FJ-03,991,2.3,2.1,59.0,0.25,42.7
2026-09-20T05:01:16+08:00,FJ-03,991,2.2,2.1,59.1,0.25,43.2
2026-09-20T05:02:16+08:00,FJ-03,991,2.3,2.2,59.6,0.25,43.0
2026-09-20T05:03:16+08:00,FJ-03,991,2.3,2.2,59.1,0.25,43.2
2026-09-20T05:04:16+08:00,FJ-03,990,2.3,2.1,58.8,0.25,42.9
2026-09-20T05:05:16+08:00,FJ-03,991,2.4,2.1,59.3,0.25,43.2
2026-09-20T05:06:16+08:00,FJ-03,991,2.3,2.1,59.5,0.25,42.8
2026-09-20T05:07:16+08:00,FJ-03,991,2.3,2.1,59.4,0.25,42.7
2026-09-20T05:08:16+08:00,FJ-03,990,2.3,2.1,59.9,0.24,42.7
2026-09-20T05:09:16+08:00,FJ-03,991,2.3,2.2,59.1,0.25,42.8
2026-09-20T05:10:16+08:00,FJ-03,991,2.3,2.2,59.6,0.25,42.7
2026-09-20T05:11:16+08:00,FJ-03,990,2.3,2.2,59.3,0.25,42.8
2026-09-20T05:12:16+08:00,FJ-03,990,2.3,2.2,59.0,0.24,43.1
2026-09-20T05:13:16+08:00,FJ-03,990,2.3,2.1,58.8,0.25,43.5
2026-09-20T05:14:16+08:00,FJ-03,991,2.2,2.1,58.8,0.25,41.8
2026-09-20T05:15:16+08:00,FJ-03,991,2.3,2.2,59.3,0.25,43.0
2026-09-20T05:16:16+08:00,FJ-03,990,2.2,2.1,59.8,0.25,42.5
2026-09-20T05:17:16+08:00,FJ-03,991,2.2,2.1,59.9,0.25,42.8
2026-09-20T05:18:16+08:00,FJ-03,990,2.3,2.2,58.8,0.25,42.6
2026-09-20T05:19:16+08:00,FJ-03,990,2.3,2.2,58.9,0.25,43.2
2026-09-20T05:20:16+08:00,FJ-03,992,2.3,2.1,59.1,0.25,43.5
2026-09-20T05:21:16+08:00,FJ-03,990,2.3,2.2,59.1,0.25,42.9
2026-09-20T05:22:16+08:00,FJ-03,989,2.3,2.1,59.2,0.25,43.2
2026-09-20T05:23:16+08:00,FJ-03,992,2.3,2.1,58.9,0.25,42.6
2026-09-20T05:24:16+08:00,FJ-03,993,2.2,2.1,58.8,0.25,42.6
2026-09-20T05:25:16+08:00,FJ-03,992,2.3,2.2,58.8,0.25,42.9
2026-09-20T05:26:16+08:00,FJ-03,990,2.3,2.1,59.0,0.25,42.7
2026-09-20T05:27:16+08:00,FJ-03,991,2.3,2.2,59.4,0.25,43.3
2026-09-20T05:28:16+08:00,FJ-03,991,2.3,2.1,59.0,0.25,43.0
2026-09-20T05:29:16+08:00,FJ-03,990,2.3,2.1,59.0,0.25,42.7
2026-09-20T05:30:16+08:00,FJ-03,991,2.3,2.1,58.7,0.25,42.6
2026-09-20T05:31:16+08:00,FJ-03,990,2.3,2.1,59.1,0.25,42.9
2026-09-20T05:32:16+08:00,FJ-03,989,2.3,2.2,59.0,0.26,42.9
2026-09-20T05:33:16+08:00,FJ-03,991,2.2,2.1,59.6,0.25,43.1
2026-09-20T05:34:16+08:00,FJ-03,990,2.3,2.1,58.5,0.25,43.2
2026-09-20T05:35:16+08:00,FJ-03,990,2.3,2.1,59.3,0.25,42.7
2026-09-20T05:36:16+08:00,FJ-03,991,2.4,2.1,59.3,0.25,42.5
2026-09-20T05:37:16+08:00,FJ-03,990,2.2,2.1,59.5,0.25,42.6
2026-09-20T05:38:16+08:00,FJ-03,991,2.3,2.2,59.9,0.25,42.9
2026-09-20T05:39:16+08:00,FJ-03,991,2.3,2.1,58.2,0.25,42.8
2026-09-20T05:40:16+08:00,FJ-03,991,2.3,2.1,59.2,0.25,42.5
2026-09-20T05:41:16+08:00,FJ-03,991,2.3,2.2,58.9,0.25,43.4
2026-09-20T05:42:16+08:00,FJ-03,992,2.3,2.1,59.0,0.25,43.2
2026-09-20T05:43:16+08:00,FJ-03,991,2.3,2.2,59.3,0.25,43.1
2026-09-20T05:44:16+08:00,FJ-03,990,2.3,2.1,59.0,0.24,43.6
2026-09-20T05:45:16+08:00,FJ-03,992,2.3,2.1,59.0,0.25,42.6
2026-09-20T05:46:16+08:00,FJ-03,992,2.3,2.1,59.3,0.25,42.6
2026-09-20T05:47:16+08:00,FJ-03,991,2.3,2.2,59.8,0.25,43.0
2026-09-20T05:48:16+08:00,FJ-03,991,2.3,2.1,59.6,0.25,42.8
2026-09-20T05:49:16+08:00,FJ-03,991,2.3,2.1,59.7,0.25,43.1
2026-09-20T05:50:16+08:00,FJ-03,991,2.2,2.1,58.9,0.25,43.1
2026-09-20T05:51:16+08:00,FJ-03,990,2.3,2.1,59.3,0.25,43.1
2026-09-20T05:52:16+08:00,FJ-03,989,2.3,2.1,59.2,0.25,43.0
2026-09-20T05:53:16+08:00,FJ-03,991,2.3,2.1,58.7,0.25,43.3
2026-09-20T05:54:16+08:00,FJ-03,990,2.3,2.1,59.2,0.25,42.9
2026-09-20T05:55:16+08:00,FJ-03,990,2.3,2.1,59.1,0.25,42.7
2026-09-20T05:56:16+08:00,FJ-03,991,2.3,2.2,58.9,0.25,42.5
2026-09-20T05:57:16+08:00,FJ-03,991,2.2,2.1,58.8,0.25,42.8
2026-09-20T05:58:16+08:00,FJ-03,991,2.3,2.1,59.1,0.25,42.6
2026-09-20T05:59:16+08:00,FJ-03,992,2.3,2.1,59.1,0.25,42.9
2026-09-20T06:00:16+08:00,FJ-03,991,2.3,2.1,59.1,0.25,43.5
2026-09-20T06:01:16+08:00,FJ-03,991,2.3,2.2,58.9,0.25,42.4
2026-09-20T06:02:16+08:00,FJ-03,991,2.3,2.1,60.0,0.25,42.9
2026-09-20T06:03:16+08:00,FJ-03,991,2.2,2.1,59.4,0.25,42.7
2026-09-20T06:04:16+08:00,FJ-03,991,2.3,2.1,58.9,0.25,42.5
2026-09-20T06:05:16+08:00,FJ-03,991,2.3,2.2,58.9,0.25,42.3
2026-09-20T06:06:16+08:00,FJ-03,990,2.2,2.1,59.0,0.25,42.6
2026-09-20T06:07:16+08:00,FJ-03,990,2.3,2.1,59.5,0.25,42.8
2026-09-20T06:08:16+08:00,FJ-03,992,2.3,2.1,59.3,0.25,43.0
2026-09-20T06:09:16+08:00,FJ-03,990,2.3,2.1,59.1,0.25,43.1
2026-09-20T06:10:16+08:00,FJ-03,991,2.2,2.1,59.6,0.25,43.0
2026-09-20T06:11:16+08:00,FJ-03,991,2.3,2.2,59.8,0.25,43.0
2026-09-20T06:12:16+08:00,FJ-03,991,2.2,2.1,58.4,0.25,43.4
2026-09-20T06:13:16+08:00,FJ-03,990,2.3,2.1,58.6,0.25,43.2
2026-09-20T06:14:16+08:00,FJ-03,991,2.3,2.1,59.7,0.25,42.8
2026-09-20T06:15:16+08:00,FJ-03,991,2.3,2.2,58.6,0.25,43.0
2026-09-20T06:16:16+08:00,FJ-03,990,2.3,2.1,59.8,0.25,43.5
2026-09-20T06:17:16+08:00,FJ-03,989,2.3,2.2,59.7,0.25,42.3
2026-09-20T06:18:16+08:00,FJ-03,992,2.3,2.2,60.0,0.25,43.7
2026-09-20T06:19:16+08:00,FJ-03,990,2.2,2.0,60.0,0.25,42.5
2026-09-20T06:20:16+08:00,FJ-03,991,2.3,2.2,58.9,0.25,43.3
2026-09-20T06:21:16+08:00,FJ-03,991,2.3,2.2,58.7,0.25,43.3
2026-09-20T06:22:16+08:00,FJ-03,991,2.3,2.2,58.5,0.25,42.5
2026-09-20T06:23:16+08:00,FJ-03,991,2.3,2.2,59.1,0.24,42.4
2026-09-20T06:24:16+08:00,FJ-03,991,2.2,2.1,59.4,0.25,42.8
2026-09-20T06:25:16+08:00,FJ-03,993,2.3,2.1,59.2,0.25,43.2
2026-09-20T06:26:16+08:00,FJ-03,992,2.3,2.2,58.9,0.25,42.7
2026-09-20T06:27:16+08:00,FJ-03,991,2.3,2.1,59.2,0.25,42.5
2026-09-20T06:28:16+08:00,FJ-03,993,2.3,2.1,58.8,0.26,43.1
2026-09-20T06:29:16+08:00,FJ-03,992,2.2,2.1,59.6,0.25,42.7
2026-09-20T06:30:16+08:00,FJ-03,991,2.2,2.2,59.4,0.25,43.2
2026-09-20T06:31:16+08:00,FJ-03,991,2.2,2.1,59.1,0.25,42.8
2026-09-20T06:32:16+08:00,FJ-03,991,2.3,2.2,59.1,0.25,42.3
2026-09-20T06:33:16+08:00,FJ-03,992,2.3,2.2,59.2,0.25,43.2
2026-09-20T06:34:16+08:00,FJ-03,993,2.3,2.1,60.0,0.24,42.1
2026-09-20T06:35:16+08:00,FJ-03,990,2.3,2.1,59.4,0.25,43.3
2026-09-20T06:36:16+08:00,FJ-03,988,2.3,2.1,59.1,0.25,43.0
2026-09-20T06:37:16+08:00,FJ-03,992,2.3,2.2,58.9,0.24,42.6
2026-09-20T06:38:16+08:00,FJ-03,990,2.3,2.2,59.0,0.25,42.5
2026-09-20T06:39:16+08:00,FJ-03,990,2.3,2.1,59.2,0.25,42.8
2026-09-20T06:40:16+08:00,FJ-03,993,2.4,2.2,59.1,0.25,42.9
2026-09-20T06:41:16+08:00,FJ-03,991,2.4,2.1,59.2,0.25,43.6
2026-09-20T06:42:16+08:00,FJ-03,991,2.3,2.1,59.1,0.25,42.8
2026-09-20T06:43:16+08:00,FJ-03,992,2.3,2.1,59.0,0.25,43.3
2026-09-20T06:44:16+08:00,FJ-03,992,2.4,2.1,59.3,0.25,42.9
2026-09-20T06:45:16+08:00,FJ-03,991,2.3,2.1,59.3,0.24,43.0
2026-09-20T06:46:16+08:00,FJ-03,990,2.3,2.1,59.0,0.25,43.1
2026-09-20T06:47:16+08:00,FJ-03,992,2.3,2.1,59.6,0.25,43.1
2026-09-20T06:48:16+08:00,FJ-03,993,2.2,2.1,58.9,0.24,42.5
2026-09-20T06:49:16+08:00,FJ-03,989,2.3,2.1,58.7,0.25,42.6
2026-09-20T06:50:16+08:00,FJ-03,990,2.3,2.2,59.5,0.25,42.8
2026-09-20T06:51:16+08:00,FJ-03,992,2.2,2.2,58.6,0.24,42.9
2026-09-20T06:52:16+08:00,FJ-03,991,2.3,2.1,58.8,0.25,42.9
2026-09-20T06:53:16+08:00,FJ-03,989,2.2,2.1,58.9,0.25,42.7
2026-09-20T06:54:16+08:00,FJ-03,992,2.4,2.1,59.3,0.25,43.1
2026-09-20T06:55:16+08:00,FJ-03,991,2.3,2.2,60.0,0.25,42.7
2026-09-20T06:56:16+08:00,FJ-03,991,2.2,2.1,58.5,0.25,43.0
2026-09-20T06:57:16+08:00,FJ-03,989,2.2,2.1,60.0,0.25,42.8
2026-09-20T06:58:16+08:00,FJ-03,993,2.3,2.2,59.2,0.25,43.1
2026-09-20T06:59:16+08:00,FJ-03,991,2.2,2.1,59.4,0.25,42.5
2026-09-20T07:00:16+08:00,FJ-03,991,2.3,2.2,59.9,0.25,42.7
2026-09-20T07:01:16+08:00,FJ-03,991,2.3,2.1,58.7,0.25,43.0
2026-09-20T07:02:16+08:00,FJ-03,992,2.3,2.1,59.7,0.25,42.3
2026-09-20T07:03:16+08:00,FJ-03,992,2.3,2.1,58.8,0.25,43.1
2026-09-20T07:04:16+08:00,FJ-03,992,2.3,2.2,59.6,0.25,43.1
2026-09-20T07:05:16+08:00,FJ-03,991,2.2,2.1,59.6,0.25,43.4
2026-09-20T07:06:16+08:00,FJ-03,991,2.2,2.1,59.4,0.25,43.0
2026-09-20T07:07:16+08:00,FJ-03,991,2.3,2.1,59.7,0.25,43.1
2026-09-20T07:08:16+08:00,FJ-03,990,2.3,2.1,60.0,0.25,43.2
2026-09-20T07:09:16+08:00,FJ-03,991,2.3,2.1,59.0,0.25,42.4
2026-09-20T07:10:16+08:00,FJ-03,990,2.3,2.2,59.6,0.25,43.4
2026-09-20T07:11:16+08:00,FJ-03,992,2.3,2.1,59.1,0.25,42.6
2026-09-20T07:12:16+08:00,FJ-03,991,2.3,2.2,59.3,0.25,42.7
2026-09-20T07:13:16+08:00,FJ-03,990,2.3,2.2,59.1,0.25,42.0
2026-09-20T07:14:16+08:00,FJ-03,990,2.2,2.1,59.4,0.25,43.0
2026-09-20T07:15:16+08:00,FJ-03,990,2.4,2.1,59.4,0.25,43.0
2026-09-20T07:16:16+08:00,FJ-03,992,2.3,2.2,58.9,0.25,42.7
2026-09-20T07:17:16+08:00,FJ-03,990,2.3,2.1,60.0,0.25,42.9
2026-09-20T07:18:16+08:00,FJ-03,991,2.3,2.1,59.9,0.25,43.1
2026-09-20T07:19:16+08:00,FJ-03,990,2.2,2.1,59.0,0.24,42.2
2026-09-20T07:20:16+08:00,FJ-03,990,2.3,2.1,58.9,0.25,43.1
2026-09-20T07:21:16+08:00,FJ-03,991,2.3,2.1,60.0,0.25,42.6
2026-09-20T07:22:16+08:00,FJ-03,990,2.3,2.2,60.0,0.25,43.1
2026-09-20T07:23:16+08:00,FJ-03,990,2.3,2.1,59.3,0.25,42.8
2026-09-20T07:24:16+08:00,FJ-03,990,2.3,2.2,58.7,0.25,42.8
2026-09-20T07:25:16+08:00,FJ-03,991,2.2,2.2,59.2,0.25,43.2
2026-09-20T07:26:16+08:00,FJ-03,990,2.3,2.1,58.9,0.25,42.8
2026-09-20T07:27:16+08:00,FJ-03,990,2.3,2.2,59.2,0.25,43.3
2026-09-20T07:28:16+08:00,FJ-03,992,2.3,2.1,59.1,0.25,43.2
2026-09-20T07:29:16+08:00,FJ-03,991,2.2,2.2,59.2,0.25,42.7
2026-09-20T07:30:16+08:00,FJ-03,992,2.4,2.1,59.2,0.25,43.3
2026-09-20T07:31:16+08:00,FJ-03,991,2.3,2.1,58.6,0.24,42.3
2026-09-20T07:32:16+08:00,FJ-03,992,2.3,2.1,59.5,0.25,42.6
2026-09-20T07:33:16+08:00,FJ-03,991,2.3,2.1,58.7,0.24,42.8
2026-09-20T07:34:16+08:00,FJ-03,990,2.3,2.2,58.8,0.25,43.1
2026-09-20T07:35:16+08:00,FJ-03,992,2.3,2.1,58.8,0.24,43.1
2026-09-20T07:36:16+08:00,FJ-03,991,2.4,2.1,58.9,0.25,42.8
2026-09-20T07:37:16+08:00,FJ-03,991,2.3,2.1,59.4,0.25,43.0
2026-09-20T07:38:16+08:00,FJ-03,991,2.3,2.1,58.6,0.24,43.1
2026-09-20T07:39:16+08:00,FJ-03,989,2.3,2.2,59.8,0.25,42.8
2026-09-20T07:40:16+08:00,FJ-03,992,2.3,2.1,59.7,0.25,42.7
2026-09-20T07:41:16+08:00,FJ-03,991,2.3,2.2,58.5,0.25,43.3
2026-09-20T07:42:16+08:00,FJ-03,991,2.3,2.1,59.0,0.25,43.2
2026-09-20T07:43:16+08:00,FJ-03,990,2.2,2.2,58.9,0.25,43.5
2026-09-20T07:44:16+08:00,FJ-03,992,2.3,2.1,59.6,0.25,43.0
2026-09-20T07:45:16+08:00,FJ-03,992,2.3,2.1,59.5,0.25,42.8
2026-09-20T07:46:16+08:00,FJ-03,989,2.3,2.2,59.3,0.26,43.0
2026-09-20T07:47:16+08:00,FJ-03,991,2.3,2.1,59.5,0.25,43.4
2026-09-20T07:48:16+08:00,FJ-03,991,2.3,2.1,59.7,0.25,43.3
2026-09-20T07:49:16+08:00,FJ-03,992,2.3,2.2,58.6,0.24,42.8
2026-09-20T07:50:16+08:00,FJ-03,990,2.3,2.2,59.5,0.25,42.3
2026-09-20T07:51:16+08:00,FJ-03,991,2.3,2.1,58.6,0.25,42.9
2026-09-20T07:52:16+08:00,FJ-03,991,2.4,2.1,59.4,0.24,43.1
2026-09-20T07:53:16+08:00,FJ-03,990,2.3,2.1,58.8,0.25,42.7
2026-09-20T07:54:16+08:00,FJ-03,990,2.2,2.1,60.0,0.25,42.7
2026-09-20T07:55:16+08:00,FJ-03,993,2.3,2.1,58.8,0.25,42.2
2026-09-20T07:56:16+08:00,FJ-03,991,2.3,2.1,59.5,0.25,43.3
2026-09-20T07:57:16+08:00,FJ-03,990,2.3,2.1,60.0,0.25,43.4
2026-09-20T07:58:16+08:00,FJ-03,990,2.3,2.1,58.8,0.25,43.0
2026-09-20T07:59:16+08:00,FJ-03,991,2.3,2.1,59.7,0.25,43.1
2026-09-20T08:00:16+08:00,FJ-03,991,2.3,2.1,60.0,0.25,42.7
2026-09-20T08:01:16+08:00,FJ-03,990,2.3,2.1,59.3,0.25,43.3
2026-09-20T08:02:16+08:00,FJ-03,990,2.3,2.2,58.9,0.25,42.9
2026-09-20T08:03:16+08:00,FJ-03,990,2.3,2.1,59.4,0.25,42.4
2026-09-20T08:04:16+08:00,FJ-03,990,2.3,2.1,60.0,0.25,42.6
2026-09-20T08:05:16+08:00,FJ-03,991,2.2,2.2,59.2,0.25,42.9
2026-09-20T08:06:16+08:00,FJ-03,992,2.3,2.1,59.4,0.25,42.6
2026-09-20T08:07:16+08:00,FJ-03,991,2.3,2.1,59.9,0.25,42.9
2026-09-20T08:08:16+08:00,FJ-03,990,2.4,2.2,59.8,0.25,43.3
2026-09-20T08:09:16+08:00,FJ-03,991,2.3,2.1,59.4,0.25,42.3
2026-09-20T08:10:16+08:00,FJ-03,991,2.3,2.1,59.9,0.25,42.9
2026-09-20T08:11:16+08:00,FJ-03,991,2.3,2.1,59.2,0.25,43.2
2026-09-20T08:12:16+08:00,FJ-03,990,2.3,2.1,59.7,0.25,43.1
2026-09-20T08:13:16+08:00,FJ-03,991,2.3,2.2,59.0,0.25,43.0
2026-09-20T08:14:16+08:00,FJ-03,990,2.3,2.1,59.1,0.25,42.4
2026-09-20T08:15:16+08:00,FJ-03,990,2.3,2.1,60.0,0.25,42.4
2026-09-20T08:16:16+08:00,FJ-03,990,2.3,2.2,58.9,0.25,43.4
2026-09-20T08:17:16+08:00,FJ-03,990,2.3,2.2,59.5,0.25,42.9
2026-09-20T08:18:16+08:00,FJ-03,990,2.2,2.1,59.4,0.25,42.7
2026-09-20T08:19:16+08:00,FJ-03,992,2.3,2.2,59.7,0.25,42.2
2026-09-20T08:20:16+08:00,FJ-03,992,2.3,2.2,59.1,0.25,42.7
2026-09-20T08:21:16+08:00,FJ-03,991,2.3,2.1,59.5,0.25,43.3
2026-09-20T08:22:16+08:00,FJ-03,991,2.3,2.2,60.0,0.25,43.0
2026-09-20T08:23:16+08:00,FJ-03,991,2.3,2.1,59.2,0.25,43.1
2026-09-20T08:24:16+08:00,FJ-03,991,2.3,2.2,59.6,0.25,42.7
2026-09-20T08:25:16+08:00,FJ-03,990,2.3,2.0,59.0,0.25,42.9
2026-09-20T08:26:16+08:00,FJ-03,992,2.2,2.2,58.4,0.25,43.0
2026-09-20T08:27:16+08:00,FJ-03,989,2.3,2.1,59.0,0.25,42.6
2026-09-20T08:28:16+08:00,FJ-03,991,2.3,2.1,59.7,0.25,42.9
2026-09-20T08:29:16+08:00,FJ-03,991,2.3,2.1,59.8,0.25,43.0
2026-09-20T08:30:16+08:00,FJ-03,991,2.3,2.1,59.7,0.24,42.6
2026-09-20T08:31:16+08:00,FJ-03,991,2.3,2.1,59.0,0.25,43.1
2026-09-20T08:32:16+08:00,FJ-03,990,2.3,2.2,59.8,0.25,43.1
2026-09-20T08:33:16+08:00,FJ-03,991,2.3,2.1,58.8,0.25,43.0
2026-09-20T08:34:16+08:00,FJ-03,991,2.3,2.2,59.5,0.25,43.0
2026-09-20T08:35:16+08:00,FJ-03,991,2.4,2.1,59.6,0.25,42.7
2026-09-20T08:36:16+08:00,FJ-03,990,2.3,2.1,59.2,0.25,42.6
2026-09-20T08:37:16+08:00,FJ-03,992,2.4,2.1,59.7,0.25,42.2
2026-09-20T08:38:16+08:00,FJ-03,991,2.3,2.2,59.4,0.24,42.6
2026-09-20T08:39:16+08:00,FJ-03,991,2.3,2.2,58.8,0.25,42.8
2026-09-20T08:40:16+08:00,FJ-03,992,2.3,2.1,59.6,0.24,42.7
2026-09-20T08:41:16+08:00,FJ-03,992,2.2,2.1,59.1,0.25,42.9
2026-09-20T08:42:16+08:00,FJ-03,991,2.3,2.2,58.6,0.25,42.9
2026-09-20T08:43:16+08:00,FJ-03,993,2.3,2.1,59.6,0.26,43.1
2026-09-20T08:44:16+08:00,FJ-03,990,2.3,2.1,59.0,0.24,43.0
2026-09-20T08:45:16+08:00,FJ-03,992,2.3,2.1,58.9,0.25,43.0
2026-09-20T08:46:16+08:00,FJ-03,991,2.3,2.1,59.5,0.24,42.7
2026-09-20T08:47:16+08:00,FJ-03,990,2.2,2.1,59.4,0.25,42.8
2026-09-20T08:48:16+08:00,FJ-03,991,2.3,2.2,59.5,0.25,42.7
2026-09-20T08:49:16+08:00,FJ-03,992,2.3,2.2,58.5,0.25,43.4
2026-09-20T08:50:16+08:00,FJ-03,991,2.3,2.1,60.0,0.26,42.5
2026-09-20T08:51:16+08:00,FJ-03,990,2.3,2.1,58.9,0.25,42.9
2026-09-20T08:52:16+08:00,FJ-03,991,2.3,2.1,59.6,0.25,43.0
2026-09-20T08:53:16+08:00,FJ-03,990,2.3,2.2,58.8,0.25,43.3
2026-09-20T08:54:16+08:00,FJ-03,990,2.3,2.1,59.8,0.25,42.9
2026-09-20T08:55:16+08:00,FJ-03,991,2.2,2.1,59.8,0.25,42.9
2026-09-20T08:56:16+08:00,FJ-03,993,2.3,2.2,59.2,0.24,43.1
2026-09-20T08:57:16+08:00,FJ-03,992,2.3,2.1,59.3,0.24,42.8
2026-09-20T08:58:16+08:00,FJ-03,991,2.3,2.1,60.0,0.25,42.6
2026-09-20T08:59:16+08:00,FJ-03,992,2.3,2.1,59.7,0.25,42.9
2026-09-20T09:00:16+08:00,FJ-03,991,2.2,2.2,59.1,0.25,43.0
2026-09-20T09:01:16+08:00,FJ-03,992,2.3,2.2,60.0,0.25,42.9
2026-09-20T09:02:16+08:00,FJ-03,991,2.3,2.2,59.1,0.25,42.9
2026-09-20T09:03:16+08:00,FJ-03,990,2.4,2.2,60.0,0.25,42.9
2026-09-20T09:04:16+08:00,FJ-03,990,2.2,2.1,60.0,0.25,42.8
2026-09-20T09:05:16+08:00,FJ-03,990,2.2,2.1,58.6,0.25,42.6
2026-09-20T09:06:16+08:00,FJ-03,991,2.3,2.2,58.5,0.25,42.5
2026-09-20T09:07:16+08:00,FJ-03,989,2.3,2.0,59.0,0.25,43.1
2026-09-20T09:08:16+08:00,FJ-03,990,2.4,2.2,59.4,0.25,43.2
2026-09-20T09:09:16+08:00,FJ-03,991,2.3,2.1,59.0,0.25,43.0
2026-09-20T09:10:16+08:00,FJ-03,991,2.3,2.1,59.2,0.25,42.9
2026-09-20T09:11:16+08:00,FJ-03,991,2.4,2.1,59.5,0.25,42.8
2026-09-20T09:12:16+08:00,FJ-03,991,2.3,2.2,59.5,0.25,42.5
2026-09-20T09:13:16+08:00,FJ-03,992,2.3,2.2,59.5,0.25,43.1
2026-09-20T09:14:16+08:00,FJ-03,990,2.4,2.1,59.5,0.25,42.9
2026-09-20T09:15:16+08:00,FJ-03,991,2.3,2.2,59.4,0.25,42.5
2026-09-20T09:16:16+08:00,FJ-03,992,2.3,2.1,59.3,0.24,42.8
2026-09-20T09:17:16+08:00,FJ-03,990,2.3,2.1,59.0,0.25,42.9
2026-09-20T09:18:16+08:00,FJ-03,991,2.3,2.2,59.2,0.25,42.9
2026-09-20T09:19:16+08:00,FJ-03,992,2.3,2.1,59.9,0.25,42.9
2026-09-20T09:20:16+08:00,FJ-03,992,2.2,2.2,59.3,0.25,43.4
2026-09-20T09:21:16+08:00,FJ-03,990,2.2,2.2,59.4,0.25,43.1
2026-09-20T09:22:16+08:00,FJ-03,991,2.3,2.1,58.8,0.25,42.8
2026-09-20T09:23:16+08:00,FJ-03,990,2.3,2.2,60.0,0.25,42.8
2026-09-20T09:24:16+08:00,FJ-03,993,2.3,2.2,58.4,0.25,43.4
2026-09-20T09:25:16+08:00,FJ-03,990,2.3,2.1,59.4,0.25,42.8
2026-09-20T09:26:16+08:00,FJ-03,991,2.3,2.1,59.6,0.25,43.1
2026-09-20T09:27:16+08:00,FJ-03,991,2.2,2.1,59.4,0.25,43.2
2026-09-20T09:28:16+08:00,FJ-03,990,2.4,2.1,60.0,0.25,43.1
2026-09-20T09:29:16+08:00,FJ-03,992,2.3,2.1,58.8,0.25,42.8
2026-09-20T09:30:16+08:00,FJ-03,990,2.3,2.1,59.8,0.25,43.3
2026-09-20T09:31:16+08:00,FJ-03,992,2.2,2.2,59.2,0.25,43.1
2026-09-20T09:32:16+08:00,FJ-03,991,2.3,2.2,59.2,0.25,42.8
2026-09-20T09:33:16+08:00,FJ-03,990,2.3,2.1,59.5,0.25,42.8
2026-09-20T09:34:16+08:00,FJ-03,992,2.3,2.1,60.0,0.25,42.5
2026-09-20T09:35:16+08:00,FJ-03,990,2.3,2.1,58.7,0.25,43.0
2026-09-20T09:36:16+08:00,FJ-03,992,2.3,2.1,59.1,0.25,43.5
2026-09-20T09:37:16+08:00,FJ-03,992,2.3,2.1,59.7,0.25,43.1
2026-09-20T09:38:16+08:00,FJ-03,992,2.3,2.2,58.9,0.25,42.6
2026-09-20T09:39:16+08:00,FJ-03,992,2.3,2.2,59.8,0.25,42.7
2026-09-20T09:40:16+08:00,FJ-03,991,2.3,2.1,59.1,0.24,43.1
2026-09-20T09:41:16+08:00,FJ-03,990,2.3,2.1,59.3,0.26,42.7
2026-09-20T09:42:16+08:00,FJ-03,990,2.3,2.2,60.0,0.25,43.4
2026-09-20T09:43:16+08:00,FJ-03,991,2.3,2.1,59.1,0.25,43.3
2026-09-20T09:44:16+08:00,FJ-03,991,2.3,2.2,58.9,0.25,42.4
2026-09-20T09:45:16+08:00,FJ-03,990,2.3,2.1,59.9,0.25,43.3
2026-09-20T09:46:16+08:00,FJ-03,991,2.3,2.1,59.9,0.25,42.9
2026-09-20T09:47:16+08:00,FJ-03,991,2.3,2.2,59.6,0.25,42.6
2026-09-20T09:48:16+08:00,FJ-03,991,2.3,2.2,59.5,0.25,43.6
2026-09-20T09:49:16+08:00,FJ-03,992,2.3,2.1,59.2,0.25,43.3
2026-09-20T09:50:16+08:00,FJ-03,991,2.2,2.2,59.3,0.25,42.7
2026-09-20T09:51:16+08:00,FJ-03,991,2.2,2.2,59.4,0.25,43.0
2026-09-20T09:52:16+08:00,FJ-03,991,2.3,2.1,59.8,0.25,43.4
2026-09-20T09:53:16+08:00,FJ-03,990,2.2,2.2,59.3,0.26,42.7
2026-09-20T09:54:16+08:00,FJ-03,992,2.4,2.1,59.3,0.25,42.9
2026-09-20T09:55:16+08:00,FJ-03,990,2.3,2.2,60.0,0.24,42.5
2026-09-20T09:56:16+08:00,FJ-03,991,2.3,2.1,60.0,0.25,43.1
2026-09-20T09:57:16+08:00,FJ-03,990,2.3,2.2,58.5,0.25,43.6
2026-09-20T09:58:16+08:00,FJ-03,991,2.3,2.1,59.3,0.25,42.8
2026-09-20T09:59:16+08:00,FJ-03,990,2.3,2.1,59.6,0.25,42.8
2026-09-20T10:00:16+08:00,FJ-03,990,2.3,2.2,59.6,0.25,43.3
2026-09-20T10:01:16+08:00,FJ-03,991,2.3,2.1,59.6,0.25,43.3
2026-09-20T10:02:16+08:00,FJ-03,991,2.3,2.1,58.3,0.25,42.4
2026-09-20T10:03:16+08:00,FJ-03,990,2.3,2.1,59.6,0.25,43.1
2026-09-20T10:04:16+08:00,FJ-03,992,2.3,2.1,60.0,0.25,43.2
2026-09-20T10:05:16+08:00,FJ-03,991,2.3,2.2,60.0,0.25,43.0
2026-09-20T10:06:16+08:00,FJ-03,992,2.3,2.2,59.3,0.25,42.9
2026-09-20T10:07:16+08:00,FJ-03,991,2.3,2.1,59.3,0.25,43.4
2026-09-20T10:08:16+08:00,FJ-03,991,2.3,2.2,59.7,0.25,43.1
2026-09-20T10:09:16+08:00,FJ-03,992,2.2,2.2,59.5,0.25,43.4
2026-09-20T10:10:16+08:00,FJ-03,991,2.3,2.2,58.9,0.25,42.9
2026-09-20T10:11:16+08:00,FJ-03,992,2.3,2.1,59.2,0.25,42.4
2026-09-20T10:12:16+08:00,FJ-03,991,2.3,2.1,59.3,0.25,42.8
2026-09-20T10:13:16+08:00,FJ-03,991,2.3,2.1,59.8,0.25,42.8
2026-09-20T10:14:16+08:00,FJ-03,990,2.4,2.1,60.0,0.25,43.2
2026-09-20T10:15:16+08:00,FJ-03,990,2.4,2.1,59.7,0.25,43.0
2026-09-20T10:16:16+08:00,FJ-03,989,2.3,2.2,59.8,0.25,42.7
2026-09-20T10:17:16+08:00,FJ-03,992,2.3,2.1,59.0,0.26,42.6
2026-09-20T10:18:16+08:00,FJ-03,991,2.3,2.2,59.4,0.25,43.0
2026-09-20T10:19:16+08:00,FJ-03,991,2.3,2.1,59.2,0.25,42.9
2026-09-20T10:20:16+08:00,FJ-03,990,2.2,2.2,59.4,0.25,42.8
2026-09-20T10:21:16+08:00,FJ-03,991,2.3,2.1,59.3,0.24,42.8
2026-09-20T10:22:16+08:00,FJ-03,990,2.3,2.1,59.5,0.25,43.3
2026-09-20T10:23:16+08:00,FJ-03,990,2.3,2.1,59.3,0.24,42.5
2026-09-20T10:24:16+08:00,FJ-03,991,2.3,2.1,59.2,0.25,43.1
2026-09-20T10:25:16+08:00,FJ-03,991,2.3,2.1,58.9,0.25,43.7
2026-09-20T10:26:16+08:00,FJ-03,992,2.3,2.1,59.6,0.25,42.5
2026-09-20T10:27:16+08:00,FJ-03,992,2.3,2.1,59.7,0.25,42.9
2026-09-20T10:28:16+08:00,FJ-03,991,2.3,2.1,59.2,0.25,43.0
2026-09-20T10:29:16+08:00,FJ-03,991,2.4,2.2,59.9,0.25,42.9
2026-09-20T10:30:16+08:00,FJ-03,990,2.3,2.1,59.2,0.25,43.4
2026-09-20T10:31:16+08:00,FJ-03,989,2.2,2.1,60.0,0.24,42.4
2026-09-20T10:32:16+08:00,FJ-03,991,2.3,2.2,58.5,0.25,42.9
2026-09-20T10:33:16+08:00,FJ-03,990,2.4,2.2,59.7,0.25,42.9
2026-09-20T10:34:16+08:00,FJ-03,992,2.3,2.1,59.2,0.24,42.6
2026-09-20T10:35:16+08:00,FJ-03,991,2.3,2.1,58.5,0.25,43.1
2026-09-20T10:36:16+08:00,FJ-03,991,2.3,2.1,59.0,0.25,42.4
2026-09-20T10:37:16+08:00,FJ-03,990,2.3,2.2,59.1,0.25,42.9
2026-09-20T10:38:16+08:00,FJ-03,990,2.3,2.1,59.4,0.25,42.8
2026-09-20T10:39:16+08:00,FJ-03,991,2.3,2.2,59.9,0.25,42.7
2026-09-20T10:40:16+08:00,FJ-03,991,2.3,2.2,59.3,0.25,42.8
2026-09-20T10:41:16+08:00,FJ-03,989,2.2,2.2,59.6,0.25,42.7
2026-09-20T10:42:16+08:00,FJ-03,993,2.3,2.1,59.0,0.25,43.5
2026-09-20T10:43:16+08:00,FJ-03,991,2.2,2.2,59.6,0.25,42.3
2026-09-20T10:44:16+08:00,FJ-03,991,2.3,2.1,59.6,0.25,43.2
2026-09-20T10:45:16+08:00,FJ-03,991,2.4,2.1,59.2,0.25,42.7
2026-09-20T10:46:16+08:00,FJ-03,990,2.3,2.2,59.5,0.25,43.0
2026-09-20T10:47:16+08:00,FJ-03,990,2.4,2.2,59.6,0.24,42.8
2026-09-20T10:48:16+08:00,FJ-03,990,2.3,2.2,59.2,0.25,43.0
2026-09-20T10:49:16+08:00,FJ-03,991,2.2,2.1,59.8,0.25,43.0
2026-09-20T10:50:16+08:00,FJ-03,992,2.3,2.2,59.2,0.25,43.4
2026-09-20T10:51:16+08:00,FJ-03,990,2.3,2.2,59.9,0.25,42.5
2026-09-20T10:52:16+08:00,FJ-03,991,2.3,2.2,58.6,0.25,42.7
2026-09-20T10:53:16+08:00,FJ-03,992,2.3,2.2,59.7,0.25,43.2
2026-09-20T10:54:16+08:00,FJ-03,991,2.3,2.2,59.4,0.25,43.0
2026-09-20T10:55:16+08:00,FJ-03,992,2.3,2.2,59.5,0.25,42.5
2026-09-20T10:56:16+08:00,FJ-03,993,2.3,2.1,59.1,0.25,42.4
2026-09-20T10:57:16+08:00,FJ-03,993,2.3,2.1,59.7,0.25,42.8
2026-09-20T10:58:16+08:00,FJ-03,990,2.3,2.1,59.0,0.26,42.8
2026-09-20T10:59:16+08:00,FJ-03,990,2.3,2.1,59.4,0.25,42.9
2026-09-20T11:00:16+08:00,FJ-03,992,2.3,2.1,59.1,0.26,42.9
2026-09-20T11:01:16+08:00,FJ-03,991,2.3,2.2,59.5,0.25,43.1
2026-09-20T11:02:16+08:00,FJ-03,991,2.3,2.1,59.5,0.25,43.4
2026-09-20T11:03:16+08:00,FJ-03,991,2.3,2.2,58.5,0.25,43.4
2026-09-20T11:04:16+08:00,FJ-03,992,2.3,2.1,59.4,0.25,42.7
2026-09-20T11:05:16+08:00,FJ-03,992,2.3,2.2,59.5,0.25,43.6
2026-09-20T11:06:16+08:00,FJ-03,990,2.4,2.1,59.0,0.25,43.1
2026-09-20T11:07:16+08:00,FJ-03,990,2.3,2.2,59.4,0.25,42.9
2026-09-20T11:08:16+08:00,FJ-03,990,2.3,2.1,59.5,0.24,42.7
2026-09-20T11:09:16+08:00,FJ-03,990,2.3,2.1,59.9,0.25,42.7
2026-09-20T11:10:16+08:00,FJ-03,990,2.3,2.2,59.2,0.25,42.8
2026-09-20T11:11:16+08:00,FJ-03,992,2.3,2.1,59.3,0.26,43.1
2026-09-20T11:12:16+08:00,FJ-03,991,2.4,2.1,59.5,0.25,43.1
2026-09-20T11:13:16+08:00,FJ-03,991,2.3,2.2,60.0,0.25,42.4
2026-09-20T11:14:16+08:00,FJ-03,991,2.3,2.2,59.6,0.25,42.7
2026-09-20T11:15:16+08:00,FJ-03,992,2.3,2.2,59.3,0.25,42.5
2026-09-20T11:16:16+08:00,FJ-03,989,2.3,2.2,59.7,0.25,43.4
2026-09-20T11:17:16+08:00,FJ-03,991,2.3,2.1,59.8,0.25,43.3
2026-09-20T11:18:16+08:00,FJ-03,992,2.3,2.1,59.3,0.25,42.7
2026-09-20T11:19:16+08:00,FJ-03,991,2.4,2.1,60.0,0.25,43.3
2026-09-20T11:20:16+08:00,FJ-03,991,2.3,2.1,59.4,0.25,42.7
